ISO-10303-21;
HEADER;
/* Generated by software containing ST-Developer
 * from STEP Tools, Inc. (www.steptools.com) 
 */
/* OPTION: using custom schema-name function */

FILE_DESCRIPTION(
/* description */ (''),
/* implementation_level */ '2;1');

FILE_NAME(
/* name */ '532610771wbm000_03_214.stp',
/* time_stamp */ '2023-11-21T08:38:58+05:00',
/* author */ (''),
/* organization */ (''),
/* preprocessor_version */ 'ST-DEVELOPER v16.7',
/* originating_system */ 'SIEMENS PLM Software NX 1919',
/* authorisation */ '');

FILE_SCHEMA (('AUTOMOTIVE_DESIGN { 1 0 10303 214 3 1 1 1 }'));
ENDSEC;

DATA;
#10=SHAPE_REPRESENTATION_RELATIONSHIP('None',
'relationship between 532610771wbm000_03-None and 532610771wbm000_03-N
one',#22,#11);
#11=ADVANCED_BREP_SHAPE_REPRESENTATION('532610771wbm000_03-None',(#32),
#7173);
#12=SHAPE_DEFINITION_REPRESENTATION(#13,#22);
#13=PRODUCT_DEFINITION_SHAPE('','',#14);
#14=PRODUCT_DEFINITION(' ','',#16,#15);
#15=PRODUCT_DEFINITION_CONTEXT('part definition',#21,'design');
#16=PRODUCT_DEFINITION_FORMATION_WITH_SPECIFIED_SOURCE(' ',' ',#18,
 .NOT_KNOWN.);
#17=PRODUCT_RELATED_PRODUCT_CATEGORY('part','',(#18));
#18=PRODUCT('532610771wbm000_03','532610771wbm000_03',' ',(#19));
#19=PRODUCT_CONTEXT(' ',#21,'mechanical');
#20=APPLICATION_PROTOCOL_DEFINITION('international standard',
'automotive_design',2010,#21);
#21=APPLICATION_CONTEXT(
'core data for automotive mechanical design processes');
#22=SHAPE_REPRESENTATION('532610771wbm000_03-None',(#4538),#7173);
#23=PRESENTATION_LAYER_ASSIGNMENT('1','Layer 1',(#32));
#24=STYLED_ITEM('',(#25),#32);
#25=PRESENTATION_STYLE_ASSIGNMENT((#26));
#26=SURFACE_STYLE_USAGE(.BOTH.,#27);
#27=SURFACE_SIDE_STYLE('',(#28));
#28=SURFACE_STYLE_FILL_AREA(#29);
#29=FILL_AREA_STYLE('',(#30));
#30=FILL_AREA_STYLE_COLOUR('',#31);
#31=COLOUR_RGB('Medium Steel',0.596063172350652,0.666666666666667,0.686259250782025);
#32=MANIFOLD_SOLID_BREP('',#33);
#33=CLOSED_SHELL('',(#78,#79,#80,#81,#82,#83,#84,#85,#86,#87,#88,#89,#90,
#91,#92,#93,#94,#95,#96,#97,#98,#99,#100,#101,#102,#103,#104,#105,#106,
#107,#108,#109,#110,#111,#112,#113,#114,#115,#116,#117,#118,#119,#120,#121,
#122,#123,#124,#125,#126,#127,#128,#129,#130,#131,#132,#133,#134,#135,#136,
#137,#138,#139,#140,#141,#142,#143,#144,#145,#146,#147,#148,#149,#150,#151,
#152,#153,#154,#155,#156,#157,#158,#159,#160,#161,#162,#163,#164,#165,#166,
#167,#168,#169,#170,#171,#172,#173,#174,#175,#176,#177,#178,#179,#180,#181,
#182,#183,#184,#185,#186,#187,#188,#189,#190,#191,#192,#193,#194,#195,#196,
#197,#198,#199,#200,#201,#202,#203,#204,#205,#206,#207,#208,#209,#210,#211,
#212,#213,#214,#215,#216,#217,#218,#219,#220,#221,#222,#223,#224,#225,#226,
#227,#228,#229,#230,#231,#232,#233,#234,#235,#236,#237,#238,#239,#240,#241,
#242,#243,#244,#245,#246,#247,#248,#249,#250,#251,#252,#253,#254,#255,#256,
#257,#258,#259,#260,#261,#262,#263,#264,#265,#266,#267,#268,#269,#270,#271,
#272,#273,#274,#275,#276,#277,#278,#279,#280,#281,#282,#283,#284,#285,#286,
#287,#288,#289,#290,#291,#292,#293,#294,#295,#296,#297,#298,#299,#300,#301,
#302,#303,#304,#305,#306,#307));
#34=CYLINDRICAL_SURFACE('',#4571,0.0999999999999997);
#35=CYLINDRICAL_SURFACE('',#4576,0.100000000000001);
#36=CYLINDRICAL_SURFACE('',#4582,0.100000000000001);
#37=CYLINDRICAL_SURFACE('',#4588,0.1);
#38=CYLINDRICAL_SURFACE('',#4658,0.2);
#39=CYLINDRICAL_SURFACE('',#4663,0.45);
#40=CYLINDRICAL_SURFACE('',#4668,0.2);
#41=CYLINDRICAL_SURFACE('',#4670,0.449999999999999);
#42=CIRCLE('',#4570,0.0999999999999997);
#43=CIRCLE('',#4575,0.100000000000001);
#44=CIRCLE('',#4581,0.100000000000001);
#45=CIRCLE('',#4587,0.1);
#46=CIRCLE('',#4605,0.45);
#47=CIRCLE('',#4606,0.2);
#48=CIRCLE('',#4615,0.2);
#49=CIRCLE('',#4616,0.449999999999999);
#50=CIRCLE('',#4657,0.2);
#51=CIRCLE('',#4662,0.45);
#52=CIRCLE('',#4667,0.2);
#53=CIRCLE('',#4669,0.449999999999999);
#54=ELLIPSE('',#4569,0.120185042515466,0.0999999999999997);
#55=ELLIPSE('',#4574,0.120185042515468,0.100000000000001);
#56=ELLIPSE('',#4580,0.120185042515467,0.100000000000001);
#57=ELLIPSE('',#4586,0.120185042515466,0.1);
#58=FACE_BOUND('',#763,.T.);
#59=FACE_BOUND('',#764,.T.);
#60=FACE_BOUND('',#767,.T.);
#61=FACE_BOUND('',#768,.T.);
#62=FACE_BOUND('',#769,.T.);
#63=FACE_BOUND('',#770,.T.);
#64=FACE_BOUND('',#771,.T.);
#65=FACE_BOUND('',#772,.T.);
#66=FACE_BOUND('',#773,.T.);
#67=FACE_BOUND('',#774,.T.);
#68=FACE_BOUND('',#775,.T.);
#69=FACE_BOUND('',#776,.T.);
#70=FACE_BOUND('',#808,.T.);
#71=FACE_BOUND('',#809,.T.);
#72=FACE_BOUND('',#810,.T.);
#73=FACE_BOUND('',#811,.T.);
#74=FACE_BOUND('',#812,.T.);
#75=FACE_BOUND('',#813,.T.);
#76=FACE_BOUND('',#814,.T.);
#77=FACE_BOUND('',#815,.T.);
#78=ADVANCED_FACE('',(#530),#308,.F.);
#79=ADVANCED_FACE('',(#531),#309,.F.);
#80=ADVANCED_FACE('',(#532),#310,.F.);
#81=ADVANCED_FACE('',(#533),#311,.F.);
#82=ADVANCED_FACE('',(#534),#312,.F.);
#83=ADVANCED_FACE('',(#535),#313,.F.);
#84=ADVANCED_FACE('',(#536),#314,.F.);
#85=ADVANCED_FACE('',(#58,#59),#315,.F.);
#86=ADVANCED_FACE('',(#537),#316,.F.);
#87=ADVANCED_FACE('',(#538),#317,.F.);
#88=ADVANCED_FACE('',(#60,#61,#62,#63,#64,#65,#66,#67),#318,.F.);
#89=ADVANCED_FACE('',(#68,#69),#319,.T.);
#90=ADVANCED_FACE('',(#539),#320,.F.);
#91=ADVANCED_FACE('',(#540),#321,.F.);
#92=ADVANCED_FACE('',(#541),#322,.F.);
#93=ADVANCED_FACE('',(#542),#323,.T.);
#94=ADVANCED_FACE('',(#543),#324,.F.);
#95=ADVANCED_FACE('',(#544),#325,.F.);
#96=ADVANCED_FACE('',(#545),#326,.F.);
#97=ADVANCED_FACE('',(#546),#327,.T.);
#98=ADVANCED_FACE('',(#547),#328,.F.);
#99=ADVANCED_FACE('',(#548),#329,.F.);
#100=ADVANCED_FACE('',(#549),#330,.F.);
#101=ADVANCED_FACE('',(#550),#331,.T.);
#102=ADVANCED_FACE('',(#551),#332,.F.);
#103=ADVANCED_FACE('',(#552),#333,.F.);
#104=ADVANCED_FACE('',(#553),#334,.F.);
#105=ADVANCED_FACE('',(#554),#335,.T.);
#106=ADVANCED_FACE('',(#555),#336,.F.);
#107=ADVANCED_FACE('',(#556),#337,.F.);
#108=ADVANCED_FACE('',(#557),#34,.T.);
#109=ADVANCED_FACE('',(#558),#338,.F.);
#110=ADVANCED_FACE('',(#559),#339,.F.);
#111=ADVANCED_FACE('',(#560),#35,.T.);
#112=ADVANCED_FACE('',(#561),#340,.F.);
#113=ADVANCED_FACE('',(#562),#341,.F.);
#114=ADVANCED_FACE('',(#563),#342,.F.);
#115=ADVANCED_FACE('',(#564),#36,.T.);
#116=ADVANCED_FACE('',(#565),#343,.F.);
#117=ADVANCED_FACE('',(#566),#344,.F.);
#118=ADVANCED_FACE('',(#567),#345,.F.);
#119=ADVANCED_FACE('',(#568),#37,.T.);
#120=ADVANCED_FACE('',(#569),#346,.F.);
#121=ADVANCED_FACE('',(#70,#71,#72,#73,#74,#75,#76,#77),#347,.F.);
#122=ADVANCED_FACE('',(#570),#348,.T.);
#123=ADVANCED_FACE('',(#571),#349,.F.);
#124=ADVANCED_FACE('',(#572),#350,.F.);
#125=ADVANCED_FACE('',(#573),#351,.F.);
#126=ADVANCED_FACE('',(#574),#352,.F.);
#127=ADVANCED_FACE('',(#575),#353,.F.);
#128=ADVANCED_FACE('',(#576),#354,.T.);
#129=ADVANCED_FACE('',(#577),#355,.T.);
#130=ADVANCED_FACE('',(#578),#356,.T.);
#131=ADVANCED_FACE('',(#579),#357,.T.);
#132=ADVANCED_FACE('',(#580),#358,.T.);
#133=ADVANCED_FACE('',(#581),#359,.T.);
#134=ADVANCED_FACE('',(#582),#360,.T.);
#135=ADVANCED_FACE('',(#583),#361,.F.);
#136=ADVANCED_FACE('',(#584),#362,.T.);
#137=ADVANCED_FACE('',(#585),#363,.T.);
#138=ADVANCED_FACE('',(#586),#364,.T.);
#139=ADVANCED_FACE('',(#587),#365,.T.);
#140=ADVANCED_FACE('',(#588),#366,.T.);
#141=ADVANCED_FACE('',(#589),#367,.T.);
#142=ADVANCED_FACE('',(#590),#368,.T.);
#143=ADVANCED_FACE('',(#591),#369,.F.);
#144=ADVANCED_FACE('',(#592),#370,.T.);
#145=ADVANCED_FACE('',(#593),#371,.F.);
#146=ADVANCED_FACE('',(#594),#372,.F.);
#147=ADVANCED_FACE('',(#595),#373,.F.);
#148=ADVANCED_FACE('',(#596),#374,.F.);
#149=ADVANCED_FACE('',(#597),#375,.F.);
#150=ADVANCED_FACE('',(#598),#376,.F.);
#151=ADVANCED_FACE('',(#599),#377,.F.);
#152=ADVANCED_FACE('',(#600),#378,.F.);
#153=ADVANCED_FACE('',(#601),#379,.F.);
#154=ADVANCED_FACE('',(#602),#380,.F.);
#155=ADVANCED_FACE('',(#603),#381,.F.);
#156=ADVANCED_FACE('',(#604),#382,.F.);
#157=ADVANCED_FACE('',(#605),#383,.F.);
#158=ADVANCED_FACE('',(#606),#384,.F.);
#159=ADVANCED_FACE('',(#607),#385,.T.);
#160=ADVANCED_FACE('',(#608),#386,.T.);
#161=ADVANCED_FACE('',(#609),#387,.T.);
#162=ADVANCED_FACE('',(#610),#388,.T.);
#163=ADVANCED_FACE('',(#611),#389,.T.);
#164=ADVANCED_FACE('',(#612),#390,.T.);
#165=ADVANCED_FACE('',(#613),#391,.T.);
#166=ADVANCED_FACE('',(#614),#392,.F.);
#167=ADVANCED_FACE('',(#615),#393,.F.);
#168=ADVANCED_FACE('',(#616),#394,.F.);
#169=ADVANCED_FACE('',(#617),#395,.F.);
#170=ADVANCED_FACE('',(#618),#396,.T.);
#171=ADVANCED_FACE('',(#619),#397,.F.);
#172=ADVANCED_FACE('',(#620),#398,.F.);
#173=ADVANCED_FACE('',(#621),#399,.F.);
#174=ADVANCED_FACE('',(#622),#400,.F.);
#175=ADVANCED_FACE('',(#623),#401,.T.);
#176=ADVANCED_FACE('',(#624),#402,.F.);
#177=ADVANCED_FACE('',(#625),#403,.F.);
#178=ADVANCED_FACE('',(#626),#404,.F.);
#179=ADVANCED_FACE('',(#627),#405,.F.);
#180=ADVANCED_FACE('',(#628),#406,.F.);
#181=ADVANCED_FACE('',(#629),#407,.F.);
#182=ADVANCED_FACE('',(#630),#408,.F.);
#183=ADVANCED_FACE('',(#631),#409,.F.);
#184=ADVANCED_FACE('',(#632),#38,.F.);
#185=ADVANCED_FACE('',(#633),#410,.T.);
#186=ADVANCED_FACE('',(#634),#411,.T.);
#187=ADVANCED_FACE('',(#635),#412,.T.);
#188=ADVANCED_FACE('',(#636),#39,.T.);
#189=ADVANCED_FACE('',(#637),#413,.T.);
#190=ADVANCED_FACE('',(#638),#414,.T.);
#191=ADVANCED_FACE('',(#639),#415,.T.);
#192=ADVANCED_FACE('',(#640),#40,.F.);
#193=ADVANCED_FACE('',(#641),#41,.T.);
#194=ADVANCED_FACE('',(#642),#416,.T.);
#195=ADVANCED_FACE('',(#643),#417,.T.);
#196=ADVANCED_FACE('',(#644),#418,.F.);
#197=ADVANCED_FACE('',(#645),#419,.F.);
#198=ADVANCED_FACE('',(#646),#420,.F.);
#199=ADVANCED_FACE('',(#647),#421,.F.);
#200=ADVANCED_FACE('',(#648),#422,.F.);
#201=ADVANCED_FACE('',(#649),#423,.F.);
#202=ADVANCED_FACE('',(#650),#424,.F.);
#203=ADVANCED_FACE('',(#651),#425,.F.);
#204=ADVANCED_FACE('',(#652),#426,.T.);
#205=ADVANCED_FACE('',(#653),#427,.F.);
#206=ADVANCED_FACE('',(#654),#428,.F.);
#207=ADVANCED_FACE('',(#655),#429,.F.);
#208=ADVANCED_FACE('',(#656),#430,.F.);
#209=ADVANCED_FACE('',(#657),#431,.F.);
#210=ADVANCED_FACE('',(#658),#432,.F.);
#211=ADVANCED_FACE('',(#659),#433,.T.);
#212=ADVANCED_FACE('',(#660),#434,.F.);
#213=ADVANCED_FACE('',(#661),#435,.F.);
#214=ADVANCED_FACE('',(#662),#436,.F.);
#215=ADVANCED_FACE('',(#663),#437,.F.);
#216=ADVANCED_FACE('',(#664),#438,.F.);
#217=ADVANCED_FACE('',(#665),#439,.F.);
#218=ADVANCED_FACE('',(#666),#440,.T.);
#219=ADVANCED_FACE('',(#667),#441,.F.);
#220=ADVANCED_FACE('',(#668),#442,.F.);
#221=ADVANCED_FACE('',(#669),#443,.F.);
#222=ADVANCED_FACE('',(#670),#444,.F.);
#223=ADVANCED_FACE('',(#671),#445,.F.);
#224=ADVANCED_FACE('',(#672),#446,.F.);
#225=ADVANCED_FACE('',(#673),#447,.T.);
#226=ADVANCED_FACE('',(#674),#448,.F.);
#227=ADVANCED_FACE('',(#675),#449,.F.);
#228=ADVANCED_FACE('',(#676),#450,.F.);
#229=ADVANCED_FACE('',(#677),#451,.F.);
#230=ADVANCED_FACE('',(#678),#452,.F.);
#231=ADVANCED_FACE('',(#679),#453,.F.);
#232=ADVANCED_FACE('',(#680),#454,.T.);
#233=ADVANCED_FACE('',(#681),#455,.F.);
#234=ADVANCED_FACE('',(#682),#456,.F.);
#235=ADVANCED_FACE('',(#683),#457,.F.);
#236=ADVANCED_FACE('',(#684),#458,.F.);
#237=ADVANCED_FACE('',(#685),#459,.F.);
#238=ADVANCED_FACE('',(#686),#460,.F.);
#239=ADVANCED_FACE('',(#687),#461,.T.);
#240=ADVANCED_FACE('',(#688),#462,.F.);
#241=ADVANCED_FACE('',(#689),#463,.F.);
#242=ADVANCED_FACE('',(#690),#464,.F.);
#243=ADVANCED_FACE('',(#691),#465,.F.);
#244=ADVANCED_FACE('',(#692),#466,.T.);
#245=ADVANCED_FACE('',(#693),#467,.F.);
#246=ADVANCED_FACE('',(#694),#468,.F.);
#247=ADVANCED_FACE('',(#695),#469,.F.);
#248=ADVANCED_FACE('',(#696),#470,.F.);
#249=ADVANCED_FACE('',(#697),#471,.F.);
#250=ADVANCED_FACE('',(#698),#472,.F.);
#251=ADVANCED_FACE('',(#699),#473,.F.);
#252=ADVANCED_FACE('',(#700),#474,.F.);
#253=ADVANCED_FACE('',(#701),#475,.F.);
#254=ADVANCED_FACE('',(#702),#476,.F.);
#255=ADVANCED_FACE('',(#703),#477,.T.);
#256=ADVANCED_FACE('',(#704),#478,.F.);
#257=ADVANCED_FACE('',(#705),#479,.F.);
#258=ADVANCED_FACE('',(#706),#480,.F.);
#259=ADVANCED_FACE('',(#707),#481,.F.);
#260=ADVANCED_FACE('',(#708),#482,.F.);
#261=ADVANCED_FACE('',(#709),#483,.F.);
#262=ADVANCED_FACE('',(#710),#484,.F.);
#263=ADVANCED_FACE('',(#711),#485,.F.);
#264=ADVANCED_FACE('',(#712),#486,.F.);
#265=ADVANCED_FACE('',(#713),#487,.F.);
#266=ADVANCED_FACE('',(#714),#488,.T.);
#267=ADVANCED_FACE('',(#715),#489,.F.);
#268=ADVANCED_FACE('',(#716),#490,.F.);
#269=ADVANCED_FACE('',(#717),#491,.F.);
#270=ADVANCED_FACE('',(#718),#492,.F.);
#271=ADVANCED_FACE('',(#719),#493,.F.);
#272=ADVANCED_FACE('',(#720),#494,.F.);
#273=ADVANCED_FACE('',(#721),#495,.F.);
#274=ADVANCED_FACE('',(#722),#496,.F.);
#275=ADVANCED_FACE('',(#723),#497,.F.);
#276=ADVANCED_FACE('',(#724),#498,.F.);
#277=ADVANCED_FACE('',(#725),#499,.T.);
#278=ADVANCED_FACE('',(#726),#500,.F.);
#279=ADVANCED_FACE('',(#727),#501,.F.);
#280=ADVANCED_FACE('',(#728),#502,.F.);
#281=ADVANCED_FACE('',(#729),#503,.F.);
#282=ADVANCED_FACE('',(#730),#504,.F.);
#283=ADVANCED_FACE('',(#731),#505,.F.);
#284=ADVANCED_FACE('',(#732),#506,.F.);
#285=ADVANCED_FACE('',(#733),#507,.F.);
#286=ADVANCED_FACE('',(#734),#508,.F.);
#287=ADVANCED_FACE('',(#735),#509,.F.);
#288=ADVANCED_FACE('',(#736),#510,.T.);
#289=ADVANCED_FACE('',(#737),#511,.F.);
#290=ADVANCED_FACE('',(#738),#512,.F.);
#291=ADVANCED_FACE('',(#739),#513,.F.);
#292=ADVANCED_FACE('',(#740),#514,.F.);
#293=ADVANCED_FACE('',(#741),#515,.F.);
#294=ADVANCED_FACE('',(#742),#516,.F.);
#295=ADVANCED_FACE('',(#743),#517,.F.);
#296=ADVANCED_FACE('',(#744),#518,.F.);
#297=ADVANCED_FACE('',(#745),#519,.F.);
#298=ADVANCED_FACE('',(#746),#520,.F.);
#299=ADVANCED_FACE('',(#747),#521,.T.);
#300=ADVANCED_FACE('',(#748),#522,.F.);
#301=ADVANCED_FACE('',(#749),#523,.F.);
#302=ADVANCED_FACE('',(#750),#524,.F.);
#303=ADVANCED_FACE('',(#751),#525,.F.);
#304=ADVANCED_FACE('',(#752),#526,.F.);
#305=ADVANCED_FACE('',(#753),#527,.F.);
#306=ADVANCED_FACE('',(#754),#528,.F.);
#307=ADVANCED_FACE('',(#755),#529,.F.);
#308=PLANE('',#4539);
#309=PLANE('',#4540);
#310=PLANE('',#4541);
#311=PLANE('',#4542);
#312=PLANE('',#4543);
#313=PLANE('',#4544);
#314=PLANE('',#4545);
#315=PLANE('',#4546);
#316=PLANE('',#4547);
#317=PLANE('',#4548);
#318=PLANE('',#4549);
#319=PLANE('',#4550);
#320=PLANE('',#4551);
#321=PLANE('',#4552);
#322=PLANE('',#4553);
#323=PLANE('',#4554);
#324=PLANE('',#4555);
#325=PLANE('',#4556);
#326=PLANE('',#4557);
#327=PLANE('',#4558);
#328=PLANE('',#4559);
#329=PLANE('',#4560);
#330=PLANE('',#4561);
#331=PLANE('',#4562);
#332=PLANE('',#4563);
#333=PLANE('',#4564);
#334=PLANE('',#4565);
#335=PLANE('',#4566);
#336=PLANE('',#4567);
#337=PLANE('',#4568);
#338=PLANE('',#4572);
#339=PLANE('',#4573);
#340=PLANE('',#4577);
#341=PLANE('',#4578);
#342=PLANE('',#4579);
#343=PLANE('',#4583);
#344=PLANE('',#4584);
#345=PLANE('',#4585);
#346=PLANE('',#4589);
#347=PLANE('',#4590);
#348=PLANE('',#4591);
#349=PLANE('',#4592);
#350=PLANE('',#4593);
#351=PLANE('',#4594);
#352=PLANE('',#4595);
#353=PLANE('',#4596);
#354=PLANE('',#4597);
#355=PLANE('',#4598);
#356=PLANE('',#4599);
#357=PLANE('',#4600);
#358=PLANE('',#4601);
#359=PLANE('',#4602);
#360=PLANE('',#4603);
#361=PLANE('',#4604);
#362=PLANE('',#4607);
#363=PLANE('',#4608);
#364=PLANE('',#4609);
#365=PLANE('',#4610);
#366=PLANE('',#4611);
#367=PLANE('',#4612);
#368=PLANE('',#4613);
#369=PLANE('',#4614);
#370=PLANE('',#4617);
#371=PLANE('',#4618);
#372=PLANE('',#4619);
#373=PLANE('',#4620);
#374=PLANE('',#4621);
#375=PLANE('',#4622);
#376=PLANE('',#4623);
#377=PLANE('',#4624);
#378=PLANE('',#4625);
#379=PLANE('',#4626);
#380=PLANE('',#4627);
#381=PLANE('',#4628);
#382=PLANE('',#4629);
#383=PLANE('',#4630);
#384=PLANE('',#4631);
#385=PLANE('',#4632);
#386=PLANE('',#4633);
#387=PLANE('',#4634);
#388=PLANE('',#4635);
#389=PLANE('',#4636);
#390=PLANE('',#4637);
#391=PLANE('',#4638);
#392=PLANE('',#4639);
#393=PLANE('',#4640);
#394=PLANE('',#4641);
#395=PLANE('',#4642);
#396=PLANE('',#4643);
#397=PLANE('',#4644);
#398=PLANE('',#4645);
#399=PLANE('',#4646);
#400=PLANE('',#4647);
#401=PLANE('',#4648);
#402=PLANE('',#4649);
#403=PLANE('',#4650);
#404=PLANE('',#4651);
#405=PLANE('',#4652);
#406=PLANE('',#4653);
#407=PLANE('',#4654);
#408=PLANE('',#4655);
#409=PLANE('',#4656);
#410=PLANE('',#4659);
#411=PLANE('',#4660);
#412=PLANE('',#4661);
#413=PLANE('',#4664);
#414=PLANE('',#4665);
#415=PLANE('',#4666);
#416=PLANE('',#4671);
#417=PLANE('',#4672);
#418=PLANE('',#4673);
#419=PLANE('',#4674);
#420=PLANE('',#4675);
#421=PLANE('',#4676);
#422=PLANE('',#4677);
#423=PLANE('',#4678);
#424=PLANE('',#4679);
#425=PLANE('',#4680);
#426=PLANE('',#4681);
#427=PLANE('',#4682);
#428=PLANE('',#4683);
#429=PLANE('',#4684);
#430=PLANE('',#4685);
#431=PLANE('',#4686);
#432=PLANE('',#4687);
#433=PLANE('',#4688);
#434=PLANE('',#4689);
#435=PLANE('',#4690);
#436=PLANE('',#4691);
#437=PLANE('',#4692);
#438=PLANE('',#4693);
#439=PLANE('',#4694);
#440=PLANE('',#4695);
#441=PLANE('',#4696);
#442=PLANE('',#4697);
#443=PLANE('',#4698);
#444=PLANE('',#4699);
#445=PLANE('',#4700);
#446=PLANE('',#4701);
#447=PLANE('',#4702);
#448=PLANE('',#4703);
#449=PLANE('',#4704);
#450=PLANE('',#4705);
#451=PLANE('',#4706);
#452=PLANE('',#4707);
#453=PLANE('',#4708);
#454=PLANE('',#4709);
#455=PLANE('',#4710);
#456=PLANE('',#4711);
#457=PLANE('',#4712);
#458=PLANE('',#4713);
#459=PLANE('',#4714);
#460=PLANE('',#4715);
#461=PLANE('',#4716);
#462=PLANE('',#4717);
#463=PLANE('',#4718);
#464=PLANE('',#4719);
#465=PLANE('',#4720);
#466=PLANE('',#4721);
#467=PLANE('',#4722);
#468=PLANE('',#4723);
#469=PLANE('',#4724);
#470=PLANE('',#4725);
#471=PLANE('',#4726);
#472=PLANE('',#4727);
#473=PLANE('',#4728);
#474=PLANE('',#4729);
#475=PLANE('',#4730);
#476=PLANE('',#4731);
#477=PLANE('',#4732);
#478=PLANE('',#4733);
#479=PLANE('',#4734);
#480=PLANE('',#4735);
#481=PLANE('',#4736);
#482=PLANE('',#4737);
#483=PLANE('',#4738);
#484=PLANE('',#4739);
#485=PLANE('',#4740);
#486=PLANE('',#4741);
#487=PLANE('',#4742);
#488=PLANE('',#4743);
#489=PLANE('',#4744);
#490=PLANE('',#4745);
#491=PLANE('',#4746);
#492=PLANE('',#4747);
#493=PLANE('',#4748);
#494=PLANE('',#4749);
#495=PLANE('',#4750);
#496=PLANE('',#4751);
#497=PLANE('',#4752);
#498=PLANE('',#4753);
#499=PLANE('',#4754);
#500=PLANE('',#4755);
#501=PLANE('',#4756);
#502=PLANE('',#4757);
#503=PLANE('',#4758);
#504=PLANE('',#4759);
#505=PLANE('',#4760);
#506=PLANE('',#4761);
#507=PLANE('',#4762);
#508=PLANE('',#4763);
#509=PLANE('',#4764);
#510=PLANE('',#4765);
#511=PLANE('',#4766);
#512=PLANE('',#4767);
#513=PLANE('',#4768);
#514=PLANE('',#4769);
#515=PLANE('',#4770);
#516=PLANE('',#4771);
#517=PLANE('',#4772);
#518=PLANE('',#4773);
#519=PLANE('',#4774);
#520=PLANE('',#4775);
#521=PLANE('',#4776);
#522=PLANE('',#4777);
#523=PLANE('',#4778);
#524=PLANE('',#4779);
#525=PLANE('',#4780);
#526=PLANE('',#4781);
#527=PLANE('',#4782);
#528=PLANE('',#4783);
#529=PLANE('',#4784);
#530=FACE_OUTER_BOUND('',#756,.T.);
#531=FACE_OUTER_BOUND('',#757,.T.);
#532=FACE_OUTER_BOUND('',#758,.T.);
#533=FACE_OUTER_BOUND('',#759,.T.);
#534=FACE_OUTER_BOUND('',#760,.T.);
#535=FACE_OUTER_BOUND('',#761,.T.);
#536=FACE_OUTER_BOUND('',#762,.T.);
#537=FACE_OUTER_BOUND('',#765,.T.);
#538=FACE_OUTER_BOUND('',#766,.T.);
#539=FACE_OUTER_BOUND('',#777,.T.);
#540=FACE_OUTER_BOUND('',#778,.T.);
#541=FACE_OUTER_BOUND('',#779,.T.);
#542=FACE_OUTER_BOUND('',#780,.T.);
#543=FACE_OUTER_BOUND('',#781,.T.);
#544=FACE_OUTER_BOUND('',#782,.T.);
#545=FACE_OUTER_BOUND('',#783,.T.);
#546=FACE_OUTER_BOUND('',#784,.T.);
#547=FACE_OUTER_BOUND('',#785,.T.);
#548=FACE_OUTER_BOUND('',#786,.T.);
#549=FACE_OUTER_BOUND('',#787,.T.);
#550=FACE_OUTER_BOUND('',#788,.T.);
#551=FACE_OUTER_BOUND('',#789,.T.);
#552=FACE_OUTER_BOUND('',#790,.T.);
#553=FACE_OUTER_BOUND('',#791,.T.);
#554=FACE_OUTER_BOUND('',#792,.T.);
#555=FACE_OUTER_BOUND('',#793,.T.);
#556=FACE_OUTER_BOUND('',#794,.T.);
#557=FACE_OUTER_BOUND('',#795,.T.);
#558=FACE_OUTER_BOUND('',#796,.T.);
#559=FACE_OUTER_BOUND('',#797,.T.);
#560=FACE_OUTER_BOUND('',#798,.T.);
#561=FACE_OUTER_BOUND('',#799,.T.);
#562=FACE_OUTER_BOUND('',#800,.T.);
#563=FACE_OUTER_BOUND('',#801,.T.);
#564=FACE_OUTER_BOUND('',#802,.T.);
#565=FACE_OUTER_BOUND('',#803,.T.);
#566=FACE_OUTER_BOUND('',#804,.T.);
#567=FACE_OUTER_BOUND('',#805,.T.);
#568=FACE_OUTER_BOUND('',#806,.T.);
#569=FACE_OUTER_BOUND('',#807,.T.);
#570=FACE_OUTER_BOUND('',#816,.T.);
#571=FACE_OUTER_BOUND('',#817,.T.);
#572=FACE_OUTER_BOUND('',#818,.T.);
#573=FACE_OUTER_BOUND('',#819,.T.);
#574=FACE_OUTER_BOUND('',#820,.T.);
#575=FACE_OUTER_BOUND('',#821,.T.);
#576=FACE_OUTER_BOUND('',#822,.T.);
#577=FACE_OUTER_BOUND('',#823,.T.);
#578=FACE_OUTER_BOUND('',#824,.T.);
#579=FACE_OUTER_BOUND('',#825,.T.);
#580=FACE_OUTER_BOUND('',#826,.T.);
#581=FACE_OUTER_BOUND('',#827,.T.);
#582=FACE_OUTER_BOUND('',#828,.T.);
#583=FACE_OUTER_BOUND('',#829,.T.);
#584=FACE_OUTER_BOUND('',#830,.T.);
#585=FACE_OUTER_BOUND('',#831,.T.);
#586=FACE_OUTER_BOUND('',#832,.T.);
#587=FACE_OUTER_BOUND('',#833,.T.);
#588=FACE_OUTER_BOUND('',#834,.T.);
#589=FACE_OUTER_BOUND('',#835,.T.);
#590=FACE_OUTER_BOUND('',#836,.T.);
#591=FACE_OUTER_BOUND('',#837,.T.);
#592=FACE_OUTER_BOUND('',#838,.T.);
#593=FACE_OUTER_BOUND('',#839,.T.);
#594=FACE_OUTER_BOUND('',#840,.T.);
#595=FACE_OUTER_BOUND('',#841,.T.);
#596=FACE_OUTER_BOUND('',#842,.T.);
#597=FACE_OUTER_BOUND('',#843,.T.);
#598=FACE_OUTER_BOUND('',#844,.T.);
#599=FACE_OUTER_BOUND('',#845,.T.);
#600=FACE_OUTER_BOUND('',#846,.T.);
#601=FACE_OUTER_BOUND('',#847,.T.);
#602=FACE_OUTER_BOUND('',#848,.T.);
#603=FACE_OUTER_BOUND('',#849,.T.);
#604=FACE_OUTER_BOUND('',#850,.T.);
#605=FACE_OUTER_BOUND('',#851,.T.);
#606=FACE_OUTER_BOUND('',#852,.T.);
#607=FACE_OUTER_BOUND('',#853,.T.);
#608=FACE_OUTER_BOUND('',#854,.T.);
#609=FACE_OUTER_BOUND('',#855,.T.);
#610=FACE_OUTER_BOUND('',#856,.T.);
#611=FACE_OUTER_BOUND('',#857,.T.);
#612=FACE_OUTER_BOUND('',#858,.T.);
#613=FACE_OUTER_BOUND('',#859,.T.);
#614=FACE_OUTER_BOUND('',#860,.T.);
#615=FACE_OUTER_BOUND('',#861,.T.);
#616=FACE_OUTER_BOUND('',#862,.T.);
#617=FACE_OUTER_BOUND('',#863,.T.);
#618=FACE_OUTER_BOUND('',#864,.T.);
#619=FACE_OUTER_BOUND('',#865,.T.);
#620=FACE_OUTER_BOUND('',#866,.T.);
#621=FACE_OUTER_BOUND('',#867,.T.);
#622=FACE_OUTER_BOUND('',#868,.T.);
#623=FACE_OUTER_BOUND('',#869,.T.);
#624=FACE_OUTER_BOUND('',#870,.T.);
#625=FACE_OUTER_BOUND('',#871,.T.);
#626=FACE_OUTER_BOUND('',#872,.T.);
#627=FACE_OUTER_BOUND('',#873,.T.);
#628=FACE_OUTER_BOUND('',#874,.T.);
#629=FACE_OUTER_BOUND('',#875,.T.);
#630=FACE_OUTER_BOUND('',#876,.T.);
#631=FACE_OUTER_BOUND('',#877,.T.);
#632=FACE_OUTER_BOUND('',#878,.T.);
#633=FACE_OUTER_BOUND('',#879,.T.);
#634=FACE_OUTER_BOUND('',#880,.T.);
#635=FACE_OUTER_BOUND('',#881,.T.);
#636=FACE_OUTER_BOUND('',#882,.T.);
#637=FACE_OUTER_BOUND('',#883,.T.);
#638=FACE_OUTER_BOUND('',#884,.T.);
#639=FACE_OUTER_BOUND('',#885,.T.);
#640=FACE_OUTER_BOUND('',#886,.T.);
#641=FACE_OUTER_BOUND('',#887,.T.);
#642=FACE_OUTER_BOUND('',#888,.T.);
#643=FACE_OUTER_BOUND('',#889,.T.);
#644=FACE_OUTER_BOUND('',#890,.T.);
#645=FACE_OUTER_BOUND('',#891,.T.);
#646=FACE_OUTER_BOUND('',#892,.T.);
#647=FACE_OUTER_BOUND('',#893,.T.);
#648=FACE_OUTER_BOUND('',#894,.T.);
#649=FACE_OUTER_BOUND('',#895,.T.);
#650=FACE_OUTER_BOUND('',#896,.T.);
#651=FACE_OUTER_BOUND('',#897,.T.);
#652=FACE_OUTER_BOUND('',#898,.T.);
#653=FACE_OUTER_BOUND('',#899,.T.);
#654=FACE_OUTER_BOUND('',#900,.T.);
#655=FACE_OUTER_BOUND('',#901,.T.);
#656=FACE_OUTER_BOUND('',#902,.T.);
#657=FACE_OUTER_BOUND('',#903,.T.);
#658=FACE_OUTER_BOUND('',#904,.T.);
#659=FACE_OUTER_BOUND('',#905,.T.);
#660=FACE_OUTER_BOUND('',#906,.T.);
#661=FACE_OUTER_BOUND('',#907,.T.);
#662=FACE_OUTER_BOUND('',#908,.T.);
#663=FACE_OUTER_BOUND('',#909,.T.);
#664=FACE_OUTER_BOUND('',#910,.T.);
#665=FACE_OUTER_BOUND('',#911,.T.);
#666=FACE_OUTER_BOUND('',#912,.T.);
#667=FACE_OUTER_BOUND('',#913,.T.);
#668=FACE_OUTER_BOUND('',#914,.T.);
#669=FACE_OUTER_BOUND('',#915,.T.);
#670=FACE_OUTER_BOUND('',#916,.T.);
#671=FACE_OUTER_BOUND('',#917,.T.);
#672=FACE_OUTER_BOUND('',#918,.T.);
#673=FACE_OUTER_BOUND('',#919,.T.);
#674=FACE_OUTER_BOUND('',#920,.T.);
#675=FACE_OUTER_BOUND('',#921,.T.);
#676=FACE_OUTER_BOUND('',#922,.T.);
#677=FACE_OUTER_BOUND('',#923,.T.);
#678=FACE_OUTER_BOUND('',#924,.T.);
#679=FACE_OUTER_BOUND('',#925,.T.);
#680=FACE_OUTER_BOUND('',#926,.T.);
#681=FACE_OUTER_BOUND('',#927,.T.);
#682=FACE_OUTER_BOUND('',#928,.T.);
#683=FACE_OUTER_BOUND('',#929,.T.);
#684=FACE_OUTER_BOUND('',#930,.T.);
#685=FACE_OUTER_BOUND('',#931,.T.);
#686=FACE_OUTER_BOUND('',#932,.T.);
#687=FACE_OUTER_BOUND('',#933,.T.);
#688=FACE_OUTER_BOUND('',#934,.T.);
#689=FACE_OUTER_BOUND('',#935,.T.);
#690=FACE_OUTER_BOUND('',#936,.T.);
#691=FACE_OUTER_BOUND('',#937,.T.);
#692=FACE_OUTER_BOUND('',#938,.T.);
#693=FACE_OUTER_BOUND('',#939,.T.);
#694=FACE_OUTER_BOUND('',#940,.T.);
#695=FACE_OUTER_BOUND('',#941,.T.);
#696=FACE_OUTER_BOUND('',#942,.T.);
#697=FACE_OUTER_BOUND('',#943,.T.);
#698=FACE_OUTER_BOUND('',#944,.T.);
#699=FACE_OUTER_BOUND('',#945,.T.);
#700=FACE_OUTER_BOUND('',#946,.T.);
#701=FACE_OUTER_BOUND('',#947,.T.);
#702=FACE_OUTER_BOUND('',#948,.T.);
#703=FACE_OUTER_BOUND('',#949,.T.);
#704=FACE_OUTER_BOUND('',#950,.T.);
#705=FACE_OUTER_BOUND('',#951,.T.);
#706=FACE_OUTER_BOUND('',#952,.T.);
#707=FACE_OUTER_BOUND('',#953,.T.);
#708=FACE_OUTER_BOUND('',#954,.T.);
#709=FACE_OUTER_BOUND('',#955,.T.);
#710=FACE_OUTER_BOUND('',#956,.T.);
#711=FACE_OUTER_BOUND('',#957,.T.);
#712=FACE_OUTER_BOUND('',#958,.T.);
#713=FACE_OUTER_BOUND('',#959,.T.);
#714=FACE_OUTER_BOUND('',#960,.T.);
#715=FACE_OUTER_BOUND('',#961,.T.);
#716=FACE_OUTER_BOUND('',#962,.T.);
#717=FACE_OUTER_BOUND('',#963,.T.);
#718=FACE_OUTER_BOUND('',#964,.T.);
#719=FACE_OUTER_BOUND('',#965,.T.);
#720=FACE_OUTER_BOUND('',#966,.T.);
#721=FACE_OUTER_BOUND('',#967,.T.);
#722=FACE_OUTER_BOUND('',#968,.T.);
#723=FACE_OUTER_BOUND('',#969,.T.);
#724=FACE_OUTER_BOUND('',#970,.T.);
#725=FACE_OUTER_BOUND('',#971,.T.);
#726=FACE_OUTER_BOUND('',#972,.T.);
#727=FACE_OUTER_BOUND('',#973,.T.);
#728=FACE_OUTER_BOUND('',#974,.T.);
#729=FACE_OUTER_BOUND('',#975,.T.);
#730=FACE_OUTER_BOUND('',#976,.T.);
#731=FACE_OUTER_BOUND('',#977,.T.);
#732=FACE_OUTER_BOUND('',#978,.T.);
#733=FACE_OUTER_BOUND('',#979,.T.);
#734=FACE_OUTER_BOUND('',#980,.T.);
#735=FACE_OUTER_BOUND('',#981,.T.);
#736=FACE_OUTER_BOUND('',#982,.T.);
#737=FACE_OUTER_BOUND('',#983,.T.);
#738=FACE_OUTER_BOUND('',#984,.T.);
#739=FACE_OUTER_BOUND('',#985,.T.);
#740=FACE_OUTER_BOUND('',#986,.T.);
#741=FACE_OUTER_BOUND('',#987,.T.);
#742=FACE_OUTER_BOUND('',#988,.T.);
#743=FACE_OUTER_BOUND('',#989,.T.);
#744=FACE_OUTER_BOUND('',#990,.T.);
#745=FACE_OUTER_BOUND('',#991,.T.);
#746=FACE_OUTER_BOUND('',#992,.T.);
#747=FACE_OUTER_BOUND('',#993,.T.);
#748=FACE_OUTER_BOUND('',#994,.T.);
#749=FACE_OUTER_BOUND('',#995,.T.);
#750=FACE_OUTER_BOUND('',#996,.T.);
#751=FACE_OUTER_BOUND('',#997,.T.);
#752=FACE_OUTER_BOUND('',#998,.T.);
#753=FACE_OUTER_BOUND('',#999,.T.);
#754=FACE_OUTER_BOUND('',#1000,.T.);
#755=FACE_OUTER_BOUND('',#1001,.T.);
#756=EDGE_LOOP('',(#1002,#1003,#1004,#1005,#1006,#1007,#1008,#1009,#1010,
#1011,#1012,#1013));
#757=EDGE_LOOP('',(#1014,#1015,#1016,#1017));
#758=EDGE_LOOP('',(#1018,#1019,#1020,#1021));
#759=EDGE_LOOP('',(#1022,#1023,#1024,#1025));
#760=EDGE_LOOP('',(#1026,#1027,#1028,#1029,#1030,#1031,#1032,#1033,#1034,
#1035,#1036,#1037,#1038,#1039,#1040,#1041,#1042,#1043,#1044,#1045,#1046,
#1047,#1048,#1049,#1050,#1051,#1052,#1053,#1054,#1055,#1056,#1057,#1058,
#1059,#1060,#1061));
#761=EDGE_LOOP('',(#1062,#1063,#1064,#1065,#1066,#1067,#1068,#1069,#1070,
#1071,#1072,#1073,#1074,#1075,#1076,#1077,#1078,#1079,#1080,#1081));
#762=EDGE_LOOP('',(#1082,#1083,#1084,#1085));
#763=EDGE_LOOP('',(#1086,#1087,#1088,#1089,#1090,#1091));
#764=EDGE_LOOP('',(#1092,#1093,#1094,#1095));
#765=EDGE_LOOP('',(#1096,#1097,#1098,#1099,#1100,#1101,#1102,#1103,#1104,
#1105,#1106,#1107));
#766=EDGE_LOOP('',(#1108,#1109,#1110,#1111,#1112,#1113,#1114,#1115));
#767=EDGE_LOOP('',(#1116,#1117,#1118,#1119));
#768=EDGE_LOOP('',(#1120,#1121,#1122,#1123));
#769=EDGE_LOOP('',(#1124,#1125,#1126,#1127));
#770=EDGE_LOOP('',(#1128,#1129,#1130,#1131));
#771=EDGE_LOOP('',(#1132,#1133,#1134,#1135));
#772=EDGE_LOOP('',(#1136,#1137,#1138,#1139));
#773=EDGE_LOOP('',(#1140,#1141,#1142,#1143));
#774=EDGE_LOOP('',(#1144,#1145,#1146,#1147,#1148,#1149,#1150,#1151,#1152,
#1153,#1154,#1155));
#775=EDGE_LOOP('',(#1156,#1157,#1158,#1159));
#776=EDGE_LOOP('',(#1160,#1161,#1162,#1163,#1164,#1165));
#777=EDGE_LOOP('',(#1166,#1167,#1168,#1169));
#778=EDGE_LOOP('',(#1170,#1171,#1172,#1173));
#779=EDGE_LOOP('',(#1174,#1175,#1176,#1177));
#780=EDGE_LOOP('',(#1178,#1179,#1180,#1181));
#781=EDGE_LOOP('',(#1182,#1183,#1184,#1185));
#782=EDGE_LOOP('',(#1186,#1187,#1188,#1189));
#783=EDGE_LOOP('',(#1190,#1191,#1192,#1193));
#784=EDGE_LOOP('',(#1194,#1195,#1196,#1197));
#785=EDGE_LOOP('',(#1198,#1199,#1200,#1201));
#786=EDGE_LOOP('',(#1202,#1203,#1204,#1205));
#787=EDGE_LOOP('',(#1206,#1207,#1208,#1209));
#788=EDGE_LOOP('',(#1210,#1211,#1212,#1213));
#789=EDGE_LOOP('',(#1214,#1215,#1216,#1217));
#790=EDGE_LOOP('',(#1218,#1219,#1220,#1221));
#791=EDGE_LOOP('',(#1222,#1223,#1224,#1225));
#792=EDGE_LOOP('',(#1226,#1227,#1228,#1229));
#793=EDGE_LOOP('',(#1230,#1231,#1232,#1233));
#794=EDGE_LOOP('',(#1234,#1235,#1236,#1237));
#795=EDGE_LOOP('',(#1238,#1239,#1240,#1241));
#796=EDGE_LOOP('',(#1242,#1243,#1244,#1245));
#797=EDGE_LOOP('',(#1246,#1247,#1248,#1249));
#798=EDGE_LOOP('',(#1250,#1251,#1252,#1253));
#799=EDGE_LOOP('',(#1254,#1255,#1256,#1257));
#800=EDGE_LOOP('',(#1258,#1259,#1260,#1261));
#801=EDGE_LOOP('',(#1262,#1263,#1264,#1265));
#802=EDGE_LOOP('',(#1266,#1267,#1268,#1269));
#803=EDGE_LOOP('',(#1270,#1271,#1272,#1273,#1274,#1275,#1276));
#804=EDGE_LOOP('',(#1277,#1278,#1279,#1280,#1281,#1282,#1283,#1284));
#805=EDGE_LOOP('',(#1285,#1286,#1287,#1288,#1289,#1290,#1291));
#806=EDGE_LOOP('',(#1292,#1293,#1294,#1295));
#807=EDGE_LOOP('',(#1296,#1297,#1298,#1299));
#808=EDGE_LOOP('',(#1300,#1301,#1302,#1303));
#809=EDGE_LOOP('',(#1304,#1305,#1306,#1307));
#810=EDGE_LOOP('',(#1308,#1309,#1310,#1311));
#811=EDGE_LOOP('',(#1312,#1313,#1314,#1315));
#812=EDGE_LOOP('',(#1316,#1317,#1318,#1319));
#813=EDGE_LOOP('',(#1320,#1321,#1322,#1323));
#814=EDGE_LOOP('',(#1324,#1325,#1326,#1327));
#815=EDGE_LOOP('',(#1328,#1329,#1330,#1331,#1332,#1333,#1334,#1335,#1336,
#1337,#1338,#1339,#1340,#1341,#1342,#1343));
#816=EDGE_LOOP('',(#1344,#1345,#1346,#1347,#1348));
#817=EDGE_LOOP('',(#1349,#1350,#1351,#1352,#1353,#1354));
#818=EDGE_LOOP('',(#1355,#1356,#1357,#1358,#1359,#1360));
#819=EDGE_LOOP('',(#1361,#1362,#1363,#1364));
#820=EDGE_LOOP('',(#1365,#1366,#1367,#1368,#1369,#1370));
#821=EDGE_LOOP('',(#1371,#1372,#1373,#1374,#1375,#1376));
#822=EDGE_LOOP('',(#1377,#1378,#1379,#1380,#1381));
#823=EDGE_LOOP('',(#1382,#1383,#1384,#1385));
#824=EDGE_LOOP('',(#1386,#1387,#1388,#1389));
#825=EDGE_LOOP('',(#1390,#1391,#1392,#1393));
#826=EDGE_LOOP('',(#1394,#1395,#1396,#1397));
#827=EDGE_LOOP('',(#1398,#1399,#1400,#1401));
#828=EDGE_LOOP('',(#1402,#1403,#1404,#1405,#1406,#1407,#1408,#1409));
#829=EDGE_LOOP('',(#1410,#1411,#1412,#1413,#1414,#1415,#1416));
#830=EDGE_LOOP('',(#1417,#1418,#1419,#1420,#1421,#1422,#1423,#1424,#1425,
#1426,#1427,#1428,#1429));
#831=EDGE_LOOP('',(#1430,#1431,#1432,#1433));
#832=EDGE_LOOP('',(#1434,#1435,#1436,#1437));
#833=EDGE_LOOP('',(#1438,#1439,#1440,#1441));
#834=EDGE_LOOP('',(#1442,#1443,#1444,#1445));
#835=EDGE_LOOP('',(#1446,#1447,#1448,#1449,#1450,#1451,#1452,#1453));
#836=EDGE_LOOP('',(#1454,#1455,#1456,#1457));
#837=EDGE_LOOP('',(#1458,#1459,#1460,#1461,#1462,#1463,#1464));
#838=EDGE_LOOP('',(#1465,#1466,#1467,#1468,#1469,#1470,#1471,#1472,#1473,
#1474,#1475,#1476,#1477));
#839=EDGE_LOOP('',(#1478,#1479,#1480,#1481,#1482));
#840=EDGE_LOOP('',(#1483,#1484,#1485,#1486,#1487));
#841=EDGE_LOOP('',(#1488,#1489,#1490,#1491,#1492));
#842=EDGE_LOOP('',(#1493,#1494,#1495,#1496,#1497));
#843=EDGE_LOOP('',(#1498,#1499,#1500,#1501));
#844=EDGE_LOOP('',(#1502,#1503,#1504,#1505));
#845=EDGE_LOOP('',(#1506,#1507,#1508,#1509));
#846=EDGE_LOOP('',(#1510,#1511,#1512,#1513));
#847=EDGE_LOOP('',(#1514,#1515,#1516,#1517));
#848=EDGE_LOOP('',(#1518,#1519,#1520,#1521,#1522));
#849=EDGE_LOOP('',(#1523,#1524,#1525,#1526,#1527));
#850=EDGE_LOOP('',(#1528,#1529,#1530,#1531));
#851=EDGE_LOOP('',(#1532,#1533,#1534,#1535));
#852=EDGE_LOOP('',(#1536,#1537,#1538,#1539));
#853=EDGE_LOOP('',(#1540,#1541,#1542,#1543));
#854=EDGE_LOOP('',(#1544,#1545,#1546,#1547,#1548));
#855=EDGE_LOOP('',(#1549,#1550,#1551,#1552,#1553));
#856=EDGE_LOOP('',(#1554,#1555,#1556,#1557));
#857=EDGE_LOOP('',(#1558,#1559,#1560,#1561));
#858=EDGE_LOOP('',(#1562,#1563,#1564,#1565));
#859=EDGE_LOOP('',(#1566,#1567,#1568,#1569));
#860=EDGE_LOOP('',(#1570,#1571,#1572,#1573));
#861=EDGE_LOOP('',(#1574,#1575,#1576,#1577));
#862=EDGE_LOOP('',(#1578,#1579,#1580,#1581));
#863=EDGE_LOOP('',(#1582,#1583,#1584,#1585,#1586,#1587));
#864=EDGE_LOOP('',(#1588,#1589,#1590,#1591,#1592,#1593));
#865=EDGE_LOOP('',(#1594,#1595,#1596,#1597));
#866=EDGE_LOOP('',(#1598,#1599,#1600,#1601));
#867=EDGE_LOOP('',(#1602,#1603,#1604,#1605));
#868=EDGE_LOOP('',(#1606,#1607,#1608,#1609));
#869=EDGE_LOOP('',(#1610,#1611,#1612,#1613,#1614,#1615,#1616,#1617,#1618,
#1619));
#870=EDGE_LOOP('',(#1620,#1621,#1622,#1623,#1624,#1625,#1626,#1627,#1628,
#1629));
#871=EDGE_LOOP('',(#1630,#1631,#1632,#1633));
#872=EDGE_LOOP('',(#1634,#1635,#1636,#1637));
#873=EDGE_LOOP('',(#1638,#1639,#1640,#1641));
#874=EDGE_LOOP('',(#1642,#1643,#1644,#1645));
#875=EDGE_LOOP('',(#1646,#1647,#1648,#1649));
#876=EDGE_LOOP('',(#1650,#1651,#1652,#1653));
#877=EDGE_LOOP('',(#1654,#1655,#1656,#1657));
#878=EDGE_LOOP('',(#1658,#1659,#1660,#1661));
#879=EDGE_LOOP('',(#1662,#1663,#1664,#1665,#1666,#1667));
#880=EDGE_LOOP('',(#1668,#1669,#1670,#1671));
#881=EDGE_LOOP('',(#1672,#1673,#1674,#1675,#1676,#1677));
#882=EDGE_LOOP('',(#1678,#1679,#1680,#1681));
#883=EDGE_LOOP('',(#1682,#1683,#1684,#1685,#1686,#1687));
#884=EDGE_LOOP('',(#1688,#1689,#1690,#1691));
#885=EDGE_LOOP('',(#1692,#1693,#1694,#1695,#1696,#1697));
#886=EDGE_LOOP('',(#1698,#1699,#1700,#1701));
#887=EDGE_LOOP('',(#1702,#1703,#1704,#1705));
#888=EDGE_LOOP('',(#1706,#1707,#1708,#1709,#1710,#1711));
#889=EDGE_LOOP('',(#1712,#1713,#1714,#1715,#1716,#1717));
#890=EDGE_LOOP('',(#1718,#1719,#1720,#1721));
#891=EDGE_LOOP('',(#1722,#1723,#1724,#1725));
#892=EDGE_LOOP('',(#1726,#1727,#1728,#1729));
#893=EDGE_LOOP('',(#1730,#1731,#1732,#1733));
#894=EDGE_LOOP('',(#1734,#1735,#1736,#1737));
#895=EDGE_LOOP('',(#1738,#1739,#1740,#1741));
#896=EDGE_LOOP('',(#1742,#1743,#1744,#1745));
#897=EDGE_LOOP('',(#1746,#1747,#1748,#1749,#1750,#1751));
#898=EDGE_LOOP('',(#1752,#1753,#1754,#1755,#1756,#1757));
#899=EDGE_LOOP('',(#1758,#1759,#1760,#1761));
#900=EDGE_LOOP('',(#1762,#1763,#1764,#1765));
#901=EDGE_LOOP('',(#1766,#1767,#1768,#1769));
#902=EDGE_LOOP('',(#1770,#1771,#1772,#1773));
#903=EDGE_LOOP('',(#1774,#1775,#1776,#1777));
#904=EDGE_LOOP('',(#1778,#1779,#1780,#1781,#1782,#1783));
#905=EDGE_LOOP('',(#1784,#1785,#1786,#1787,#1788,#1789));
#906=EDGE_LOOP('',(#1790,#1791,#1792,#1793));
#907=EDGE_LOOP('',(#1794,#1795,#1796,#1797));
#908=EDGE_LOOP('',(#1798,#1799,#1800,#1801));
#909=EDGE_LOOP('',(#1802,#1803,#1804,#1805));
#910=EDGE_LOOP('',(#1806,#1807,#1808,#1809));
#911=EDGE_LOOP('',(#1810,#1811,#1812,#1813,#1814,#1815));
#912=EDGE_LOOP('',(#1816,#1817,#1818,#1819,#1820,#1821));
#913=EDGE_LOOP('',(#1822,#1823,#1824,#1825));
#914=EDGE_LOOP('',(#1826,#1827,#1828,#1829));
#915=EDGE_LOOP('',(#1830,#1831,#1832,#1833));
#916=EDGE_LOOP('',(#1834,#1835,#1836,#1837));
#917=EDGE_LOOP('',(#1838,#1839,#1840,#1841));
#918=EDGE_LOOP('',(#1842,#1843,#1844,#1845,#1846,#1847));
#919=EDGE_LOOP('',(#1848,#1849,#1850,#1851,#1852,#1853));
#920=EDGE_LOOP('',(#1854,#1855,#1856,#1857));
#921=EDGE_LOOP('',(#1858,#1859,#1860,#1861));
#922=EDGE_LOOP('',(#1862,#1863,#1864,#1865));
#923=EDGE_LOOP('',(#1866,#1867,#1868,#1869));
#924=EDGE_LOOP('',(#1870,#1871,#1872,#1873));
#925=EDGE_LOOP('',(#1874,#1875,#1876,#1877,#1878,#1879));
#926=EDGE_LOOP('',(#1880,#1881,#1882,#1883,#1884,#1885));
#927=EDGE_LOOP('',(#1886,#1887,#1888,#1889));
#928=EDGE_LOOP('',(#1890,#1891,#1892,#1893));
#929=EDGE_LOOP('',(#1894,#1895,#1896,#1897));
#930=EDGE_LOOP('',(#1898,#1899,#1900,#1901));
#931=EDGE_LOOP('',(#1902,#1903,#1904,#1905));
#932=EDGE_LOOP('',(#1906,#1907,#1908,#1909,#1910,#1911));
#933=EDGE_LOOP('',(#1912,#1913,#1914,#1915,#1916,#1917));
#934=EDGE_LOOP('',(#1918,#1919,#1920,#1921));
#935=EDGE_LOOP('',(#1922,#1923,#1924,#1925));
#936=EDGE_LOOP('',(#1926,#1927,#1928,#1929));
#937=EDGE_LOOP('',(#1930,#1931,#1932,#1933));
#938=EDGE_LOOP('',(#1934,#1935,#1936,#1937,#1938,#1939,#1940,#1941,#1942,
#1943));
#939=EDGE_LOOP('',(#1944,#1945,#1946,#1947,#1948,#1949,#1950,#1951,#1952,
#1953));
#940=EDGE_LOOP('',(#1954,#1955,#1956,#1957));
#941=EDGE_LOOP('',(#1958,#1959,#1960,#1961));
#942=EDGE_LOOP('',(#1962,#1963,#1964,#1965));
#943=EDGE_LOOP('',(#1966,#1967,#1968,#1969));
#944=EDGE_LOOP('',(#1970,#1971,#1972,#1973));
#945=EDGE_LOOP('',(#1974,#1975,#1976,#1977));
#946=EDGE_LOOP('',(#1978,#1979,#1980,#1981));
#947=EDGE_LOOP('',(#1982,#1983,#1984,#1985));
#948=EDGE_LOOP('',(#1986,#1987,#1988,#1989));
#949=EDGE_LOOP('',(#1990,#1991,#1992,#1993,#1994,#1995,#1996,#1997,#1998,
#1999));
#950=EDGE_LOOP('',(#2000,#2001,#2002,#2003,#2004,#2005,#2006,#2007,#2008,
#2009));
#951=EDGE_LOOP('',(#2010,#2011,#2012,#2013));
#952=EDGE_LOOP('',(#2014,#2015,#2016,#2017));
#953=EDGE_LOOP('',(#2018,#2019,#2020,#2021));
#954=EDGE_LOOP('',(#2022,#2023,#2024,#2025));
#955=EDGE_LOOP('',(#2026,#2027,#2028,#2029));
#956=EDGE_LOOP('',(#2030,#2031,#2032,#2033));
#957=EDGE_LOOP('',(#2034,#2035,#2036,#2037));
#958=EDGE_LOOP('',(#2038,#2039,#2040,#2041));
#959=EDGE_LOOP('',(#2042,#2043,#2044,#2045));
#960=EDGE_LOOP('',(#2046,#2047,#2048,#2049,#2050,#2051,#2052,#2053,#2054,
#2055));
#961=EDGE_LOOP('',(#2056,#2057,#2058,#2059,#2060,#2061,#2062,#2063,#2064,
#2065));
#962=EDGE_LOOP('',(#2066,#2067,#2068,#2069));
#963=EDGE_LOOP('',(#2070,#2071,#2072,#2073));
#964=EDGE_LOOP('',(#2074,#2075,#2076,#2077));
#965=EDGE_LOOP('',(#2078,#2079,#2080,#2081));
#966=EDGE_LOOP('',(#2082,#2083,#2084,#2085));
#967=EDGE_LOOP('',(#2086,#2087,#2088,#2089));
#968=EDGE_LOOP('',(#2090,#2091,#2092,#2093));
#969=EDGE_LOOP('',(#2094,#2095,#2096,#2097));
#970=EDGE_LOOP('',(#2098,#2099,#2100,#2101));
#971=EDGE_LOOP('',(#2102,#2103,#2104,#2105,#2106,#2107,#2108,#2109,#2110,
#2111));
#972=EDGE_LOOP('',(#2112,#2113,#2114,#2115,#2116,#2117,#2118,#2119,#2120,
#2121));
#973=EDGE_LOOP('',(#2122,#2123,#2124,#2125));
#974=EDGE_LOOP('',(#2126,#2127,#2128,#2129));
#975=EDGE_LOOP('',(#2130,#2131,#2132,#2133));
#976=EDGE_LOOP('',(#2134,#2135,#2136,#2137));
#977=EDGE_LOOP('',(#2138,#2139,#2140,#2141));
#978=EDGE_LOOP('',(#2142,#2143,#2144,#2145));
#979=EDGE_LOOP('',(#2146,#2147,#2148,#2149));
#980=EDGE_LOOP('',(#2150,#2151,#2152,#2153));
#981=EDGE_LOOP('',(#2154,#2155,#2156,#2157));
#982=EDGE_LOOP('',(#2158,#2159,#2160,#2161,#2162,#2163,#2164,#2165,#2166,
#2167));
#983=EDGE_LOOP('',(#2168,#2169,#2170,#2171,#2172,#2173,#2174,#2175,#2176,
#2177));
#984=EDGE_LOOP('',(#2178,#2179,#2180,#2181));
#985=EDGE_LOOP('',(#2182,#2183,#2184,#2185));
#986=EDGE_LOOP('',(#2186,#2187,#2188,#2189));
#987=EDGE_LOOP('',(#2190,#2191,#2192,#2193));
#988=EDGE_LOOP('',(#2194,#2195,#2196,#2197));
#989=EDGE_LOOP('',(#2198,#2199,#2200,#2201));
#990=EDGE_LOOP('',(#2202,#2203,#2204,#2205));
#991=EDGE_LOOP('',(#2206,#2207,#2208,#2209));
#992=EDGE_LOOP('',(#2210,#2211,#2212,#2213));
#993=EDGE_LOOP('',(#2214,#2215,#2216,#2217,#2218,#2219,#2220,#2221,#2222,
#2223));
#994=EDGE_LOOP('',(#2224,#2225,#2226,#2227,#2228,#2229,#2230,#2231,#2232,
#2233));
#995=EDGE_LOOP('',(#2234,#2235,#2236,#2237));
#996=EDGE_LOOP('',(#2238,#2239,#2240,#2241));
#997=EDGE_LOOP('',(#2242,#2243,#2244,#2245));
#998=EDGE_LOOP('',(#2246,#2247,#2248,#2249));
#999=EDGE_LOOP('',(#2250,#2251,#2252,#2253));
#1000=EDGE_LOOP('',(#2254,#2255,#2256,#2257));
#1001=EDGE_LOOP('',(#2258,#2259,#2260,#2261));
#1002=ORIENTED_EDGE('',*,*,#2680,.F.);
#1003=ORIENTED_EDGE('',*,*,#2681,.F.);
#1004=ORIENTED_EDGE('',*,*,#2682,.F.);
#1005=ORIENTED_EDGE('',*,*,#2683,.F.);
#1006=ORIENTED_EDGE('',*,*,#2684,.T.);
#1007=ORIENTED_EDGE('',*,*,#2685,.F.);
#1008=ORIENTED_EDGE('',*,*,#2686,.F.);
#1009=ORIENTED_EDGE('',*,*,#2687,.F.);
#1010=ORIENTED_EDGE('',*,*,#2688,.T.);
#1011=ORIENTED_EDGE('',*,*,#2689,.F.);
#1012=ORIENTED_EDGE('',*,*,#2690,.T.);
#1013=ORIENTED_EDGE('',*,*,#2691,.T.);
#1014=ORIENTED_EDGE('',*,*,#2692,.F.);
#1015=ORIENTED_EDGE('',*,*,#2693,.T.);
#1016=ORIENTED_EDGE('',*,*,#2691,.F.);
#1017=ORIENTED_EDGE('',*,*,#2694,.T.);
#1018=ORIENTED_EDGE('',*,*,#2695,.F.);
#1019=ORIENTED_EDGE('',*,*,#2696,.T.);
#1020=ORIENTED_EDGE('',*,*,#2697,.F.);
#1021=ORIENTED_EDGE('',*,*,#2698,.F.);
#1022=ORIENTED_EDGE('',*,*,#2699,.F.);
#1023=ORIENTED_EDGE('',*,*,#2700,.T.);
#1024=ORIENTED_EDGE('',*,*,#2695,.T.);
#1025=ORIENTED_EDGE('',*,*,#2701,.F.);
#1026=ORIENTED_EDGE('',*,*,#2702,.T.);
#1027=ORIENTED_EDGE('',*,*,#2703,.T.);
#1028=ORIENTED_EDGE('',*,*,#2699,.T.);
#1029=ORIENTED_EDGE('',*,*,#2704,.F.);
#1030=ORIENTED_EDGE('',*,*,#2705,.F.);
#1031=ORIENTED_EDGE('',*,*,#2706,.F.);
#1032=ORIENTED_EDGE('',*,*,#2707,.F.);
#1033=ORIENTED_EDGE('',*,*,#2708,.F.);
#1034=ORIENTED_EDGE('',*,*,#2709,.F.);
#1035=ORIENTED_EDGE('',*,*,#2710,.F.);
#1036=ORIENTED_EDGE('',*,*,#2711,.T.);
#1037=ORIENTED_EDGE('',*,*,#2712,.F.);
#1038=ORIENTED_EDGE('',*,*,#2713,.F.);
#1039=ORIENTED_EDGE('',*,*,#2714,.F.);
#1040=ORIENTED_EDGE('',*,*,#2715,.T.);
#1041=ORIENTED_EDGE('',*,*,#2716,.T.);
#1042=ORIENTED_EDGE('',*,*,#2717,.F.);
#1043=ORIENTED_EDGE('',*,*,#2718,.F.);
#1044=ORIENTED_EDGE('',*,*,#2719,.F.);
#1045=ORIENTED_EDGE('',*,*,#2720,.F.);
#1046=ORIENTED_EDGE('',*,*,#2721,.F.);
#1047=ORIENTED_EDGE('',*,*,#2722,.F.);
#1048=ORIENTED_EDGE('',*,*,#2723,.F.);
#1049=ORIENTED_EDGE('',*,*,#2724,.F.);
#1050=ORIENTED_EDGE('',*,*,#2725,.F.);
#1051=ORIENTED_EDGE('',*,*,#2726,.F.);
#1052=ORIENTED_EDGE('',*,*,#2685,.T.);
#1053=ORIENTED_EDGE('',*,*,#2727,.F.);
#1054=ORIENTED_EDGE('',*,*,#2728,.F.);
#1055=ORIENTED_EDGE('',*,*,#2729,.F.);
#1056=ORIENTED_EDGE('',*,*,#2681,.T.);
#1057=ORIENTED_EDGE('',*,*,#2730,.T.);
#1058=ORIENTED_EDGE('',*,*,#2731,.T.);
#1059=ORIENTED_EDGE('',*,*,#2732,.T.);
#1060=ORIENTED_EDGE('',*,*,#2733,.T.);
#1061=ORIENTED_EDGE('',*,*,#2734,.T.);
#1062=ORIENTED_EDGE('',*,*,#2735,.T.);
#1063=ORIENTED_EDGE('',*,*,#2736,.T.);
#1064=ORIENTED_EDGE('',*,*,#2692,.T.);
#1065=ORIENTED_EDGE('',*,*,#2737,.T.);
#1066=ORIENTED_EDGE('',*,*,#2738,.T.);
#1067=ORIENTED_EDGE('',*,*,#2739,.F.);
#1068=ORIENTED_EDGE('',*,*,#2740,.T.);
#1069=ORIENTED_EDGE('',*,*,#2741,.F.);
#1070=ORIENTED_EDGE('',*,*,#2742,.F.);
#1071=ORIENTED_EDGE('',*,*,#2743,.F.);
#1072=ORIENTED_EDGE('',*,*,#2744,.F.);
#1073=ORIENTED_EDGE('',*,*,#2745,.F.);
#1074=ORIENTED_EDGE('',*,*,#2746,.F.);
#1075=ORIENTED_EDGE('',*,*,#2747,.F.);
#1076=ORIENTED_EDGE('',*,*,#2697,.T.);
#1077=ORIENTED_EDGE('',*,*,#2748,.T.);
#1078=ORIENTED_EDGE('',*,*,#2749,.T.);
#1079=ORIENTED_EDGE('',*,*,#2750,.T.);
#1080=ORIENTED_EDGE('',*,*,#2751,.T.);
#1081=ORIENTED_EDGE('',*,*,#2752,.T.);
#1082=ORIENTED_EDGE('',*,*,#2753,.F.);
#1083=ORIENTED_EDGE('',*,*,#2740,.F.);
#1084=ORIENTED_EDGE('',*,*,#2754,.F.);
#1085=ORIENTED_EDGE('',*,*,#2755,.F.);
#1086=ORIENTED_EDGE('',*,*,#2756,.F.);
#1087=ORIENTED_EDGE('',*,*,#2757,.T.);
#1088=ORIENTED_EDGE('',*,*,#2758,.F.);
#1089=ORIENTED_EDGE('',*,*,#2759,.F.);
#1090=ORIENTED_EDGE('',*,*,#2716,.F.);
#1091=ORIENTED_EDGE('',*,*,#2760,.F.);
#1092=ORIENTED_EDGE('',*,*,#2761,.F.);
#1093=ORIENTED_EDGE('',*,*,#2762,.F.);
#1094=ORIENTED_EDGE('',*,*,#2763,.T.);
#1095=ORIENTED_EDGE('',*,*,#2764,.T.);
#1096=ORIENTED_EDGE('',*,*,#2711,.F.);
#1097=ORIENTED_EDGE('',*,*,#2765,.T.);
#1098=ORIENTED_EDGE('',*,*,#2755,.T.);
#1099=ORIENTED_EDGE('',*,*,#2766,.T.);
#1100=ORIENTED_EDGE('',*,*,#2767,.F.);
#1101=ORIENTED_EDGE('',*,*,#2768,.T.);
#1102=ORIENTED_EDGE('',*,*,#2769,.F.);
#1103=ORIENTED_EDGE('',*,*,#2760,.T.);
#1104=ORIENTED_EDGE('',*,*,#2715,.F.);
#1105=ORIENTED_EDGE('',*,*,#2770,.F.);
#1106=ORIENTED_EDGE('',*,*,#2771,.F.);
#1107=ORIENTED_EDGE('',*,*,#2772,.T.);
#1108=ORIENTED_EDGE('',*,*,#2773,.F.);
#1109=ORIENTED_EDGE('',*,*,#2774,.F.);
#1110=ORIENTED_EDGE('',*,*,#2775,.T.);
#1111=ORIENTED_EDGE('',*,*,#2758,.T.);
#1112=ORIENTED_EDGE('',*,*,#2776,.F.);
#1113=ORIENTED_EDGE('',*,*,#2777,.F.);
#1114=ORIENTED_EDGE('',*,*,#2778,.F.);
#1115=ORIENTED_EDGE('',*,*,#2779,.F.);
#1116=ORIENTED_EDGE('',*,*,#2780,.F.);
#1117=ORIENTED_EDGE('',*,*,#2781,.T.);
#1118=ORIENTED_EDGE('',*,*,#2782,.F.);
#1119=ORIENTED_EDGE('',*,*,#2783,.F.);
#1120=ORIENTED_EDGE('',*,*,#2784,.F.);
#1121=ORIENTED_EDGE('',*,*,#2785,.T.);
#1122=ORIENTED_EDGE('',*,*,#2786,.F.);
#1123=ORIENTED_EDGE('',*,*,#2787,.F.);
#1124=ORIENTED_EDGE('',*,*,#2788,.F.);
#1125=ORIENTED_EDGE('',*,*,#2789,.T.);
#1126=ORIENTED_EDGE('',*,*,#2790,.F.);
#1127=ORIENTED_EDGE('',*,*,#2791,.F.);
#1128=ORIENTED_EDGE('',*,*,#2792,.F.);
#1129=ORIENTED_EDGE('',*,*,#2793,.T.);
#1130=ORIENTED_EDGE('',*,*,#2794,.F.);
#1131=ORIENTED_EDGE('',*,*,#2795,.F.);
#1132=ORIENTED_EDGE('',*,*,#2796,.F.);
#1133=ORIENTED_EDGE('',*,*,#2797,.T.);
#1134=ORIENTED_EDGE('',*,*,#2798,.F.);
#1135=ORIENTED_EDGE('',*,*,#2799,.F.);
#1136=ORIENTED_EDGE('',*,*,#2800,.F.);
#1137=ORIENTED_EDGE('',*,*,#2801,.T.);
#1138=ORIENTED_EDGE('',*,*,#2802,.F.);
#1139=ORIENTED_EDGE('',*,*,#2803,.F.);
#1140=ORIENTED_EDGE('',*,*,#2804,.F.);
#1141=ORIENTED_EDGE('',*,*,#2805,.T.);
#1142=ORIENTED_EDGE('',*,*,#2806,.F.);
#1143=ORIENTED_EDGE('',*,*,#2807,.F.);
#1144=ORIENTED_EDGE('',*,*,#2759,.T.);
#1145=ORIENTED_EDGE('',*,*,#2775,.F.);
#1146=ORIENTED_EDGE('',*,*,#2808,.F.);
#1147=ORIENTED_EDGE('',*,*,#2725,.T.);
#1148=ORIENTED_EDGE('',*,*,#2809,.F.);
#1149=ORIENTED_EDGE('',*,*,#2810,.F.);
#1150=ORIENTED_EDGE('',*,*,#2811,.T.);
#1151=ORIENTED_EDGE('',*,*,#2721,.T.);
#1152=ORIENTED_EDGE('',*,*,#2812,.F.);
#1153=ORIENTED_EDGE('',*,*,#2813,.F.);
#1154=ORIENTED_EDGE('',*,*,#2814,.T.);
#1155=ORIENTED_EDGE('',*,*,#2717,.T.);
#1156=ORIENTED_EDGE('',*,*,#2815,.F.);
#1157=ORIENTED_EDGE('',*,*,#2816,.F.);
#1158=ORIENTED_EDGE('',*,*,#2817,.T.);
#1159=ORIENTED_EDGE('',*,*,#2818,.T.);
#1160=ORIENTED_EDGE('',*,*,#2819,.F.);
#1161=ORIENTED_EDGE('',*,*,#2686,.T.);
#1162=ORIENTED_EDGE('',*,*,#2726,.T.);
#1163=ORIENTED_EDGE('',*,*,#2808,.T.);
#1164=ORIENTED_EDGE('',*,*,#2774,.T.);
#1165=ORIENTED_EDGE('',*,*,#2820,.F.);
#1166=ORIENTED_EDGE('',*,*,#2714,.T.);
#1167=ORIENTED_EDGE('',*,*,#2821,.F.);
#1168=ORIENTED_EDGE('',*,*,#2822,.F.);
#1169=ORIENTED_EDGE('',*,*,#2770,.T.);
#1170=ORIENTED_EDGE('',*,*,#2713,.T.);
#1171=ORIENTED_EDGE('',*,*,#2823,.F.);
#1172=ORIENTED_EDGE('',*,*,#2824,.F.);
#1173=ORIENTED_EDGE('',*,*,#2821,.T.);
#1174=ORIENTED_EDGE('',*,*,#2712,.T.);
#1175=ORIENTED_EDGE('',*,*,#2772,.F.);
#1176=ORIENTED_EDGE('',*,*,#2825,.F.);
#1177=ORIENTED_EDGE('',*,*,#2823,.T.);
#1178=ORIENTED_EDGE('',*,*,#2822,.T.);
#1179=ORIENTED_EDGE('',*,*,#2824,.T.);
#1180=ORIENTED_EDGE('',*,*,#2825,.T.);
#1181=ORIENTED_EDGE('',*,*,#2771,.T.);
#1182=ORIENTED_EDGE('',*,*,#2718,.T.);
#1183=ORIENTED_EDGE('',*,*,#2814,.F.);
#1184=ORIENTED_EDGE('',*,*,#2826,.F.);
#1185=ORIENTED_EDGE('',*,*,#2827,.T.);
#1186=ORIENTED_EDGE('',*,*,#2720,.T.);
#1187=ORIENTED_EDGE('',*,*,#2828,.F.);
#1188=ORIENTED_EDGE('',*,*,#2829,.F.);
#1189=ORIENTED_EDGE('',*,*,#2812,.T.);
#1190=ORIENTED_EDGE('',*,*,#2719,.T.);
#1191=ORIENTED_EDGE('',*,*,#2827,.F.);
#1192=ORIENTED_EDGE('',*,*,#2830,.F.);
#1193=ORIENTED_EDGE('',*,*,#2828,.T.);
#1194=ORIENTED_EDGE('',*,*,#2826,.T.);
#1195=ORIENTED_EDGE('',*,*,#2813,.T.);
#1196=ORIENTED_EDGE('',*,*,#2829,.T.);
#1197=ORIENTED_EDGE('',*,*,#2830,.T.);
#1198=ORIENTED_EDGE('',*,*,#2729,.T.);
#1199=ORIENTED_EDGE('',*,*,#2831,.F.);
#1200=ORIENTED_EDGE('',*,*,#2832,.F.);
#1201=ORIENTED_EDGE('',*,*,#2682,.T.);
#1202=ORIENTED_EDGE('',*,*,#2728,.T.);
#1203=ORIENTED_EDGE('',*,*,#2833,.F.);
#1204=ORIENTED_EDGE('',*,*,#2834,.F.);
#1205=ORIENTED_EDGE('',*,*,#2831,.T.);
#1206=ORIENTED_EDGE('',*,*,#2727,.T.);
#1207=ORIENTED_EDGE('',*,*,#2684,.F.);
#1208=ORIENTED_EDGE('',*,*,#2835,.F.);
#1209=ORIENTED_EDGE('',*,*,#2833,.T.);
#1210=ORIENTED_EDGE('',*,*,#2832,.T.);
#1211=ORIENTED_EDGE('',*,*,#2834,.T.);
#1212=ORIENTED_EDGE('',*,*,#2835,.T.);
#1213=ORIENTED_EDGE('',*,*,#2683,.T.);
#1214=ORIENTED_EDGE('',*,*,#2722,.T.);
#1215=ORIENTED_EDGE('',*,*,#2811,.F.);
#1216=ORIENTED_EDGE('',*,*,#2836,.F.);
#1217=ORIENTED_EDGE('',*,*,#2837,.T.);
#1218=ORIENTED_EDGE('',*,*,#2724,.T.);
#1219=ORIENTED_EDGE('',*,*,#2838,.F.);
#1220=ORIENTED_EDGE('',*,*,#2839,.F.);
#1221=ORIENTED_EDGE('',*,*,#2809,.T.);
#1222=ORIENTED_EDGE('',*,*,#2723,.T.);
#1223=ORIENTED_EDGE('',*,*,#2837,.F.);
#1224=ORIENTED_EDGE('',*,*,#2840,.F.);
#1225=ORIENTED_EDGE('',*,*,#2838,.T.);
#1226=ORIENTED_EDGE('',*,*,#2836,.T.);
#1227=ORIENTED_EDGE('',*,*,#2810,.T.);
#1228=ORIENTED_EDGE('',*,*,#2839,.T.);
#1229=ORIENTED_EDGE('',*,*,#2840,.T.);
#1230=ORIENTED_EDGE('',*,*,#2767,.T.);
#1231=ORIENTED_EDGE('',*,*,#2841,.T.);
#1232=ORIENTED_EDGE('',*,*,#2842,.T.);
#1233=ORIENTED_EDGE('',*,*,#2843,.F.);
#1234=ORIENTED_EDGE('',*,*,#2841,.F.);
#1235=ORIENTED_EDGE('',*,*,#2844,.T.);
#1236=ORIENTED_EDGE('',*,*,#2845,.T.);
#1237=ORIENTED_EDGE('',*,*,#2846,.T.);
#1238=ORIENTED_EDGE('',*,*,#2845,.F.);
#1239=ORIENTED_EDGE('',*,*,#2847,.T.);
#1240=ORIENTED_EDGE('',*,*,#2848,.T.);
#1241=ORIENTED_EDGE('',*,*,#2849,.T.);
#1242=ORIENTED_EDGE('',*,*,#2848,.F.);
#1243=ORIENTED_EDGE('',*,*,#2850,.T.);
#1244=ORIENTED_EDGE('',*,*,#2739,.T.);
#1245=ORIENTED_EDGE('',*,*,#2851,.T.);
#1246=ORIENTED_EDGE('',*,*,#2737,.F.);
#1247=ORIENTED_EDGE('',*,*,#2852,.T.);
#1248=ORIENTED_EDGE('',*,*,#2853,.T.);
#1249=ORIENTED_EDGE('',*,*,#2854,.T.);
#1250=ORIENTED_EDGE('',*,*,#2853,.F.);
#1251=ORIENTED_EDGE('',*,*,#2855,.T.);
#1252=ORIENTED_EDGE('',*,*,#2856,.T.);
#1253=ORIENTED_EDGE('',*,*,#2857,.T.);
#1254=ORIENTED_EDGE('',*,*,#2856,.F.);
#1255=ORIENTED_EDGE('',*,*,#2858,.T.);
#1256=ORIENTED_EDGE('',*,*,#2859,.T.);
#1257=ORIENTED_EDGE('',*,*,#2860,.T.);
#1258=ORIENTED_EDGE('',*,*,#2689,.T.);
#1259=ORIENTED_EDGE('',*,*,#2861,.T.);
#1260=ORIENTED_EDGE('',*,*,#2862,.T.);
#1261=ORIENTED_EDGE('',*,*,#2859,.F.);
#1262=ORIENTED_EDGE('',*,*,#2861,.F.);
#1263=ORIENTED_EDGE('',*,*,#2863,.T.);
#1264=ORIENTED_EDGE('',*,*,#2864,.T.);
#1265=ORIENTED_EDGE('',*,*,#2865,.T.);
#1266=ORIENTED_EDGE('',*,*,#2864,.F.);
#1267=ORIENTED_EDGE('',*,*,#2866,.T.);
#1268=ORIENTED_EDGE('',*,*,#2867,.T.);
#1269=ORIENTED_EDGE('',*,*,#2868,.T.);
#1270=ORIENTED_EDGE('',*,*,#2867,.F.);
#1271=ORIENTED_EDGE('',*,*,#2869,.T.);
#1272=ORIENTED_EDGE('',*,*,#2870,.T.);
#1273=ORIENTED_EDGE('',*,*,#2871,.F.);
#1274=ORIENTED_EDGE('',*,*,#2872,.T.);
#1275=ORIENTED_EDGE('',*,*,#2873,.T.);
#1276=ORIENTED_EDGE('',*,*,#2874,.T.);
#1277=ORIENTED_EDGE('',*,*,#2875,.T.);
#1278=ORIENTED_EDGE('',*,*,#2876,.T.);
#1279=ORIENTED_EDGE('',*,*,#2877,.T.);
#1280=ORIENTED_EDGE('',*,*,#2878,.T.);
#1281=ORIENTED_EDGE('',*,*,#2873,.F.);
#1282=ORIENTED_EDGE('',*,*,#2879,.T.);
#1283=ORIENTED_EDGE('',*,*,#2880,.T.);
#1284=ORIENTED_EDGE('',*,*,#2881,.T.);
#1285=ORIENTED_EDGE('',*,*,#2882,.F.);
#1286=ORIENTED_EDGE('',*,*,#2883,.T.);
#1287=ORIENTED_EDGE('',*,*,#2884,.T.);
#1288=ORIENTED_EDGE('',*,*,#2885,.T.);
#1289=ORIENTED_EDGE('',*,*,#2877,.F.);
#1290=ORIENTED_EDGE('',*,*,#2886,.T.);
#1291=ORIENTED_EDGE('',*,*,#2887,.F.);
#1292=ORIENTED_EDGE('',*,*,#2884,.F.);
#1293=ORIENTED_EDGE('',*,*,#2888,.T.);
#1294=ORIENTED_EDGE('',*,*,#2889,.T.);
#1295=ORIENTED_EDGE('',*,*,#2890,.T.);
#1296=ORIENTED_EDGE('',*,*,#2889,.F.);
#1297=ORIENTED_EDGE('',*,*,#2891,.T.);
#1298=ORIENTED_EDGE('',*,*,#2843,.T.);
#1299=ORIENTED_EDGE('',*,*,#2892,.T.);
#1300=ORIENTED_EDGE('',*,*,#2893,.F.);
#1301=ORIENTED_EDGE('',*,*,#2894,.T.);
#1302=ORIENTED_EDGE('',*,*,#2895,.F.);
#1303=ORIENTED_EDGE('',*,*,#2896,.F.);
#1304=ORIENTED_EDGE('',*,*,#2897,.F.);
#1305=ORIENTED_EDGE('',*,*,#2898,.T.);
#1306=ORIENTED_EDGE('',*,*,#2899,.F.);
#1307=ORIENTED_EDGE('',*,*,#2900,.F.);
#1308=ORIENTED_EDGE('',*,*,#2901,.F.);
#1309=ORIENTED_EDGE('',*,*,#2902,.T.);
#1310=ORIENTED_EDGE('',*,*,#2903,.F.);
#1311=ORIENTED_EDGE('',*,*,#2904,.F.);
#1312=ORIENTED_EDGE('',*,*,#2905,.F.);
#1313=ORIENTED_EDGE('',*,*,#2906,.T.);
#1314=ORIENTED_EDGE('',*,*,#2907,.F.);
#1315=ORIENTED_EDGE('',*,*,#2908,.F.);
#1316=ORIENTED_EDGE('',*,*,#2909,.F.);
#1317=ORIENTED_EDGE('',*,*,#2910,.T.);
#1318=ORIENTED_EDGE('',*,*,#2911,.F.);
#1319=ORIENTED_EDGE('',*,*,#2912,.F.);
#1320=ORIENTED_EDGE('',*,*,#2913,.F.);
#1321=ORIENTED_EDGE('',*,*,#2914,.T.);
#1322=ORIENTED_EDGE('',*,*,#2915,.F.);
#1323=ORIENTED_EDGE('',*,*,#2916,.F.);
#1324=ORIENTED_EDGE('',*,*,#2917,.F.);
#1325=ORIENTED_EDGE('',*,*,#2918,.T.);
#1326=ORIENTED_EDGE('',*,*,#2919,.F.);
#1327=ORIENTED_EDGE('',*,*,#2920,.F.);
#1328=ORIENTED_EDGE('',*,*,#2842,.F.);
#1329=ORIENTED_EDGE('',*,*,#2846,.F.);
#1330=ORIENTED_EDGE('',*,*,#2849,.F.);
#1331=ORIENTED_EDGE('',*,*,#2851,.F.);
#1332=ORIENTED_EDGE('',*,*,#2738,.F.);
#1333=ORIENTED_EDGE('',*,*,#2854,.F.);
#1334=ORIENTED_EDGE('',*,*,#2857,.F.);
#1335=ORIENTED_EDGE('',*,*,#2860,.F.);
#1336=ORIENTED_EDGE('',*,*,#2862,.F.);
#1337=ORIENTED_EDGE('',*,*,#2865,.F.);
#1338=ORIENTED_EDGE('',*,*,#2868,.F.);
#1339=ORIENTED_EDGE('',*,*,#2874,.F.);
#1340=ORIENTED_EDGE('',*,*,#2878,.F.);
#1341=ORIENTED_EDGE('',*,*,#2885,.F.);
#1342=ORIENTED_EDGE('',*,*,#2890,.F.);
#1343=ORIENTED_EDGE('',*,*,#2892,.F.);
#1344=ORIENTED_EDGE('',*,*,#2769,.T.);
#1345=ORIENTED_EDGE('',*,*,#2921,.T.);
#1346=ORIENTED_EDGE('',*,*,#2882,.T.);
#1347=ORIENTED_EDGE('',*,*,#2922,.F.);
#1348=ORIENTED_EDGE('',*,*,#2756,.T.);
#1349=ORIENTED_EDGE('',*,*,#2923,.T.);
#1350=ORIENTED_EDGE('',*,*,#2924,.T.);
#1351=ORIENTED_EDGE('',*,*,#2871,.T.);
#1352=ORIENTED_EDGE('',*,*,#2925,.T.);
#1353=ORIENTED_EDGE('',*,*,#2820,.T.);
#1354=ORIENTED_EDGE('',*,*,#2773,.T.);
#1355=ORIENTED_EDGE('',*,*,#2880,.F.);
#1356=ORIENTED_EDGE('',*,*,#2926,.T.);
#1357=ORIENTED_EDGE('',*,*,#2923,.F.);
#1358=ORIENTED_EDGE('',*,*,#2779,.T.);
#1359=ORIENTED_EDGE('',*,*,#2927,.T.);
#1360=ORIENTED_EDGE('',*,*,#2928,.T.);
#1361=ORIENTED_EDGE('',*,*,#2929,.T.);
#1362=ORIENTED_EDGE('',*,*,#2930,.T.);
#1363=ORIENTED_EDGE('',*,*,#2927,.F.);
#1364=ORIENTED_EDGE('',*,*,#2778,.T.);
#1365=ORIENTED_EDGE('',*,*,#2931,.T.);
#1366=ORIENTED_EDGE('',*,*,#2932,.T.);
#1367=ORIENTED_EDGE('',*,*,#2875,.F.);
#1368=ORIENTED_EDGE('',*,*,#2933,.T.);
#1369=ORIENTED_EDGE('',*,*,#2929,.F.);
#1370=ORIENTED_EDGE('',*,*,#2777,.T.);
#1371=ORIENTED_EDGE('',*,*,#2922,.T.);
#1372=ORIENTED_EDGE('',*,*,#2887,.T.);
#1373=ORIENTED_EDGE('',*,*,#2934,.T.);
#1374=ORIENTED_EDGE('',*,*,#2931,.F.);
#1375=ORIENTED_EDGE('',*,*,#2776,.T.);
#1376=ORIENTED_EDGE('',*,*,#2757,.F.);
#1377=ORIENTED_EDGE('',*,*,#2870,.F.);
#1378=ORIENTED_EDGE('',*,*,#2935,.T.);
#1379=ORIENTED_EDGE('',*,*,#2687,.T.);
#1380=ORIENTED_EDGE('',*,*,#2819,.T.);
#1381=ORIENTED_EDGE('',*,*,#2925,.F.);
#1382=ORIENTED_EDGE('',*,*,#2936,.F.);
#1383=ORIENTED_EDGE('',*,*,#2818,.F.);
#1384=ORIENTED_EDGE('',*,*,#2937,.T.);
#1385=ORIENTED_EDGE('',*,*,#2938,.T.);
#1386=ORIENTED_EDGE('',*,*,#2939,.F.);
#1387=ORIENTED_EDGE('',*,*,#2938,.F.);
#1388=ORIENTED_EDGE('',*,*,#2940,.T.);
#1389=ORIENTED_EDGE('',*,*,#2941,.T.);
#1390=ORIENTED_EDGE('',*,*,#2942,.F.);
#1391=ORIENTED_EDGE('',*,*,#2941,.F.);
#1392=ORIENTED_EDGE('',*,*,#2943,.T.);
#1393=ORIENTED_EDGE('',*,*,#2944,.T.);
#1394=ORIENTED_EDGE('',*,*,#2945,.F.);
#1395=ORIENTED_EDGE('',*,*,#2944,.F.);
#1396=ORIENTED_EDGE('',*,*,#2946,.T.);
#1397=ORIENTED_EDGE('',*,*,#2947,.T.);
#1398=ORIENTED_EDGE('',*,*,#2948,.F.);
#1399=ORIENTED_EDGE('',*,*,#2947,.F.);
#1400=ORIENTED_EDGE('',*,*,#2949,.T.);
#1401=ORIENTED_EDGE('',*,*,#2950,.T.);
#1402=ORIENTED_EDGE('',*,*,#2951,.F.);
#1403=ORIENTED_EDGE('',*,*,#2952,.F.);
#1404=ORIENTED_EDGE('',*,*,#2950,.F.);
#1405=ORIENTED_EDGE('',*,*,#2953,.T.);
#1406=ORIENTED_EDGE('',*,*,#2816,.T.);
#1407=ORIENTED_EDGE('',*,*,#2954,.F.);
#1408=ORIENTED_EDGE('',*,*,#2955,.F.);
#1409=ORIENTED_EDGE('',*,*,#2956,.F.);
#1410=ORIENTED_EDGE('',*,*,#2817,.F.);
#1411=ORIENTED_EDGE('',*,*,#2953,.F.);
#1412=ORIENTED_EDGE('',*,*,#2949,.F.);
#1413=ORIENTED_EDGE('',*,*,#2946,.F.);
#1414=ORIENTED_EDGE('',*,*,#2943,.F.);
#1415=ORIENTED_EDGE('',*,*,#2940,.F.);
#1416=ORIENTED_EDGE('',*,*,#2937,.F.);
#1417=ORIENTED_EDGE('',*,*,#2957,.T.);
#1418=ORIENTED_EDGE('',*,*,#2958,.T.);
#1419=ORIENTED_EDGE('',*,*,#2959,.T.);
#1420=ORIENTED_EDGE('',*,*,#2960,.T.);
#1421=ORIENTED_EDGE('',*,*,#2954,.T.);
#1422=ORIENTED_EDGE('',*,*,#2815,.T.);
#1423=ORIENTED_EDGE('',*,*,#2936,.T.);
#1424=ORIENTED_EDGE('',*,*,#2939,.T.);
#1425=ORIENTED_EDGE('',*,*,#2942,.T.);
#1426=ORIENTED_EDGE('',*,*,#2945,.T.);
#1427=ORIENTED_EDGE('',*,*,#2948,.T.);
#1428=ORIENTED_EDGE('',*,*,#2952,.T.);
#1429=ORIENTED_EDGE('',*,*,#2961,.T.);
#1430=ORIENTED_EDGE('',*,*,#2962,.F.);
#1431=ORIENTED_EDGE('',*,*,#2963,.F.);
#1432=ORIENTED_EDGE('',*,*,#2964,.T.);
#1433=ORIENTED_EDGE('',*,*,#2965,.T.);
#1434=ORIENTED_EDGE('',*,*,#2966,.F.);
#1435=ORIENTED_EDGE('',*,*,#2965,.F.);
#1436=ORIENTED_EDGE('',*,*,#2967,.T.);
#1437=ORIENTED_EDGE('',*,*,#2968,.T.);
#1438=ORIENTED_EDGE('',*,*,#2969,.F.);
#1439=ORIENTED_EDGE('',*,*,#2968,.F.);
#1440=ORIENTED_EDGE('',*,*,#2970,.T.);
#1441=ORIENTED_EDGE('',*,*,#2971,.T.);
#1442=ORIENTED_EDGE('',*,*,#2972,.F.);
#1443=ORIENTED_EDGE('',*,*,#2971,.F.);
#1444=ORIENTED_EDGE('',*,*,#2973,.T.);
#1445=ORIENTED_EDGE('',*,*,#2762,.T.);
#1446=ORIENTED_EDGE('',*,*,#2974,.F.);
#1447=ORIENTED_EDGE('',*,*,#2975,.F.);
#1448=ORIENTED_EDGE('',*,*,#2976,.F.);
#1449=ORIENTED_EDGE('',*,*,#2977,.F.);
#1450=ORIENTED_EDGE('',*,*,#2764,.F.);
#1451=ORIENTED_EDGE('',*,*,#2978,.T.);
#1452=ORIENTED_EDGE('',*,*,#2979,.T.);
#1453=ORIENTED_EDGE('',*,*,#2980,.F.);
#1454=ORIENTED_EDGE('',*,*,#2981,.F.);
#1455=ORIENTED_EDGE('',*,*,#2979,.F.);
#1456=ORIENTED_EDGE('',*,*,#2982,.T.);
#1457=ORIENTED_EDGE('',*,*,#2963,.T.);
#1458=ORIENTED_EDGE('',*,*,#2964,.F.);
#1459=ORIENTED_EDGE('',*,*,#2982,.F.);
#1460=ORIENTED_EDGE('',*,*,#2978,.F.);
#1461=ORIENTED_EDGE('',*,*,#2763,.F.);
#1462=ORIENTED_EDGE('',*,*,#2973,.F.);
#1463=ORIENTED_EDGE('',*,*,#2970,.F.);
#1464=ORIENTED_EDGE('',*,*,#2967,.F.);
#1465=ORIENTED_EDGE('',*,*,#2983,.T.);
#1466=ORIENTED_EDGE('',*,*,#2984,.T.);
#1467=ORIENTED_EDGE('',*,*,#2985,.T.);
#1468=ORIENTED_EDGE('',*,*,#2986,.T.);
#1469=ORIENTED_EDGE('',*,*,#2980,.T.);
#1470=ORIENTED_EDGE('',*,*,#2981,.T.);
#1471=ORIENTED_EDGE('',*,*,#2962,.T.);
#1472=ORIENTED_EDGE('',*,*,#2966,.T.);
#1473=ORIENTED_EDGE('',*,*,#2969,.T.);
#1474=ORIENTED_EDGE('',*,*,#2972,.T.);
#1475=ORIENTED_EDGE('',*,*,#2761,.T.);
#1476=ORIENTED_EDGE('',*,*,#2977,.T.);
#1477=ORIENTED_EDGE('',*,*,#2987,.T.);
#1478=ORIENTED_EDGE('',*,*,#2921,.F.);
#1479=ORIENTED_EDGE('',*,*,#2768,.F.);
#1480=ORIENTED_EDGE('',*,*,#2891,.F.);
#1481=ORIENTED_EDGE('',*,*,#2888,.F.);
#1482=ORIENTED_EDGE('',*,*,#2883,.F.);
#1483=ORIENTED_EDGE('',*,*,#2855,.F.);
#1484=ORIENTED_EDGE('',*,*,#2852,.F.);
#1485=ORIENTED_EDGE('',*,*,#2694,.F.);
#1486=ORIENTED_EDGE('',*,*,#2690,.F.);
#1487=ORIENTED_EDGE('',*,*,#2858,.F.);
#1488=ORIENTED_EDGE('',*,*,#2844,.F.);
#1489=ORIENTED_EDGE('',*,*,#2766,.F.);
#1490=ORIENTED_EDGE('',*,*,#2754,.T.);
#1491=ORIENTED_EDGE('',*,*,#2850,.F.);
#1492=ORIENTED_EDGE('',*,*,#2847,.F.);
#1493=ORIENTED_EDGE('',*,*,#2863,.F.);
#1494=ORIENTED_EDGE('',*,*,#2688,.F.);
#1495=ORIENTED_EDGE('',*,*,#2935,.F.);
#1496=ORIENTED_EDGE('',*,*,#2869,.F.);
#1497=ORIENTED_EDGE('',*,*,#2866,.F.);
#1498=ORIENTED_EDGE('',*,*,#2932,.F.);
#1499=ORIENTED_EDGE('',*,*,#2934,.F.);
#1500=ORIENTED_EDGE('',*,*,#2886,.F.);
#1501=ORIENTED_EDGE('',*,*,#2876,.F.);
#1502=ORIENTED_EDGE('',*,*,#2928,.F.);
#1503=ORIENTED_EDGE('',*,*,#2930,.F.);
#1504=ORIENTED_EDGE('',*,*,#2933,.F.);
#1505=ORIENTED_EDGE('',*,*,#2881,.F.);
#1506=ORIENTED_EDGE('',*,*,#2872,.F.);
#1507=ORIENTED_EDGE('',*,*,#2924,.F.);
#1508=ORIENTED_EDGE('',*,*,#2926,.F.);
#1509=ORIENTED_EDGE('',*,*,#2879,.F.);
#1510=ORIENTED_EDGE('',*,*,#2708,.T.);
#1511=ORIENTED_EDGE('',*,*,#2988,.F.);
#1512=ORIENTED_EDGE('',*,*,#2743,.T.);
#1513=ORIENTED_EDGE('',*,*,#2989,.T.);
#1514=ORIENTED_EDGE('',*,*,#2709,.T.);
#1515=ORIENTED_EDGE('',*,*,#2989,.F.);
#1516=ORIENTED_EDGE('',*,*,#2742,.T.);
#1517=ORIENTED_EDGE('',*,*,#2990,.T.);
#1518=ORIENTED_EDGE('',*,*,#2753,.T.);
#1519=ORIENTED_EDGE('',*,*,#2765,.F.);
#1520=ORIENTED_EDGE('',*,*,#2710,.T.);
#1521=ORIENTED_EDGE('',*,*,#2990,.F.);
#1522=ORIENTED_EDGE('',*,*,#2741,.T.);
#1523=ORIENTED_EDGE('',*,*,#2698,.T.);
#1524=ORIENTED_EDGE('',*,*,#2747,.T.);
#1525=ORIENTED_EDGE('',*,*,#2991,.T.);
#1526=ORIENTED_EDGE('',*,*,#2704,.T.);
#1527=ORIENTED_EDGE('',*,*,#2701,.T.);
#1528=ORIENTED_EDGE('',*,*,#2705,.T.);
#1529=ORIENTED_EDGE('',*,*,#2991,.F.);
#1530=ORIENTED_EDGE('',*,*,#2746,.T.);
#1531=ORIENTED_EDGE('',*,*,#2992,.T.);
#1532=ORIENTED_EDGE('',*,*,#2706,.T.);
#1533=ORIENTED_EDGE('',*,*,#2992,.F.);
#1534=ORIENTED_EDGE('',*,*,#2745,.T.);
#1535=ORIENTED_EDGE('',*,*,#2993,.T.);
#1536=ORIENTED_EDGE('',*,*,#2707,.T.);
#1537=ORIENTED_EDGE('',*,*,#2993,.F.);
#1538=ORIENTED_EDGE('',*,*,#2744,.T.);
#1539=ORIENTED_EDGE('',*,*,#2988,.T.);
#1540=ORIENTED_EDGE('',*,*,#2994,.F.);
#1541=ORIENTED_EDGE('',*,*,#2735,.F.);
#1542=ORIENTED_EDGE('',*,*,#2995,.T.);
#1543=ORIENTED_EDGE('',*,*,#2731,.F.);
#1544=ORIENTED_EDGE('',*,*,#2736,.F.);
#1545=ORIENTED_EDGE('',*,*,#2994,.T.);
#1546=ORIENTED_EDGE('',*,*,#2730,.F.);
#1547=ORIENTED_EDGE('',*,*,#2680,.T.);
#1548=ORIENTED_EDGE('',*,*,#2693,.F.);
#1549=ORIENTED_EDGE('',*,*,#2700,.F.);
#1550=ORIENTED_EDGE('',*,*,#2703,.F.);
#1551=ORIENTED_EDGE('',*,*,#2996,.F.);
#1552=ORIENTED_EDGE('',*,*,#2748,.F.);
#1553=ORIENTED_EDGE('',*,*,#2696,.F.);
#1554=ORIENTED_EDGE('',*,*,#2997,.F.);
#1555=ORIENTED_EDGE('',*,*,#2749,.F.);
#1556=ORIENTED_EDGE('',*,*,#2996,.T.);
#1557=ORIENTED_EDGE('',*,*,#2702,.F.);
#1558=ORIENTED_EDGE('',*,*,#2998,.F.);
#1559=ORIENTED_EDGE('',*,*,#2750,.F.);
#1560=ORIENTED_EDGE('',*,*,#2997,.T.);
#1561=ORIENTED_EDGE('',*,*,#2734,.F.);
#1562=ORIENTED_EDGE('',*,*,#2995,.F.);
#1563=ORIENTED_EDGE('',*,*,#2752,.F.);
#1564=ORIENTED_EDGE('',*,*,#2999,.T.);
#1565=ORIENTED_EDGE('',*,*,#2732,.F.);
#1566=ORIENTED_EDGE('',*,*,#2999,.F.);
#1567=ORIENTED_EDGE('',*,*,#2751,.F.);
#1568=ORIENTED_EDGE('',*,*,#2998,.T.);
#1569=ORIENTED_EDGE('',*,*,#2733,.F.);
#1570=ORIENTED_EDGE('',*,*,#3000,.T.);
#1571=ORIENTED_EDGE('',*,*,#3001,.F.);
#1572=ORIENTED_EDGE('',*,*,#3002,.F.);
#1573=ORIENTED_EDGE('',*,*,#3003,.T.);
#1574=ORIENTED_EDGE('',*,*,#3004,.T.);
#1575=ORIENTED_EDGE('',*,*,#3005,.F.);
#1576=ORIENTED_EDGE('',*,*,#3006,.F.);
#1577=ORIENTED_EDGE('',*,*,#3001,.T.);
#1578=ORIENTED_EDGE('',*,*,#3007,.T.);
#1579=ORIENTED_EDGE('',*,*,#3008,.F.);
#1580=ORIENTED_EDGE('',*,*,#3009,.F.);
#1581=ORIENTED_EDGE('',*,*,#3005,.T.);
#1582=ORIENTED_EDGE('',*,*,#3010,.F.);
#1583=ORIENTED_EDGE('',*,*,#2920,.T.);
#1584=ORIENTED_EDGE('',*,*,#3011,.F.);
#1585=ORIENTED_EDGE('',*,*,#3007,.F.);
#1586=ORIENTED_EDGE('',*,*,#3004,.F.);
#1587=ORIENTED_EDGE('',*,*,#3000,.F.);
#1588=ORIENTED_EDGE('',*,*,#2918,.F.);
#1589=ORIENTED_EDGE('',*,*,#3012,.T.);
#1590=ORIENTED_EDGE('',*,*,#3002,.T.);
#1591=ORIENTED_EDGE('',*,*,#3006,.T.);
#1592=ORIENTED_EDGE('',*,*,#3009,.T.);
#1593=ORIENTED_EDGE('',*,*,#3013,.T.);
#1594=ORIENTED_EDGE('',*,*,#3012,.F.);
#1595=ORIENTED_EDGE('',*,*,#2917,.T.);
#1596=ORIENTED_EDGE('',*,*,#3010,.T.);
#1597=ORIENTED_EDGE('',*,*,#3003,.F.);
#1598=ORIENTED_EDGE('',*,*,#3011,.T.);
#1599=ORIENTED_EDGE('',*,*,#2919,.T.);
#1600=ORIENTED_EDGE('',*,*,#3013,.F.);
#1601=ORIENTED_EDGE('',*,*,#3008,.T.);
#1602=ORIENTED_EDGE('',*,*,#3014,.F.);
#1603=ORIENTED_EDGE('',*,*,#2804,.T.);
#1604=ORIENTED_EDGE('',*,*,#3015,.T.);
#1605=ORIENTED_EDGE('',*,*,#3016,.F.);
#1606=ORIENTED_EDGE('',*,*,#3017,.T.);
#1607=ORIENTED_EDGE('',*,*,#2806,.T.);
#1608=ORIENTED_EDGE('',*,*,#3018,.F.);
#1609=ORIENTED_EDGE('',*,*,#3019,.T.);
#1610=ORIENTED_EDGE('',*,*,#2805,.F.);
#1611=ORIENTED_EDGE('',*,*,#3014,.T.);
#1612=ORIENTED_EDGE('',*,*,#3020,.T.);
#1613=ORIENTED_EDGE('',*,*,#3021,.T.);
#1614=ORIENTED_EDGE('',*,*,#3022,.T.);
#1615=ORIENTED_EDGE('',*,*,#3023,.T.);
#1616=ORIENTED_EDGE('',*,*,#3024,.T.);
#1617=ORIENTED_EDGE('',*,*,#3025,.T.);
#1618=ORIENTED_EDGE('',*,*,#3026,.T.);
#1619=ORIENTED_EDGE('',*,*,#3018,.T.);
#1620=ORIENTED_EDGE('',*,*,#3015,.F.);
#1621=ORIENTED_EDGE('',*,*,#2807,.T.);
#1622=ORIENTED_EDGE('',*,*,#3017,.F.);
#1623=ORIENTED_EDGE('',*,*,#3027,.F.);
#1624=ORIENTED_EDGE('',*,*,#3028,.F.);
#1625=ORIENTED_EDGE('',*,*,#3029,.F.);
#1626=ORIENTED_EDGE('',*,*,#3030,.F.);
#1627=ORIENTED_EDGE('',*,*,#3031,.F.);
#1628=ORIENTED_EDGE('',*,*,#3032,.F.);
#1629=ORIENTED_EDGE('',*,*,#3033,.F.);
#1630=ORIENTED_EDGE('',*,*,#3033,.T.);
#1631=ORIENTED_EDGE('',*,*,#3034,.F.);
#1632=ORIENTED_EDGE('',*,*,#3020,.F.);
#1633=ORIENTED_EDGE('',*,*,#3016,.T.);
#1634=ORIENTED_EDGE('',*,*,#3032,.T.);
#1635=ORIENTED_EDGE('',*,*,#3035,.F.);
#1636=ORIENTED_EDGE('',*,*,#3021,.F.);
#1637=ORIENTED_EDGE('',*,*,#3034,.T.);
#1638=ORIENTED_EDGE('',*,*,#3031,.T.);
#1639=ORIENTED_EDGE('',*,*,#3036,.F.);
#1640=ORIENTED_EDGE('',*,*,#3022,.F.);
#1641=ORIENTED_EDGE('',*,*,#3035,.T.);
#1642=ORIENTED_EDGE('',*,*,#3030,.T.);
#1643=ORIENTED_EDGE('',*,*,#3037,.F.);
#1644=ORIENTED_EDGE('',*,*,#3023,.F.);
#1645=ORIENTED_EDGE('',*,*,#3036,.T.);
#1646=ORIENTED_EDGE('',*,*,#3029,.T.);
#1647=ORIENTED_EDGE('',*,*,#3038,.F.);
#1648=ORIENTED_EDGE('',*,*,#3024,.F.);
#1649=ORIENTED_EDGE('',*,*,#3037,.T.);
#1650=ORIENTED_EDGE('',*,*,#3028,.T.);
#1651=ORIENTED_EDGE('',*,*,#3039,.F.);
#1652=ORIENTED_EDGE('',*,*,#3025,.F.);
#1653=ORIENTED_EDGE('',*,*,#3038,.T.);
#1654=ORIENTED_EDGE('',*,*,#3027,.T.);
#1655=ORIENTED_EDGE('',*,*,#3019,.F.);
#1656=ORIENTED_EDGE('',*,*,#3026,.F.);
#1657=ORIENTED_EDGE('',*,*,#3039,.T.);
#1658=ORIENTED_EDGE('',*,*,#2961,.F.);
#1659=ORIENTED_EDGE('',*,*,#2951,.T.);
#1660=ORIENTED_EDGE('',*,*,#3040,.T.);
#1661=ORIENTED_EDGE('',*,*,#3041,.T.);
#1662=ORIENTED_EDGE('',*,*,#3042,.T.);
#1663=ORIENTED_EDGE('',*,*,#3043,.T.);
#1664=ORIENTED_EDGE('',*,*,#3044,.T.);
#1665=ORIENTED_EDGE('',*,*,#3045,.T.);
#1666=ORIENTED_EDGE('',*,*,#2957,.F.);
#1667=ORIENTED_EDGE('',*,*,#3041,.F.);
#1668=ORIENTED_EDGE('',*,*,#3044,.F.);
#1669=ORIENTED_EDGE('',*,*,#3046,.T.);
#1670=ORIENTED_EDGE('',*,*,#3047,.T.);
#1671=ORIENTED_EDGE('',*,*,#3048,.T.);
#1672=ORIENTED_EDGE('',*,*,#3047,.F.);
#1673=ORIENTED_EDGE('',*,*,#3049,.T.);
#1674=ORIENTED_EDGE('',*,*,#3050,.T.);
#1675=ORIENTED_EDGE('',*,*,#3051,.T.);
#1676=ORIENTED_EDGE('',*,*,#2959,.F.);
#1677=ORIENTED_EDGE('',*,*,#3052,.T.);
#1678=ORIENTED_EDGE('',*,*,#3053,.T.);
#1679=ORIENTED_EDGE('',*,*,#2955,.T.);
#1680=ORIENTED_EDGE('',*,*,#2960,.F.);
#1681=ORIENTED_EDGE('',*,*,#3051,.F.);
#1682=ORIENTED_EDGE('',*,*,#3050,.F.);
#1683=ORIENTED_EDGE('',*,*,#3054,.T.);
#1684=ORIENTED_EDGE('',*,*,#3042,.F.);
#1685=ORIENTED_EDGE('',*,*,#3040,.F.);
#1686=ORIENTED_EDGE('',*,*,#2956,.T.);
#1687=ORIENTED_EDGE('',*,*,#3053,.F.);
#1688=ORIENTED_EDGE('',*,*,#3055,.F.);
#1689=ORIENTED_EDGE('',*,*,#3056,.T.);
#1690=ORIENTED_EDGE('',*,*,#3057,.T.);
#1691=ORIENTED_EDGE('',*,*,#3058,.T.);
#1692=ORIENTED_EDGE('',*,*,#3057,.F.);
#1693=ORIENTED_EDGE('',*,*,#3059,.T.);
#1694=ORIENTED_EDGE('',*,*,#3060,.T.);
#1695=ORIENTED_EDGE('',*,*,#3061,.T.);
#1696=ORIENTED_EDGE('',*,*,#2985,.F.);
#1697=ORIENTED_EDGE('',*,*,#3062,.T.);
#1698=ORIENTED_EDGE('',*,*,#3063,.T.);
#1699=ORIENTED_EDGE('',*,*,#2974,.T.);
#1700=ORIENTED_EDGE('',*,*,#2986,.F.);
#1701=ORIENTED_EDGE('',*,*,#3061,.F.);
#1702=ORIENTED_EDGE('',*,*,#2987,.F.);
#1703=ORIENTED_EDGE('',*,*,#2976,.T.);
#1704=ORIENTED_EDGE('',*,*,#3064,.T.);
#1705=ORIENTED_EDGE('',*,*,#3065,.T.);
#1706=ORIENTED_EDGE('',*,*,#3066,.T.);
#1707=ORIENTED_EDGE('',*,*,#3067,.T.);
#1708=ORIENTED_EDGE('',*,*,#3055,.T.);
#1709=ORIENTED_EDGE('',*,*,#3068,.T.);
#1710=ORIENTED_EDGE('',*,*,#2983,.F.);
#1711=ORIENTED_EDGE('',*,*,#3065,.F.);
#1712=ORIENTED_EDGE('',*,*,#3060,.F.);
#1713=ORIENTED_EDGE('',*,*,#3069,.T.);
#1714=ORIENTED_EDGE('',*,*,#3066,.F.);
#1715=ORIENTED_EDGE('',*,*,#3064,.F.);
#1716=ORIENTED_EDGE('',*,*,#2975,.T.);
#1717=ORIENTED_EDGE('',*,*,#3063,.F.);
#1718=ORIENTED_EDGE('',*,*,#3067,.F.);
#1719=ORIENTED_EDGE('',*,*,#3069,.F.);
#1720=ORIENTED_EDGE('',*,*,#3059,.F.);
#1721=ORIENTED_EDGE('',*,*,#3056,.F.);
#1722=ORIENTED_EDGE('',*,*,#3068,.F.);
#1723=ORIENTED_EDGE('',*,*,#3058,.F.);
#1724=ORIENTED_EDGE('',*,*,#3062,.F.);
#1725=ORIENTED_EDGE('',*,*,#2984,.F.);
#1726=ORIENTED_EDGE('',*,*,#3043,.F.);
#1727=ORIENTED_EDGE('',*,*,#3054,.F.);
#1728=ORIENTED_EDGE('',*,*,#3049,.F.);
#1729=ORIENTED_EDGE('',*,*,#3046,.F.);
#1730=ORIENTED_EDGE('',*,*,#3045,.F.);
#1731=ORIENTED_EDGE('',*,*,#3048,.F.);
#1732=ORIENTED_EDGE('',*,*,#3052,.F.);
#1733=ORIENTED_EDGE('',*,*,#2958,.F.);
#1734=ORIENTED_EDGE('',*,*,#3070,.T.);
#1735=ORIENTED_EDGE('',*,*,#3071,.F.);
#1736=ORIENTED_EDGE('',*,*,#3072,.F.);
#1737=ORIENTED_EDGE('',*,*,#3073,.T.);
#1738=ORIENTED_EDGE('',*,*,#3074,.T.);
#1739=ORIENTED_EDGE('',*,*,#3075,.F.);
#1740=ORIENTED_EDGE('',*,*,#3076,.F.);
#1741=ORIENTED_EDGE('',*,*,#3071,.T.);
#1742=ORIENTED_EDGE('',*,*,#3077,.T.);
#1743=ORIENTED_EDGE('',*,*,#3078,.F.);
#1744=ORIENTED_EDGE('',*,*,#3079,.F.);
#1745=ORIENTED_EDGE('',*,*,#3075,.T.);
#1746=ORIENTED_EDGE('',*,*,#3080,.F.);
#1747=ORIENTED_EDGE('',*,*,#2916,.T.);
#1748=ORIENTED_EDGE('',*,*,#3081,.F.);
#1749=ORIENTED_EDGE('',*,*,#3077,.F.);
#1750=ORIENTED_EDGE('',*,*,#3074,.F.);
#1751=ORIENTED_EDGE('',*,*,#3070,.F.);
#1752=ORIENTED_EDGE('',*,*,#2914,.F.);
#1753=ORIENTED_EDGE('',*,*,#3082,.T.);
#1754=ORIENTED_EDGE('',*,*,#3072,.T.);
#1755=ORIENTED_EDGE('',*,*,#3076,.T.);
#1756=ORIENTED_EDGE('',*,*,#3079,.T.);
#1757=ORIENTED_EDGE('',*,*,#3083,.T.);
#1758=ORIENTED_EDGE('',*,*,#3082,.F.);
#1759=ORIENTED_EDGE('',*,*,#2913,.T.);
#1760=ORIENTED_EDGE('',*,*,#3080,.T.);
#1761=ORIENTED_EDGE('',*,*,#3073,.F.);
#1762=ORIENTED_EDGE('',*,*,#3081,.T.);
#1763=ORIENTED_EDGE('',*,*,#2915,.T.);
#1764=ORIENTED_EDGE('',*,*,#3083,.F.);
#1765=ORIENTED_EDGE('',*,*,#3078,.T.);
#1766=ORIENTED_EDGE('',*,*,#3084,.T.);
#1767=ORIENTED_EDGE('',*,*,#3085,.F.);
#1768=ORIENTED_EDGE('',*,*,#3086,.F.);
#1769=ORIENTED_EDGE('',*,*,#3087,.T.);
#1770=ORIENTED_EDGE('',*,*,#3088,.T.);
#1771=ORIENTED_EDGE('',*,*,#3089,.F.);
#1772=ORIENTED_EDGE('',*,*,#3090,.F.);
#1773=ORIENTED_EDGE('',*,*,#3085,.T.);
#1774=ORIENTED_EDGE('',*,*,#3091,.T.);
#1775=ORIENTED_EDGE('',*,*,#3092,.F.);
#1776=ORIENTED_EDGE('',*,*,#3093,.F.);
#1777=ORIENTED_EDGE('',*,*,#3089,.T.);
#1778=ORIENTED_EDGE('',*,*,#3094,.F.);
#1779=ORIENTED_EDGE('',*,*,#2912,.T.);
#1780=ORIENTED_EDGE('',*,*,#3095,.F.);
#1781=ORIENTED_EDGE('',*,*,#3091,.F.);
#1782=ORIENTED_EDGE('',*,*,#3088,.F.);
#1783=ORIENTED_EDGE('',*,*,#3084,.F.);
#1784=ORIENTED_EDGE('',*,*,#2910,.F.);
#1785=ORIENTED_EDGE('',*,*,#3096,.T.);
#1786=ORIENTED_EDGE('',*,*,#3086,.T.);
#1787=ORIENTED_EDGE('',*,*,#3090,.T.);
#1788=ORIENTED_EDGE('',*,*,#3093,.T.);
#1789=ORIENTED_EDGE('',*,*,#3097,.T.);
#1790=ORIENTED_EDGE('',*,*,#3096,.F.);
#1791=ORIENTED_EDGE('',*,*,#2909,.T.);
#1792=ORIENTED_EDGE('',*,*,#3094,.T.);
#1793=ORIENTED_EDGE('',*,*,#3087,.F.);
#1794=ORIENTED_EDGE('',*,*,#3095,.T.);
#1795=ORIENTED_EDGE('',*,*,#2911,.T.);
#1796=ORIENTED_EDGE('',*,*,#3097,.F.);
#1797=ORIENTED_EDGE('',*,*,#3092,.T.);
#1798=ORIENTED_EDGE('',*,*,#3098,.T.);
#1799=ORIENTED_EDGE('',*,*,#3099,.F.);
#1800=ORIENTED_EDGE('',*,*,#3100,.F.);
#1801=ORIENTED_EDGE('',*,*,#3101,.T.);
#1802=ORIENTED_EDGE('',*,*,#3102,.T.);
#1803=ORIENTED_EDGE('',*,*,#3103,.F.);
#1804=ORIENTED_EDGE('',*,*,#3104,.F.);
#1805=ORIENTED_EDGE('',*,*,#3099,.T.);
#1806=ORIENTED_EDGE('',*,*,#3105,.T.);
#1807=ORIENTED_EDGE('',*,*,#3106,.F.);
#1808=ORIENTED_EDGE('',*,*,#3107,.F.);
#1809=ORIENTED_EDGE('',*,*,#3103,.T.);
#1810=ORIENTED_EDGE('',*,*,#3108,.F.);
#1811=ORIENTED_EDGE('',*,*,#2908,.T.);
#1812=ORIENTED_EDGE('',*,*,#3109,.F.);
#1813=ORIENTED_EDGE('',*,*,#3105,.F.);
#1814=ORIENTED_EDGE('',*,*,#3102,.F.);
#1815=ORIENTED_EDGE('',*,*,#3098,.F.);
#1816=ORIENTED_EDGE('',*,*,#2906,.F.);
#1817=ORIENTED_EDGE('',*,*,#3110,.T.);
#1818=ORIENTED_EDGE('',*,*,#3100,.T.);
#1819=ORIENTED_EDGE('',*,*,#3104,.T.);
#1820=ORIENTED_EDGE('',*,*,#3107,.T.);
#1821=ORIENTED_EDGE('',*,*,#3111,.T.);
#1822=ORIENTED_EDGE('',*,*,#3110,.F.);
#1823=ORIENTED_EDGE('',*,*,#2905,.T.);
#1824=ORIENTED_EDGE('',*,*,#3108,.T.);
#1825=ORIENTED_EDGE('',*,*,#3101,.F.);
#1826=ORIENTED_EDGE('',*,*,#3109,.T.);
#1827=ORIENTED_EDGE('',*,*,#2907,.T.);
#1828=ORIENTED_EDGE('',*,*,#3111,.F.);
#1829=ORIENTED_EDGE('',*,*,#3106,.T.);
#1830=ORIENTED_EDGE('',*,*,#3112,.T.);
#1831=ORIENTED_EDGE('',*,*,#3113,.F.);
#1832=ORIENTED_EDGE('',*,*,#3114,.F.);
#1833=ORIENTED_EDGE('',*,*,#3115,.T.);
#1834=ORIENTED_EDGE('',*,*,#3116,.T.);
#1835=ORIENTED_EDGE('',*,*,#3117,.F.);
#1836=ORIENTED_EDGE('',*,*,#3118,.F.);
#1837=ORIENTED_EDGE('',*,*,#3113,.T.);
#1838=ORIENTED_EDGE('',*,*,#3119,.T.);
#1839=ORIENTED_EDGE('',*,*,#3120,.F.);
#1840=ORIENTED_EDGE('',*,*,#3121,.F.);
#1841=ORIENTED_EDGE('',*,*,#3117,.T.);
#1842=ORIENTED_EDGE('',*,*,#3122,.F.);
#1843=ORIENTED_EDGE('',*,*,#2904,.T.);
#1844=ORIENTED_EDGE('',*,*,#3123,.F.);
#1845=ORIENTED_EDGE('',*,*,#3119,.F.);
#1846=ORIENTED_EDGE('',*,*,#3116,.F.);
#1847=ORIENTED_EDGE('',*,*,#3112,.F.);
#1848=ORIENTED_EDGE('',*,*,#2902,.F.);
#1849=ORIENTED_EDGE('',*,*,#3124,.T.);
#1850=ORIENTED_EDGE('',*,*,#3114,.T.);
#1851=ORIENTED_EDGE('',*,*,#3118,.T.);
#1852=ORIENTED_EDGE('',*,*,#3121,.T.);
#1853=ORIENTED_EDGE('',*,*,#3125,.T.);
#1854=ORIENTED_EDGE('',*,*,#3124,.F.);
#1855=ORIENTED_EDGE('',*,*,#2901,.T.);
#1856=ORIENTED_EDGE('',*,*,#3122,.T.);
#1857=ORIENTED_EDGE('',*,*,#3115,.F.);
#1858=ORIENTED_EDGE('',*,*,#3123,.T.);
#1859=ORIENTED_EDGE('',*,*,#2903,.T.);
#1860=ORIENTED_EDGE('',*,*,#3125,.F.);
#1861=ORIENTED_EDGE('',*,*,#3120,.T.);
#1862=ORIENTED_EDGE('',*,*,#3126,.T.);
#1863=ORIENTED_EDGE('',*,*,#3127,.F.);
#1864=ORIENTED_EDGE('',*,*,#3128,.F.);
#1865=ORIENTED_EDGE('',*,*,#3129,.T.);
#1866=ORIENTED_EDGE('',*,*,#3130,.T.);
#1867=ORIENTED_EDGE('',*,*,#3131,.F.);
#1868=ORIENTED_EDGE('',*,*,#3132,.F.);
#1869=ORIENTED_EDGE('',*,*,#3127,.T.);
#1870=ORIENTED_EDGE('',*,*,#3133,.T.);
#1871=ORIENTED_EDGE('',*,*,#3134,.F.);
#1872=ORIENTED_EDGE('',*,*,#3135,.F.);
#1873=ORIENTED_EDGE('',*,*,#3131,.T.);
#1874=ORIENTED_EDGE('',*,*,#3136,.F.);
#1875=ORIENTED_EDGE('',*,*,#2900,.T.);
#1876=ORIENTED_EDGE('',*,*,#3137,.F.);
#1877=ORIENTED_EDGE('',*,*,#3133,.F.);
#1878=ORIENTED_EDGE('',*,*,#3130,.F.);
#1879=ORIENTED_EDGE('',*,*,#3126,.F.);
#1880=ORIENTED_EDGE('',*,*,#2898,.F.);
#1881=ORIENTED_EDGE('',*,*,#3138,.T.);
#1882=ORIENTED_EDGE('',*,*,#3128,.T.);
#1883=ORIENTED_EDGE('',*,*,#3132,.T.);
#1884=ORIENTED_EDGE('',*,*,#3135,.T.);
#1885=ORIENTED_EDGE('',*,*,#3139,.T.);
#1886=ORIENTED_EDGE('',*,*,#3138,.F.);
#1887=ORIENTED_EDGE('',*,*,#2897,.T.);
#1888=ORIENTED_EDGE('',*,*,#3136,.T.);
#1889=ORIENTED_EDGE('',*,*,#3129,.F.);
#1890=ORIENTED_EDGE('',*,*,#3137,.T.);
#1891=ORIENTED_EDGE('',*,*,#2899,.T.);
#1892=ORIENTED_EDGE('',*,*,#3139,.F.);
#1893=ORIENTED_EDGE('',*,*,#3134,.T.);
#1894=ORIENTED_EDGE('',*,*,#3140,.T.);
#1895=ORIENTED_EDGE('',*,*,#3141,.F.);
#1896=ORIENTED_EDGE('',*,*,#3142,.F.);
#1897=ORIENTED_EDGE('',*,*,#3143,.T.);
#1898=ORIENTED_EDGE('',*,*,#3144,.T.);
#1899=ORIENTED_EDGE('',*,*,#3145,.F.);
#1900=ORIENTED_EDGE('',*,*,#3146,.F.);
#1901=ORIENTED_EDGE('',*,*,#3141,.T.);
#1902=ORIENTED_EDGE('',*,*,#3147,.T.);
#1903=ORIENTED_EDGE('',*,*,#3148,.F.);
#1904=ORIENTED_EDGE('',*,*,#3149,.F.);
#1905=ORIENTED_EDGE('',*,*,#3145,.T.);
#1906=ORIENTED_EDGE('',*,*,#3150,.F.);
#1907=ORIENTED_EDGE('',*,*,#2896,.T.);
#1908=ORIENTED_EDGE('',*,*,#3151,.F.);
#1909=ORIENTED_EDGE('',*,*,#3147,.F.);
#1910=ORIENTED_EDGE('',*,*,#3144,.F.);
#1911=ORIENTED_EDGE('',*,*,#3140,.F.);
#1912=ORIENTED_EDGE('',*,*,#2894,.F.);
#1913=ORIENTED_EDGE('',*,*,#3152,.T.);
#1914=ORIENTED_EDGE('',*,*,#3142,.T.);
#1915=ORIENTED_EDGE('',*,*,#3146,.T.);
#1916=ORIENTED_EDGE('',*,*,#3149,.T.);
#1917=ORIENTED_EDGE('',*,*,#3153,.T.);
#1918=ORIENTED_EDGE('',*,*,#3152,.F.);
#1919=ORIENTED_EDGE('',*,*,#2893,.T.);
#1920=ORIENTED_EDGE('',*,*,#3150,.T.);
#1921=ORIENTED_EDGE('',*,*,#3143,.F.);
#1922=ORIENTED_EDGE('',*,*,#3151,.T.);
#1923=ORIENTED_EDGE('',*,*,#2895,.T.);
#1924=ORIENTED_EDGE('',*,*,#3153,.F.);
#1925=ORIENTED_EDGE('',*,*,#3148,.T.);
#1926=ORIENTED_EDGE('',*,*,#3154,.F.);
#1927=ORIENTED_EDGE('',*,*,#2800,.T.);
#1928=ORIENTED_EDGE('',*,*,#3155,.T.);
#1929=ORIENTED_EDGE('',*,*,#3156,.F.);
#1930=ORIENTED_EDGE('',*,*,#3157,.T.);
#1931=ORIENTED_EDGE('',*,*,#2802,.T.);
#1932=ORIENTED_EDGE('',*,*,#3158,.F.);
#1933=ORIENTED_EDGE('',*,*,#3159,.T.);
#1934=ORIENTED_EDGE('',*,*,#2801,.F.);
#1935=ORIENTED_EDGE('',*,*,#3154,.T.);
#1936=ORIENTED_EDGE('',*,*,#3160,.T.);
#1937=ORIENTED_EDGE('',*,*,#3161,.T.);
#1938=ORIENTED_EDGE('',*,*,#3162,.T.);
#1939=ORIENTED_EDGE('',*,*,#3163,.T.);
#1940=ORIENTED_EDGE('',*,*,#3164,.T.);
#1941=ORIENTED_EDGE('',*,*,#3165,.T.);
#1942=ORIENTED_EDGE('',*,*,#3166,.T.);
#1943=ORIENTED_EDGE('',*,*,#3158,.T.);
#1944=ORIENTED_EDGE('',*,*,#3155,.F.);
#1945=ORIENTED_EDGE('',*,*,#2803,.T.);
#1946=ORIENTED_EDGE('',*,*,#3157,.F.);
#1947=ORIENTED_EDGE('',*,*,#3167,.F.);
#1948=ORIENTED_EDGE('',*,*,#3168,.F.);
#1949=ORIENTED_EDGE('',*,*,#3169,.F.);
#1950=ORIENTED_EDGE('',*,*,#3170,.F.);
#1951=ORIENTED_EDGE('',*,*,#3171,.F.);
#1952=ORIENTED_EDGE('',*,*,#3172,.F.);
#1953=ORIENTED_EDGE('',*,*,#3173,.F.);
#1954=ORIENTED_EDGE('',*,*,#3173,.T.);
#1955=ORIENTED_EDGE('',*,*,#3174,.F.);
#1956=ORIENTED_EDGE('',*,*,#3160,.F.);
#1957=ORIENTED_EDGE('',*,*,#3156,.T.);
#1958=ORIENTED_EDGE('',*,*,#3172,.T.);
#1959=ORIENTED_EDGE('',*,*,#3175,.F.);
#1960=ORIENTED_EDGE('',*,*,#3161,.F.);
#1961=ORIENTED_EDGE('',*,*,#3174,.T.);
#1962=ORIENTED_EDGE('',*,*,#3171,.T.);
#1963=ORIENTED_EDGE('',*,*,#3176,.F.);
#1964=ORIENTED_EDGE('',*,*,#3162,.F.);
#1965=ORIENTED_EDGE('',*,*,#3175,.T.);
#1966=ORIENTED_EDGE('',*,*,#3170,.T.);
#1967=ORIENTED_EDGE('',*,*,#3177,.F.);
#1968=ORIENTED_EDGE('',*,*,#3163,.F.);
#1969=ORIENTED_EDGE('',*,*,#3176,.T.);
#1970=ORIENTED_EDGE('',*,*,#3169,.T.);
#1971=ORIENTED_EDGE('',*,*,#3178,.F.);
#1972=ORIENTED_EDGE('',*,*,#3164,.F.);
#1973=ORIENTED_EDGE('',*,*,#3177,.T.);
#1974=ORIENTED_EDGE('',*,*,#3168,.T.);
#1975=ORIENTED_EDGE('',*,*,#3179,.F.);
#1976=ORIENTED_EDGE('',*,*,#3165,.F.);
#1977=ORIENTED_EDGE('',*,*,#3178,.T.);
#1978=ORIENTED_EDGE('',*,*,#3167,.T.);
#1979=ORIENTED_EDGE('',*,*,#3159,.F.);
#1980=ORIENTED_EDGE('',*,*,#3166,.F.);
#1981=ORIENTED_EDGE('',*,*,#3179,.T.);
#1982=ORIENTED_EDGE('',*,*,#3180,.F.);
#1983=ORIENTED_EDGE('',*,*,#2796,.T.);
#1984=ORIENTED_EDGE('',*,*,#3181,.T.);
#1985=ORIENTED_EDGE('',*,*,#3182,.F.);
#1986=ORIENTED_EDGE('',*,*,#3183,.T.);
#1987=ORIENTED_EDGE('',*,*,#2798,.T.);
#1988=ORIENTED_EDGE('',*,*,#3184,.F.);
#1989=ORIENTED_EDGE('',*,*,#3185,.T.);
#1990=ORIENTED_EDGE('',*,*,#2797,.F.);
#1991=ORIENTED_EDGE('',*,*,#3180,.T.);
#1992=ORIENTED_EDGE('',*,*,#3186,.T.);
#1993=ORIENTED_EDGE('',*,*,#3187,.T.);
#1994=ORIENTED_EDGE('',*,*,#3188,.T.);
#1995=ORIENTED_EDGE('',*,*,#3189,.T.);
#1996=ORIENTED_EDGE('',*,*,#3190,.T.);
#1997=ORIENTED_EDGE('',*,*,#3191,.T.);
#1998=ORIENTED_EDGE('',*,*,#3192,.T.);
#1999=ORIENTED_EDGE('',*,*,#3184,.T.);
#2000=ORIENTED_EDGE('',*,*,#3181,.F.);
#2001=ORIENTED_EDGE('',*,*,#2799,.T.);
#2002=ORIENTED_EDGE('',*,*,#3183,.F.);
#2003=ORIENTED_EDGE('',*,*,#3193,.F.);
#2004=ORIENTED_EDGE('',*,*,#3194,.F.);
#2005=ORIENTED_EDGE('',*,*,#3195,.F.);
#2006=ORIENTED_EDGE('',*,*,#3196,.F.);
#2007=ORIENTED_EDGE('',*,*,#3197,.F.);
#2008=ORIENTED_EDGE('',*,*,#3198,.F.);
#2009=ORIENTED_EDGE('',*,*,#3199,.F.);
#2010=ORIENTED_EDGE('',*,*,#3199,.T.);
#2011=ORIENTED_EDGE('',*,*,#3200,.F.);
#2012=ORIENTED_EDGE('',*,*,#3186,.F.);
#2013=ORIENTED_EDGE('',*,*,#3182,.T.);
#2014=ORIENTED_EDGE('',*,*,#3198,.T.);
#2015=ORIENTED_EDGE('',*,*,#3201,.F.);
#2016=ORIENTED_EDGE('',*,*,#3187,.F.);
#2017=ORIENTED_EDGE('',*,*,#3200,.T.);
#2018=ORIENTED_EDGE('',*,*,#3197,.T.);
#2019=ORIENTED_EDGE('',*,*,#3202,.F.);
#2020=ORIENTED_EDGE('',*,*,#3188,.F.);
#2021=ORIENTED_EDGE('',*,*,#3201,.T.);
#2022=ORIENTED_EDGE('',*,*,#3196,.T.);
#2023=ORIENTED_EDGE('',*,*,#3203,.F.);
#2024=ORIENTED_EDGE('',*,*,#3189,.F.);
#2025=ORIENTED_EDGE('',*,*,#3202,.T.);
#2026=ORIENTED_EDGE('',*,*,#3195,.T.);
#2027=ORIENTED_EDGE('',*,*,#3204,.F.);
#2028=ORIENTED_EDGE('',*,*,#3190,.F.);
#2029=ORIENTED_EDGE('',*,*,#3203,.T.);
#2030=ORIENTED_EDGE('',*,*,#3194,.T.);
#2031=ORIENTED_EDGE('',*,*,#3205,.F.);
#2032=ORIENTED_EDGE('',*,*,#3191,.F.);
#2033=ORIENTED_EDGE('',*,*,#3204,.T.);
#2034=ORIENTED_EDGE('',*,*,#3193,.T.);
#2035=ORIENTED_EDGE('',*,*,#3185,.F.);
#2036=ORIENTED_EDGE('',*,*,#3192,.F.);
#2037=ORIENTED_EDGE('',*,*,#3205,.T.);
#2038=ORIENTED_EDGE('',*,*,#3206,.F.);
#2039=ORIENTED_EDGE('',*,*,#2792,.T.);
#2040=ORIENTED_EDGE('',*,*,#3207,.T.);
#2041=ORIENTED_EDGE('',*,*,#3208,.F.);
#2042=ORIENTED_EDGE('',*,*,#3209,.T.);
#2043=ORIENTED_EDGE('',*,*,#2794,.T.);
#2044=ORIENTED_EDGE('',*,*,#3210,.F.);
#2045=ORIENTED_EDGE('',*,*,#3211,.T.);
#2046=ORIENTED_EDGE('',*,*,#2793,.F.);
#2047=ORIENTED_EDGE('',*,*,#3206,.T.);
#2048=ORIENTED_EDGE('',*,*,#3212,.T.);
#2049=ORIENTED_EDGE('',*,*,#3213,.T.);
#2050=ORIENTED_EDGE('',*,*,#3214,.T.);
#2051=ORIENTED_EDGE('',*,*,#3215,.T.);
#2052=ORIENTED_EDGE('',*,*,#3216,.T.);
#2053=ORIENTED_EDGE('',*,*,#3217,.T.);
#2054=ORIENTED_EDGE('',*,*,#3218,.T.);
#2055=ORIENTED_EDGE('',*,*,#3210,.T.);
#2056=ORIENTED_EDGE('',*,*,#3207,.F.);
#2057=ORIENTED_EDGE('',*,*,#2795,.T.);
#2058=ORIENTED_EDGE('',*,*,#3209,.F.);
#2059=ORIENTED_EDGE('',*,*,#3219,.F.);
#2060=ORIENTED_EDGE('',*,*,#3220,.F.);
#2061=ORIENTED_EDGE('',*,*,#3221,.F.);
#2062=ORIENTED_EDGE('',*,*,#3222,.F.);
#2063=ORIENTED_EDGE('',*,*,#3223,.F.);
#2064=ORIENTED_EDGE('',*,*,#3224,.F.);
#2065=ORIENTED_EDGE('',*,*,#3225,.F.);
#2066=ORIENTED_EDGE('',*,*,#3225,.T.);
#2067=ORIENTED_EDGE('',*,*,#3226,.F.);
#2068=ORIENTED_EDGE('',*,*,#3212,.F.);
#2069=ORIENTED_EDGE('',*,*,#3208,.T.);
#2070=ORIENTED_EDGE('',*,*,#3224,.T.);
#2071=ORIENTED_EDGE('',*,*,#3227,.F.);
#2072=ORIENTED_EDGE('',*,*,#3213,.F.);
#2073=ORIENTED_EDGE('',*,*,#3226,.T.);
#2074=ORIENTED_EDGE('',*,*,#3223,.T.);
#2075=ORIENTED_EDGE('',*,*,#3228,.F.);
#2076=ORIENTED_EDGE('',*,*,#3214,.F.);
#2077=ORIENTED_EDGE('',*,*,#3227,.T.);
#2078=ORIENTED_EDGE('',*,*,#3222,.T.);
#2079=ORIENTED_EDGE('',*,*,#3229,.F.);
#2080=ORIENTED_EDGE('',*,*,#3215,.F.);
#2081=ORIENTED_EDGE('',*,*,#3228,.T.);
#2082=ORIENTED_EDGE('',*,*,#3221,.T.);
#2083=ORIENTED_EDGE('',*,*,#3230,.F.);
#2084=ORIENTED_EDGE('',*,*,#3216,.F.);
#2085=ORIENTED_EDGE('',*,*,#3229,.T.);
#2086=ORIENTED_EDGE('',*,*,#3220,.T.);
#2087=ORIENTED_EDGE('',*,*,#3231,.F.);
#2088=ORIENTED_EDGE('',*,*,#3217,.F.);
#2089=ORIENTED_EDGE('',*,*,#3230,.T.);
#2090=ORIENTED_EDGE('',*,*,#3219,.T.);
#2091=ORIENTED_EDGE('',*,*,#3211,.F.);
#2092=ORIENTED_EDGE('',*,*,#3218,.F.);
#2093=ORIENTED_EDGE('',*,*,#3231,.T.);
#2094=ORIENTED_EDGE('',*,*,#3232,.F.);
#2095=ORIENTED_EDGE('',*,*,#2788,.T.);
#2096=ORIENTED_EDGE('',*,*,#3233,.T.);
#2097=ORIENTED_EDGE('',*,*,#3234,.F.);
#2098=ORIENTED_EDGE('',*,*,#3235,.T.);
#2099=ORIENTED_EDGE('',*,*,#2790,.T.);
#2100=ORIENTED_EDGE('',*,*,#3236,.F.);
#2101=ORIENTED_EDGE('',*,*,#3237,.T.);
#2102=ORIENTED_EDGE('',*,*,#2789,.F.);
#2103=ORIENTED_EDGE('',*,*,#3232,.T.);
#2104=ORIENTED_EDGE('',*,*,#3238,.T.);
#2105=ORIENTED_EDGE('',*,*,#3239,.T.);
#2106=ORIENTED_EDGE('',*,*,#3240,.T.);
#2107=ORIENTED_EDGE('',*,*,#3241,.T.);
#2108=ORIENTED_EDGE('',*,*,#3242,.T.);
#2109=ORIENTED_EDGE('',*,*,#3243,.T.);
#2110=ORIENTED_EDGE('',*,*,#3244,.T.);
#2111=ORIENTED_EDGE('',*,*,#3236,.T.);
#2112=ORIENTED_EDGE('',*,*,#3233,.F.);
#2113=ORIENTED_EDGE('',*,*,#2791,.T.);
#2114=ORIENTED_EDGE('',*,*,#3235,.F.);
#2115=ORIENTED_EDGE('',*,*,#3245,.F.);
#2116=ORIENTED_EDGE('',*,*,#3246,.F.);
#2117=ORIENTED_EDGE('',*,*,#3247,.F.);
#2118=ORIENTED_EDGE('',*,*,#3248,.F.);
#2119=ORIENTED_EDGE('',*,*,#3249,.F.);
#2120=ORIENTED_EDGE('',*,*,#3250,.F.);
#2121=ORIENTED_EDGE('',*,*,#3251,.F.);
#2122=ORIENTED_EDGE('',*,*,#3251,.T.);
#2123=ORIENTED_EDGE('',*,*,#3252,.F.);
#2124=ORIENTED_EDGE('',*,*,#3238,.F.);
#2125=ORIENTED_EDGE('',*,*,#3234,.T.);
#2126=ORIENTED_EDGE('',*,*,#3250,.T.);
#2127=ORIENTED_EDGE('',*,*,#3253,.F.);
#2128=ORIENTED_EDGE('',*,*,#3239,.F.);
#2129=ORIENTED_EDGE('',*,*,#3252,.T.);
#2130=ORIENTED_EDGE('',*,*,#3249,.T.);
#2131=ORIENTED_EDGE('',*,*,#3254,.F.);
#2132=ORIENTED_EDGE('',*,*,#3240,.F.);
#2133=ORIENTED_EDGE('',*,*,#3253,.T.);
#2134=ORIENTED_EDGE('',*,*,#3248,.T.);
#2135=ORIENTED_EDGE('',*,*,#3255,.F.);
#2136=ORIENTED_EDGE('',*,*,#3241,.F.);
#2137=ORIENTED_EDGE('',*,*,#3254,.T.);
#2138=ORIENTED_EDGE('',*,*,#3247,.T.);
#2139=ORIENTED_EDGE('',*,*,#3256,.F.);
#2140=ORIENTED_EDGE('',*,*,#3242,.F.);
#2141=ORIENTED_EDGE('',*,*,#3255,.T.);
#2142=ORIENTED_EDGE('',*,*,#3246,.T.);
#2143=ORIENTED_EDGE('',*,*,#3257,.F.);
#2144=ORIENTED_EDGE('',*,*,#3243,.F.);
#2145=ORIENTED_EDGE('',*,*,#3256,.T.);
#2146=ORIENTED_EDGE('',*,*,#3245,.T.);
#2147=ORIENTED_EDGE('',*,*,#3237,.F.);
#2148=ORIENTED_EDGE('',*,*,#3244,.F.);
#2149=ORIENTED_EDGE('',*,*,#3257,.T.);
#2150=ORIENTED_EDGE('',*,*,#3258,.F.);
#2151=ORIENTED_EDGE('',*,*,#2784,.T.);
#2152=ORIENTED_EDGE('',*,*,#3259,.T.);
#2153=ORIENTED_EDGE('',*,*,#3260,.F.);
#2154=ORIENTED_EDGE('',*,*,#3261,.T.);
#2155=ORIENTED_EDGE('',*,*,#2786,.T.);
#2156=ORIENTED_EDGE('',*,*,#3262,.F.);
#2157=ORIENTED_EDGE('',*,*,#3263,.T.);
#2158=ORIENTED_EDGE('',*,*,#2785,.F.);
#2159=ORIENTED_EDGE('',*,*,#3258,.T.);
#2160=ORIENTED_EDGE('',*,*,#3264,.T.);
#2161=ORIENTED_EDGE('',*,*,#3265,.T.);
#2162=ORIENTED_EDGE('',*,*,#3266,.T.);
#2163=ORIENTED_EDGE('',*,*,#3267,.T.);
#2164=ORIENTED_EDGE('',*,*,#3268,.T.);
#2165=ORIENTED_EDGE('',*,*,#3269,.T.);
#2166=ORIENTED_EDGE('',*,*,#3270,.T.);
#2167=ORIENTED_EDGE('',*,*,#3262,.T.);
#2168=ORIENTED_EDGE('',*,*,#3259,.F.);
#2169=ORIENTED_EDGE('',*,*,#2787,.T.);
#2170=ORIENTED_EDGE('',*,*,#3261,.F.);
#2171=ORIENTED_EDGE('',*,*,#3271,.F.);
#2172=ORIENTED_EDGE('',*,*,#3272,.F.);
#2173=ORIENTED_EDGE('',*,*,#3273,.F.);
#2174=ORIENTED_EDGE('',*,*,#3274,.F.);
#2175=ORIENTED_EDGE('',*,*,#3275,.F.);
#2176=ORIENTED_EDGE('',*,*,#3276,.F.);
#2177=ORIENTED_EDGE('',*,*,#3277,.F.);
#2178=ORIENTED_EDGE('',*,*,#3277,.T.);
#2179=ORIENTED_EDGE('',*,*,#3278,.F.);
#2180=ORIENTED_EDGE('',*,*,#3264,.F.);
#2181=ORIENTED_EDGE('',*,*,#3260,.T.);
#2182=ORIENTED_EDGE('',*,*,#3276,.T.);
#2183=ORIENTED_EDGE('',*,*,#3279,.F.);
#2184=ORIENTED_EDGE('',*,*,#3265,.F.);
#2185=ORIENTED_EDGE('',*,*,#3278,.T.);
#2186=ORIENTED_EDGE('',*,*,#3275,.T.);
#2187=ORIENTED_EDGE('',*,*,#3280,.F.);
#2188=ORIENTED_EDGE('',*,*,#3266,.F.);
#2189=ORIENTED_EDGE('',*,*,#3279,.T.);
#2190=ORIENTED_EDGE('',*,*,#3274,.T.);
#2191=ORIENTED_EDGE('',*,*,#3281,.F.);
#2192=ORIENTED_EDGE('',*,*,#3267,.F.);
#2193=ORIENTED_EDGE('',*,*,#3280,.T.);
#2194=ORIENTED_EDGE('',*,*,#3273,.T.);
#2195=ORIENTED_EDGE('',*,*,#3282,.F.);
#2196=ORIENTED_EDGE('',*,*,#3268,.F.);
#2197=ORIENTED_EDGE('',*,*,#3281,.T.);
#2198=ORIENTED_EDGE('',*,*,#3272,.T.);
#2199=ORIENTED_EDGE('',*,*,#3283,.F.);
#2200=ORIENTED_EDGE('',*,*,#3269,.F.);
#2201=ORIENTED_EDGE('',*,*,#3282,.T.);
#2202=ORIENTED_EDGE('',*,*,#3271,.T.);
#2203=ORIENTED_EDGE('',*,*,#3263,.F.);
#2204=ORIENTED_EDGE('',*,*,#3270,.F.);
#2205=ORIENTED_EDGE('',*,*,#3283,.T.);
#2206=ORIENTED_EDGE('',*,*,#3284,.F.);
#2207=ORIENTED_EDGE('',*,*,#2780,.T.);
#2208=ORIENTED_EDGE('',*,*,#3285,.T.);
#2209=ORIENTED_EDGE('',*,*,#3286,.F.);
#2210=ORIENTED_EDGE('',*,*,#3287,.T.);
#2211=ORIENTED_EDGE('',*,*,#2782,.T.);
#2212=ORIENTED_EDGE('',*,*,#3288,.F.);
#2213=ORIENTED_EDGE('',*,*,#3289,.T.);
#2214=ORIENTED_EDGE('',*,*,#2781,.F.);
#2215=ORIENTED_EDGE('',*,*,#3284,.T.);
#2216=ORIENTED_EDGE('',*,*,#3290,.T.);
#2217=ORIENTED_EDGE('',*,*,#3291,.T.);
#2218=ORIENTED_EDGE('',*,*,#3292,.T.);
#2219=ORIENTED_EDGE('',*,*,#3293,.T.);
#2220=ORIENTED_EDGE('',*,*,#3294,.T.);
#2221=ORIENTED_EDGE('',*,*,#3295,.T.);
#2222=ORIENTED_EDGE('',*,*,#3296,.T.);
#2223=ORIENTED_EDGE('',*,*,#3288,.T.);
#2224=ORIENTED_EDGE('',*,*,#3285,.F.);
#2225=ORIENTED_EDGE('',*,*,#2783,.T.);
#2226=ORIENTED_EDGE('',*,*,#3287,.F.);
#2227=ORIENTED_EDGE('',*,*,#3297,.F.);
#2228=ORIENTED_EDGE('',*,*,#3298,.F.);
#2229=ORIENTED_EDGE('',*,*,#3299,.F.);
#2230=ORIENTED_EDGE('',*,*,#3300,.F.);
#2231=ORIENTED_EDGE('',*,*,#3301,.F.);
#2232=ORIENTED_EDGE('',*,*,#3302,.F.);
#2233=ORIENTED_EDGE('',*,*,#3303,.F.);
#2234=ORIENTED_EDGE('',*,*,#3303,.T.);
#2235=ORIENTED_EDGE('',*,*,#3304,.F.);
#2236=ORIENTED_EDGE('',*,*,#3290,.F.);
#2237=ORIENTED_EDGE('',*,*,#3286,.T.);
#2238=ORIENTED_EDGE('',*,*,#3302,.T.);
#2239=ORIENTED_EDGE('',*,*,#3305,.F.);
#2240=ORIENTED_EDGE('',*,*,#3291,.F.);
#2241=ORIENTED_EDGE('',*,*,#3304,.T.);
#2242=ORIENTED_EDGE('',*,*,#3301,.T.);
#2243=ORIENTED_EDGE('',*,*,#3306,.F.);
#2244=ORIENTED_EDGE('',*,*,#3292,.F.);
#2245=ORIENTED_EDGE('',*,*,#3305,.T.);
#2246=ORIENTED_EDGE('',*,*,#3300,.T.);
#2247=ORIENTED_EDGE('',*,*,#3307,.F.);
#2248=ORIENTED_EDGE('',*,*,#3293,.F.);
#2249=ORIENTED_EDGE('',*,*,#3306,.T.);
#2250=ORIENTED_EDGE('',*,*,#3299,.T.);
#2251=ORIENTED_EDGE('',*,*,#3308,.F.);
#2252=ORIENTED_EDGE('',*,*,#3294,.F.);
#2253=ORIENTED_EDGE('',*,*,#3307,.T.);
#2254=ORIENTED_EDGE('',*,*,#3298,.T.);
#2255=ORIENTED_EDGE('',*,*,#3309,.F.);
#2256=ORIENTED_EDGE('',*,*,#3295,.F.);
#2257=ORIENTED_EDGE('',*,*,#3308,.T.);
#2258=ORIENTED_EDGE('',*,*,#3297,.T.);
#2259=ORIENTED_EDGE('',*,*,#3289,.F.);
#2260=ORIENTED_EDGE('',*,*,#3296,.F.);
#2261=ORIENTED_EDGE('',*,*,#3309,.T.);
#2262=VERTEX_POINT('',#5895);
#2263=VERTEX_POINT('',#5896);
#2264=VERTEX_POINT('',#5898);
#2265=VERTEX_POINT('',#5900);
#2266=VERTEX_POINT('',#5902);
#2267=VERTEX_POINT('',#5904);
#2268=VERTEX_POINT('',#5906);
#2269=VERTEX_POINT('',#5908);
#2270=VERTEX_POINT('',#5910);
#2271=VERTEX_POINT('',#5912);
#2272=VERTEX_POINT('',#5914);
#2273=VERTEX_POINT('',#5916);
#2274=VERTEX_POINT('',#5920);
#2275=VERTEX_POINT('',#5921);
#2276=VERTEX_POINT('',#5926);
#2277=VERTEX_POINT('',#5927);
#2278=VERTEX_POINT('',#5929);
#2279=VERTEX_POINT('',#5931);
#2280=VERTEX_POINT('',#5935);
#2281=VERTEX_POINT('',#5936);
#2282=VERTEX_POINT('',#5941);
#2283=VERTEX_POINT('',#5942);
#2284=VERTEX_POINT('',#5945);
#2285=VERTEX_POINT('',#5947);
#2286=VERTEX_POINT('',#5949);
#2287=VERTEX_POINT('',#5951);
#2288=VERTEX_POINT('',#5953);
#2289=VERTEX_POINT('',#5955);
#2290=VERTEX_POINT('',#5957);
#2291=VERTEX_POINT('',#5959);
#2292=VERTEX_POINT('',#5961);
#2293=VERTEX_POINT('',#5963);
#2294=VERTEX_POINT('',#5965);
#2295=VERTEX_POINT('',#5967);
#2296=VERTEX_POINT('',#5969);
#2297=VERTEX_POINT('',#5971);
#2298=VERTEX_POINT('',#5973);
#2299=VERTEX_POINT('',#5975);
#2300=VERTEX_POINT('',#5977);
#2301=VERTEX_POINT('',#5979);
#2302=VERTEX_POINT('',#5981);
#2303=VERTEX_POINT('',#5983);
#2304=VERTEX_POINT('',#5985);
#2305=VERTEX_POINT('',#5987);
#2306=VERTEX_POINT('',#5990);
#2307=VERTEX_POINT('',#5992);
#2308=VERTEX_POINT('',#5995);
#2309=VERTEX_POINT('',#5997);
#2310=VERTEX_POINT('',#5999);
#2311=VERTEX_POINT('',#6001);
#2312=VERTEX_POINT('',#6005);
#2313=VERTEX_POINT('',#6006);
#2314=VERTEX_POINT('',#6009);
#2315=VERTEX_POINT('',#6011);
#2316=VERTEX_POINT('',#6013);
#2317=VERTEX_POINT('',#6015);
#2318=VERTEX_POINT('',#6017);
#2319=VERTEX_POINT('',#6019);
#2320=VERTEX_POINT('',#6021);
#2321=VERTEX_POINT('',#6023);
#2322=VERTEX_POINT('',#6025);
#2323=VERTEX_POINT('',#6027);
#2324=VERTEX_POINT('',#6030);
#2325=VERTEX_POINT('',#6032);
#2326=VERTEX_POINT('',#6034);
#2327=VERTEX_POINT('',#6036);
#2328=VERTEX_POINT('',#6040);
#2329=VERTEX_POINT('',#6042);
#2330=VERTEX_POINT('',#6046);
#2331=VERTEX_POINT('',#6047);
#2332=VERTEX_POINT('',#6049);
#2333=VERTEX_POINT('',#6051);
#2334=VERTEX_POINT('',#6055);
#2335=VERTEX_POINT('',#6056);
#2336=VERTEX_POINT('',#6058);
#2337=VERTEX_POINT('',#6060);
#2338=VERTEX_POINT('',#6065);
#2339=VERTEX_POINT('',#6067);
#2340=VERTEX_POINT('',#6069);
#2341=VERTEX_POINT('',#6072);
#2342=VERTEX_POINT('',#6074);
#2343=VERTEX_POINT('',#6078);
#2344=VERTEX_POINT('',#6079);
#2345=VERTEX_POINT('',#6081);
#2346=VERTEX_POINT('',#6084);
#2347=VERTEX_POINT('',#6086);
#2348=VERTEX_POINT('',#6088);
#2349=VERTEX_POINT('',#6092);
#2350=VERTEX_POINT('',#6093);
#2351=VERTEX_POINT('',#6095);
#2352=VERTEX_POINT('',#6097);
#2353=VERTEX_POINT('',#6100);
#2354=VERTEX_POINT('',#6101);
#2355=VERTEX_POINT('',#6103);
#2356=VERTEX_POINT('',#6105);
#2357=VERTEX_POINT('',#6108);
#2358=VERTEX_POINT('',#6109);
#2359=VERTEX_POINT('',#6111);
#2360=VERTEX_POINT('',#6113);
#2361=VERTEX_POINT('',#6116);
#2362=VERTEX_POINT('',#6117);
#2363=VERTEX_POINT('',#6119);
#2364=VERTEX_POINT('',#6121);
#2365=VERTEX_POINT('',#6124);
#2366=VERTEX_POINT('',#6125);
#2367=VERTEX_POINT('',#6127);
#2368=VERTEX_POINT('',#6129);
#2369=VERTEX_POINT('',#6132);
#2370=VERTEX_POINT('',#6133);
#2371=VERTEX_POINT('',#6135);
#2372=VERTEX_POINT('',#6137);
#2373=VERTEX_POINT('',#6140);
#2374=VERTEX_POINT('',#6141);
#2375=VERTEX_POINT('',#6143);
#2376=VERTEX_POINT('',#6145);
#2377=VERTEX_POINT('',#6149);
#2378=VERTEX_POINT('',#6151);
#2379=VERTEX_POINT('',#6154);
#2380=VERTEX_POINT('',#6156);
#2381=VERTEX_POINT('',#6160);
#2382=VERTEX_POINT('',#6161);
#2383=VERTEX_POINT('',#6163);
#2384=VERTEX_POINT('',#6165);
#2385=VERTEX_POINT('',#6168);
#2386=VERTEX_POINT('',#6172);
#2387=VERTEX_POINT('',#6176);
#2388=VERTEX_POINT('',#6183);
#2389=VERTEX_POINT('',#6187);
#2390=VERTEX_POINT('',#6194);
#2391=VERTEX_POINT('',#6198);
#2392=VERTEX_POINT('',#6205);
#2393=VERTEX_POINT('',#6209);
#2394=VERTEX_POINT('',#6216);
#2395=VERTEX_POINT('',#6218);
#2396=VERTEX_POINT('',#6222);
#2397=VERTEX_POINT('',#6224);
#2398=VERTEX_POINT('',#6228);
#2399=VERTEX_POINT('',#6230);
#2400=VERTEX_POINT('',#6237);
#2401=VERTEX_POINT('',#6239);
#2402=VERTEX_POINT('',#6243);
#2403=VERTEX_POINT('',#6245);
#2404=VERTEX_POINT('',#6250);
#2405=VERTEX_POINT('',#6254);
#2406=VERTEX_POINT('',#6258);
#2407=VERTEX_POINT('',#6260);
#2408=VERTEX_POINT('',#6264);
#2409=VERTEX_POINT('',#6266);
#2410=VERTEX_POINT('',#6270);
#2411=VERTEX_POINT('',#6272);
#2412=VERTEX_POINT('',#6274);
#2413=VERTEX_POINT('',#6276);
#2414=VERTEX_POINT('',#6278);
#2415=VERTEX_POINT('',#6282);
#2416=VERTEX_POINT('',#6283);
#2417=VERTEX_POINT('',#6285);
#2418=VERTEX_POINT('',#6287);
#2419=VERTEX_POINT('',#6290);
#2420=VERTEX_POINT('',#6292);
#2421=VERTEX_POINT('',#6296);
#2422=VERTEX_POINT('',#6297);
#2423=VERTEX_POINT('',#6299);
#2424=VERTEX_POINT('',#6301);
#2425=VERTEX_POINT('',#6304);
#2426=VERTEX_POINT('',#6308);
#2427=VERTEX_POINT('',#6310);
#2428=VERTEX_POINT('',#6317);
#2429=VERTEX_POINT('',#6318);
#2430=VERTEX_POINT('',#6320);
#2431=VERTEX_POINT('',#6322);
#2432=VERTEX_POINT('',#6325);
#2433=VERTEX_POINT('',#6326);
#2434=VERTEX_POINT('',#6328);
#2435=VERTEX_POINT('',#6330);
#2436=VERTEX_POINT('',#6333);
#2437=VERTEX_POINT('',#6334);
#2438=VERTEX_POINT('',#6336);
#2439=VERTEX_POINT('',#6338);
#2440=VERTEX_POINT('',#6341);
#2441=VERTEX_POINT('',#6342);
#2442=VERTEX_POINT('',#6344);
#2443=VERTEX_POINT('',#6346);
#2444=VERTEX_POINT('',#6349);
#2445=VERTEX_POINT('',#6350);
#2446=VERTEX_POINT('',#6352);
#2447=VERTEX_POINT('',#6354);
#2448=VERTEX_POINT('',#6357);
#2449=VERTEX_POINT('',#6358);
#2450=VERTEX_POINT('',#6360);
#2451=VERTEX_POINT('',#6362);
#2452=VERTEX_POINT('',#6365);
#2453=VERTEX_POINT('',#6366);
#2454=VERTEX_POINT('',#6368);
#2455=VERTEX_POINT('',#6370);
#2456=VERTEX_POINT('',#6377);
#2457=VERTEX_POINT('',#6383);
#2458=VERTEX_POINT('',#6387);
#2459=VERTEX_POINT('',#6391);
#2460=VERTEX_POINT('',#6400);
#2461=VERTEX_POINT('',#6402);
#2462=VERTEX_POINT('',#6406);
#2463=VERTEX_POINT('',#6408);
#2464=VERTEX_POINT('',#6412);
#2465=VERTEX_POINT('',#6414);
#2466=VERTEX_POINT('',#6418);
#2467=VERTEX_POINT('',#6420);
#2468=VERTEX_POINT('',#6424);
#2469=VERTEX_POINT('',#6426);
#2470=VERTEX_POINT('',#6430);
#2471=VERTEX_POINT('',#6431);
#2472=VERTEX_POINT('',#6435);
#2473=VERTEX_POINT('',#6437);
#2474=VERTEX_POINT('',#6442);
#2475=VERTEX_POINT('',#6443);
#2476=VERTEX_POINT('',#6445);
#2477=VERTEX_POINT('',#6447);
#2478=VERTEX_POINT('',#6452);
#2479=VERTEX_POINT('',#6453);
#2480=VERTEX_POINT('',#6455);
#2481=VERTEX_POINT('',#6457);
#2482=VERTEX_POINT('',#6461);
#2483=VERTEX_POINT('',#6463);
#2484=VERTEX_POINT('',#6467);
#2485=VERTEX_POINT('',#6469);
#2486=VERTEX_POINT('',#6476);
#2487=VERTEX_POINT('',#6477);
#2488=VERTEX_POINT('',#6479);
#2489=VERTEX_POINT('',#6481);
#2490=VERTEX_POINT('',#6484);
#2491=VERTEX_POINT('',#6486);
#2492=VERTEX_POINT('',#6494);
#2493=VERTEX_POINT('',#6495);
#2494=VERTEX_POINT('',#6497);
#2495=VERTEX_POINT('',#6499);
#2496=VERTEX_POINT('',#6537);
#2497=VERTEX_POINT('',#6538);
#2498=VERTEX_POINT('',#6540);
#2499=VERTEX_POINT('',#6542);
#2500=VERTEX_POINT('',#6546);
#2501=VERTEX_POINT('',#6548);
#2502=VERTEX_POINT('',#6552);
#2503=VERTEX_POINT('',#6554);
#2504=VERTEX_POINT('',#6566);
#2505=VERTEX_POINT('',#6568);
#2506=VERTEX_POINT('',#6572);
#2507=VERTEX_POINT('',#6574);
#2508=VERTEX_POINT('',#6578);
#2509=VERTEX_POINT('',#6580);
#2510=VERTEX_POINT('',#6582);
#2511=VERTEX_POINT('',#6584);
#2512=VERTEX_POINT('',#6586);
#2513=VERTEX_POINT('',#6588);
#2514=VERTEX_POINT('',#6592);
#2515=VERTEX_POINT('',#6594);
#2516=VERTEX_POINT('',#6596);
#2517=VERTEX_POINT('',#6598);
#2518=VERTEX_POINT('',#6600);
#2519=VERTEX_POINT('',#6602);
#2520=VERTEX_POINT('',#6619);
#2521=VERTEX_POINT('',#6623);
#2522=VERTEX_POINT('',#6625);
#2523=VERTEX_POINT('',#6627);
#2524=VERTEX_POINT('',#6631);
#2525=VERTEX_POINT('',#6633);
#2526=VERTEX_POINT('',#6637);
#2527=VERTEX_POINT('',#6639);
#2528=VERTEX_POINT('',#6648);
#2529=VERTEX_POINT('',#6649);
#2530=VERTEX_POINT('',#6651);
#2531=VERTEX_POINT('',#6653);
#2532=VERTEX_POINT('',#6657);
#2533=VERTEX_POINT('',#6659);
#2534=VERTEX_POINT('',#6666);
#2535=VERTEX_POINT('',#6670);
#2536=VERTEX_POINT('',#6681);
#2537=VERTEX_POINT('',#6682);
#2538=VERTEX_POINT('',#6684);
#2539=VERTEX_POINT('',#6686);
#2540=VERTEX_POINT('',#6690);
#2541=VERTEX_POINT('',#6692);
#2542=VERTEX_POINT('',#6696);
#2543=VERTEX_POINT('',#6698);
#2544=VERTEX_POINT('',#6710);
#2545=VERTEX_POINT('',#6711);
#2546=VERTEX_POINT('',#6713);
#2547=VERTEX_POINT('',#6715);
#2548=VERTEX_POINT('',#6719);
#2549=VERTEX_POINT('',#6721);
#2550=VERTEX_POINT('',#6725);
#2551=VERTEX_POINT('',#6727);
#2552=VERTEX_POINT('',#6739);
#2553=VERTEX_POINT('',#6740);
#2554=VERTEX_POINT('',#6742);
#2555=VERTEX_POINT('',#6744);
#2556=VERTEX_POINT('',#6748);
#2557=VERTEX_POINT('',#6750);
#2558=VERTEX_POINT('',#6754);
#2559=VERTEX_POINT('',#6756);
#2560=VERTEX_POINT('',#6768);
#2561=VERTEX_POINT('',#6769);
#2562=VERTEX_POINT('',#6771);
#2563=VERTEX_POINT('',#6773);
#2564=VERTEX_POINT('',#6777);
#2565=VERTEX_POINT('',#6779);
#2566=VERTEX_POINT('',#6783);
#2567=VERTEX_POINT('',#6785);
#2568=VERTEX_POINT('',#6797);
#2569=VERTEX_POINT('',#6798);
#2570=VERTEX_POINT('',#6800);
#2571=VERTEX_POINT('',#6802);
#2572=VERTEX_POINT('',#6806);
#2573=VERTEX_POINT('',#6808);
#2574=VERTEX_POINT('',#6812);
#2575=VERTEX_POINT('',#6814);
#2576=VERTEX_POINT('',#6826);
#2577=VERTEX_POINT('',#6827);
#2578=VERTEX_POINT('',#6829);
#2579=VERTEX_POINT('',#6831);
#2580=VERTEX_POINT('',#6835);
#2581=VERTEX_POINT('',#6837);
#2582=VERTEX_POINT('',#6841);
#2583=VERTEX_POINT('',#6843);
#2584=VERTEX_POINT('',#6855);
#2585=VERTEX_POINT('',#6857);
#2586=VERTEX_POINT('',#6861);
#2587=VERTEX_POINT('',#6863);
#2588=VERTEX_POINT('',#6867);
#2589=VERTEX_POINT('',#6869);
#2590=VERTEX_POINT('',#6871);
#2591=VERTEX_POINT('',#6873);
#2592=VERTEX_POINT('',#6875);
#2593=VERTEX_POINT('',#6877);
#2594=VERTEX_POINT('',#6881);
#2595=VERTEX_POINT('',#6883);
#2596=VERTEX_POINT('',#6885);
#2597=VERTEX_POINT('',#6887);
#2598=VERTEX_POINT('',#6889);
#2599=VERTEX_POINT('',#6891);
#2600=VERTEX_POINT('',#6908);
#2601=VERTEX_POINT('',#6910);
#2602=VERTEX_POINT('',#6914);
#2603=VERTEX_POINT('',#6916);
#2604=VERTEX_POINT('',#6920);
#2605=VERTEX_POINT('',#6922);
#2606=VERTEX_POINT('',#6924);
#2607=VERTEX_POINT('',#6926);
#2608=VERTEX_POINT('',#6928);
#2609=VERTEX_POINT('',#6930);
#2610=VERTEX_POINT('',#6934);
#2611=VERTEX_POINT('',#6936);
#2612=VERTEX_POINT('',#6938);
#2613=VERTEX_POINT('',#6940);
#2614=VERTEX_POINT('',#6942);
#2615=VERTEX_POINT('',#6944);
#2616=VERTEX_POINT('',#6961);
#2617=VERTEX_POINT('',#6963);
#2618=VERTEX_POINT('',#6967);
#2619=VERTEX_POINT('',#6969);
#2620=VERTEX_POINT('',#6973);
#2621=VERTEX_POINT('',#6975);
#2622=VERTEX_POINT('',#6977);
#2623=VERTEX_POINT('',#6979);
#2624=VERTEX_POINT('',#6981);
#2625=VERTEX_POINT('',#6983);
#2626=VERTEX_POINT('',#6987);
#2627=VERTEX_POINT('',#6989);
#2628=VERTEX_POINT('',#6991);
#2629=VERTEX_POINT('',#6993);
#2630=VERTEX_POINT('',#6995);
#2631=VERTEX_POINT('',#6997);
#2632=VERTEX_POINT('',#7014);
#2633=VERTEX_POINT('',#7016);
#2634=VERTEX_POINT('',#7020);
#2635=VERTEX_POINT('',#7022);
#2636=VERTEX_POINT('',#7026);
#2637=VERTEX_POINT('',#7028);
#2638=VERTEX_POINT('',#7030);
#2639=VERTEX_POINT('',#7032);
#2640=VERTEX_POINT('',#7034);
#2641=VERTEX_POINT('',#7036);
#2642=VERTEX_POINT('',#7040);
#2643=VERTEX_POINT('',#7042);
#2644=VERTEX_POINT('',#7044);
#2645=VERTEX_POINT('',#7046);
#2646=VERTEX_POINT('',#7048);
#2647=VERTEX_POINT('',#7050);
#2648=VERTEX_POINT('',#7067);
#2649=VERTEX_POINT('',#7069);
#2650=VERTEX_POINT('',#7073);
#2651=VERTEX_POINT('',#7075);
#2652=VERTEX_POINT('',#7079);
#2653=VERTEX_POINT('',#7081);
#2654=VERTEX_POINT('',#7083);
#2655=VERTEX_POINT('',#7085);
#2656=VERTEX_POINT('',#7087);
#2657=VERTEX_POINT('',#7089);
#2658=VERTEX_POINT('',#7093);
#2659=VERTEX_POINT('',#7095);
#2660=VERTEX_POINT('',#7097);
#2661=VERTEX_POINT('',#7099);
#2662=VERTEX_POINT('',#7101);
#2663=VERTEX_POINT('',#7103);
#2664=VERTEX_POINT('',#7120);
#2665=VERTEX_POINT('',#7122);
#2666=VERTEX_POINT('',#7126);
#2667=VERTEX_POINT('',#7128);
#2668=VERTEX_POINT('',#7132);
#2669=VERTEX_POINT('',#7134);
#2670=VERTEX_POINT('',#7136);
#2671=VERTEX_POINT('',#7138);
#2672=VERTEX_POINT('',#7140);
#2673=VERTEX_POINT('',#7142);
#2674=VERTEX_POINT('',#7146);
#2675=VERTEX_POINT('',#7148);
#2676=VERTEX_POINT('',#7150);
#2677=VERTEX_POINT('',#7152);
#2678=VERTEX_POINT('',#7154);
#2679=VERTEX_POINT('',#7156);
#2680=EDGE_CURVE('',#2262,#2263,#3310,.T.);
#2681=EDGE_CURVE('',#2264,#2262,#3311,.T.);
#2682=EDGE_CURVE('',#2265,#2264,#3312,.T.);
#2683=EDGE_CURVE('',#2266,#2265,#3313,.T.);
#2684=EDGE_CURVE('',#2266,#2267,#3314,.T.);
#2685=EDGE_CURVE('',#2268,#2267,#3315,.T.);
#2686=EDGE_CURVE('',#2269,#2268,#3316,.T.);
#2687=EDGE_CURVE('',#2270,#2269,#3317,.T.);
#2688=EDGE_CURVE('',#2270,#2271,#3318,.T.);
#2689=EDGE_CURVE('',#2272,#2271,#3319,.T.);
#2690=EDGE_CURVE('',#2272,#2273,#3320,.T.);
#2691=EDGE_CURVE('',#2273,#2263,#3321,.T.);
#2692=EDGE_CURVE('',#2274,#2275,#3322,.T.);
#2693=EDGE_CURVE('',#2274,#2263,#3323,.T.);
#2694=EDGE_CURVE('',#2273,#2275,#3324,.T.);
#2695=EDGE_CURVE('',#2276,#2277,#3325,.T.);
#2696=EDGE_CURVE('',#2276,#2278,#3326,.T.);
#2697=EDGE_CURVE('',#2279,#2278,#3327,.T.);
#2698=EDGE_CURVE('',#2277,#2279,#3328,.T.);
#2699=EDGE_CURVE('',#2280,#2281,#3329,.T.);
#2700=EDGE_CURVE('',#2280,#2276,#3330,.T.);
#2701=EDGE_CURVE('',#2281,#2277,#3331,.T.);
#2702=EDGE_CURVE('',#2282,#2283,#3332,.T.);
#2703=EDGE_CURVE('',#2283,#2280,#3333,.T.);
#2704=EDGE_CURVE('',#2284,#2281,#3334,.T.);
#2705=EDGE_CURVE('',#2285,#2284,#3335,.T.);
#2706=EDGE_CURVE('',#2286,#2285,#3336,.T.);
#2707=EDGE_CURVE('',#2287,#2286,#3337,.T.);
#2708=EDGE_CURVE('',#2288,#2287,#3338,.T.);
#2709=EDGE_CURVE('',#2289,#2288,#3339,.T.);
#2710=EDGE_CURVE('',#2290,#2289,#3340,.T.);
#2711=EDGE_CURVE('',#2290,#2291,#3341,.T.);
#2712=EDGE_CURVE('',#2292,#2291,#3342,.T.);
#2713=EDGE_CURVE('',#2293,#2292,#3343,.T.);
#2714=EDGE_CURVE('',#2294,#2293,#3344,.T.);
#2715=EDGE_CURVE('',#2294,#2295,#3345,.T.);
#2716=EDGE_CURVE('',#2295,#2296,#3346,.T.);
#2717=EDGE_CURVE('',#2297,#2296,#3347,.T.);
#2718=EDGE_CURVE('',#2298,#2297,#3348,.T.);
#2719=EDGE_CURVE('',#2299,#2298,#3349,.T.);
#2720=EDGE_CURVE('',#2300,#2299,#3350,.T.);
#2721=EDGE_CURVE('',#2301,#2300,#3351,.T.);
#2722=EDGE_CURVE('',#2302,#2301,#3352,.T.);
#2723=EDGE_CURVE('',#2303,#2302,#3353,.T.);
#2724=EDGE_CURVE('',#2304,#2303,#3354,.T.);
#2725=EDGE_CURVE('',#2305,#2304,#3355,.T.);
#2726=EDGE_CURVE('',#2268,#2305,#3356,.T.);
#2727=EDGE_CURVE('',#2306,#2267,#3357,.T.);
#2728=EDGE_CURVE('',#2307,#2306,#3358,.T.);
#2729=EDGE_CURVE('',#2264,#2307,#3359,.T.);
#2730=EDGE_CURVE('',#2262,#2308,#3360,.T.);
#2731=EDGE_CURVE('',#2308,#2309,#3361,.T.);
#2732=EDGE_CURVE('',#2309,#2310,#3362,.T.);
#2733=EDGE_CURVE('',#2310,#2311,#3363,.T.);
#2734=EDGE_CURVE('',#2311,#2282,#3364,.T.);
#2735=EDGE_CURVE('',#2312,#2313,#3365,.T.);
#2736=EDGE_CURVE('',#2313,#2274,#3366,.T.);
#2737=EDGE_CURVE('',#2275,#2314,#3367,.T.);
#2738=EDGE_CURVE('',#2314,#2315,#3368,.T.);
#2739=EDGE_CURVE('',#2316,#2315,#3369,.T.);
#2740=EDGE_CURVE('',#2316,#2317,#3370,.T.);
#2741=EDGE_CURVE('',#2318,#2317,#3371,.T.);
#2742=EDGE_CURVE('',#2319,#2318,#3372,.T.);
#2743=EDGE_CURVE('',#2320,#2319,#3373,.T.);
#2744=EDGE_CURVE('',#2321,#2320,#3374,.T.);
#2745=EDGE_CURVE('',#2322,#2321,#3375,.T.);
#2746=EDGE_CURVE('',#2323,#2322,#3376,.T.);
#2747=EDGE_CURVE('',#2279,#2323,#3377,.T.);
#2748=EDGE_CURVE('',#2278,#2324,#3378,.T.);
#2749=EDGE_CURVE('',#2324,#2325,#3379,.T.);
#2750=EDGE_CURVE('',#2325,#2326,#3380,.T.);
#2751=EDGE_CURVE('',#2326,#2327,#3381,.T.);
#2752=EDGE_CURVE('',#2327,#2312,#3382,.T.);
#2753=EDGE_CURVE('',#2317,#2328,#3383,.T.);
#2754=EDGE_CURVE('',#2329,#2316,#3384,.T.);
#2755=EDGE_CURVE('',#2328,#2329,#3385,.T.);
#2756=EDGE_CURVE('',#2330,#2331,#3386,.T.);
#2757=EDGE_CURVE('',#2330,#2332,#3387,.T.);
#2758=EDGE_CURVE('',#2333,#2332,#3388,.T.);
#2759=EDGE_CURVE('',#2296,#2333,#3389,.T.);
#2760=EDGE_CURVE('',#2331,#2295,#3390,.T.);
#2761=EDGE_CURVE('',#2334,#2335,#3391,.T.);
#2762=EDGE_CURVE('',#2336,#2334,#3392,.T.);
#2763=EDGE_CURVE('',#2336,#2337,#3393,.T.);
#2764=EDGE_CURVE('',#2337,#2335,#3394,.T.);
#2765=EDGE_CURVE('',#2290,#2328,#3395,.T.);
#2766=EDGE_CURVE('',#2329,#2338,#3396,.T.);
#2767=EDGE_CURVE('',#2339,#2338,#3397,.T.);
#2768=EDGE_CURVE('',#2339,#2340,#3398,.T.);
#2769=EDGE_CURVE('',#2331,#2340,#3399,.T.);
#2770=EDGE_CURVE('',#2341,#2294,#3400,.T.);
#2771=EDGE_CURVE('',#2342,#2341,#3401,.T.);
#2772=EDGE_CURVE('',#2342,#2291,#3402,.T.);
#2773=EDGE_CURVE('',#2343,#2344,#3403,.T.);
#2774=EDGE_CURVE('',#2345,#2343,#3404,.T.);
#2775=EDGE_CURVE('',#2345,#2333,#3405,.T.);
#2776=EDGE_CURVE('',#2346,#2332,#3406,.T.);
#2777=EDGE_CURVE('',#2347,#2346,#3407,.T.);
#2778=EDGE_CURVE('',#2348,#2347,#3408,.T.);
#2779=EDGE_CURVE('',#2344,#2348,#3409,.T.);
#2780=EDGE_CURVE('',#2349,#2350,#3410,.T.);
#2781=EDGE_CURVE('',#2349,#2351,#3411,.T.);
#2782=EDGE_CURVE('',#2352,#2351,#3412,.T.);
#2783=EDGE_CURVE('',#2350,#2352,#3413,.T.);
#2784=EDGE_CURVE('',#2353,#2354,#3414,.T.);
#2785=EDGE_CURVE('',#2353,#2355,#3415,.T.);
#2786=EDGE_CURVE('',#2356,#2355,#3416,.T.);
#2787=EDGE_CURVE('',#2354,#2356,#3417,.T.);
#2788=EDGE_CURVE('',#2357,#2358,#3418,.T.);
#2789=EDGE_CURVE('',#2357,#2359,#3419,.T.);
#2790=EDGE_CURVE('',#2360,#2359,#3420,.T.);
#2791=EDGE_CURVE('',#2358,#2360,#3421,.T.);
#2792=EDGE_CURVE('',#2361,#2362,#3422,.T.);
#2793=EDGE_CURVE('',#2361,#2363,#3423,.T.);
#2794=EDGE_CURVE('',#2364,#2363,#3424,.T.);
#2795=EDGE_CURVE('',#2362,#2364,#3425,.T.);
#2796=EDGE_CURVE('',#2365,#2366,#3426,.T.);
#2797=EDGE_CURVE('',#2365,#2367,#3427,.T.);
#2798=EDGE_CURVE('',#2368,#2367,#3428,.T.);
#2799=EDGE_CURVE('',#2366,#2368,#3429,.T.);
#2800=EDGE_CURVE('',#2369,#2370,#3430,.T.);
#2801=EDGE_CURVE('',#2369,#2371,#3431,.T.);
#2802=EDGE_CURVE('',#2372,#2371,#3432,.T.);
#2803=EDGE_CURVE('',#2370,#2372,#3433,.T.);
#2804=EDGE_CURVE('',#2373,#2374,#3434,.T.);
#2805=EDGE_CURVE('',#2373,#2375,#3435,.T.);
#2806=EDGE_CURVE('',#2376,#2375,#3436,.T.);
#2807=EDGE_CURVE('',#2374,#2376,#3437,.T.);
#2808=EDGE_CURVE('',#2305,#2345,#3438,.T.);
#2809=EDGE_CURVE('',#2377,#2304,#3439,.T.);
#2810=EDGE_CURVE('',#2378,#2377,#3440,.T.);
#2811=EDGE_CURVE('',#2378,#2301,#3441,.T.);
#2812=EDGE_CURVE('',#2379,#2300,#3442,.T.);
#2813=EDGE_CURVE('',#2380,#2379,#3443,.T.);
#2814=EDGE_CURVE('',#2380,#2297,#3444,.T.);
#2815=EDGE_CURVE('',#2381,#2382,#3445,.T.);
#2816=EDGE_CURVE('',#2383,#2381,#3446,.T.);
#2817=EDGE_CURVE('',#2383,#2384,#3447,.T.);
#2818=EDGE_CURVE('',#2384,#2382,#3448,.T.);
#2819=EDGE_CURVE('',#2269,#2385,#3449,.T.);
#2820=EDGE_CURVE('',#2385,#2343,#3450,.T.);
#2821=EDGE_CURVE('',#2386,#2293,#3451,.T.);
#2822=EDGE_CURVE('',#2341,#2386,#3452,.T.);
#2823=EDGE_CURVE('',#2387,#2292,#3453,.T.);
#2824=EDGE_CURVE('',#2386,#2387,#3454,.T.);
#2825=EDGE_CURVE('',#2387,#2342,#3455,.T.);
#2826=EDGE_CURVE('',#2388,#2380,#3456,.T.);
#2827=EDGE_CURVE('',#2388,#2298,#3457,.T.);
#2828=EDGE_CURVE('',#2389,#2299,#3458,.T.);
#2829=EDGE_CURVE('',#2379,#2389,#3459,.T.);
#2830=EDGE_CURVE('',#2389,#2388,#3460,.T.);
#2831=EDGE_CURVE('',#2390,#2307,#3461,.T.);
#2832=EDGE_CURVE('',#2265,#2390,#3462,.T.);
#2833=EDGE_CURVE('',#2391,#2306,#3463,.T.);
#2834=EDGE_CURVE('',#2390,#2391,#3464,.T.);
#2835=EDGE_CURVE('',#2391,#2266,#3465,.T.);
#2836=EDGE_CURVE('',#2392,#2378,#3466,.T.);
#2837=EDGE_CURVE('',#2392,#2302,#3467,.T.);
#2838=EDGE_CURVE('',#2393,#2303,#3468,.T.);
#2839=EDGE_CURVE('',#2377,#2393,#3469,.T.);
#2840=EDGE_CURVE('',#2393,#2392,#3470,.T.);
#2841=EDGE_CURVE('',#2338,#2394,#3471,.T.);
#2842=EDGE_CURVE('',#2394,#2395,#3472,.T.);
#2843=EDGE_CURVE('',#2339,#2395,#3473,.T.);
#2844=EDGE_CURVE('',#2338,#2396,#3474,.T.);
#2845=EDGE_CURVE('',#2396,#2397,#3475,.T.);
#2846=EDGE_CURVE('',#2397,#2394,#3476,.T.);
#2847=EDGE_CURVE('',#2396,#2398,#54,.T.);
#2848=EDGE_CURVE('',#2398,#2399,#3477,.T.);
#2849=EDGE_CURVE('',#2399,#2397,#42,.T.);
#2850=EDGE_CURVE('',#2398,#2316,#3478,.T.);
#2851=EDGE_CURVE('',#2315,#2399,#3479,.T.);
#2852=EDGE_CURVE('',#2275,#2400,#3480,.T.);
#2853=EDGE_CURVE('',#2400,#2401,#3481,.T.);
#2854=EDGE_CURVE('',#2401,#2314,#3482,.T.);
#2855=EDGE_CURVE('',#2400,#2402,#55,.T.);
#2856=EDGE_CURVE('',#2402,#2403,#3483,.T.);
#2857=EDGE_CURVE('',#2403,#2401,#43,.T.);
#2858=EDGE_CURVE('',#2402,#2272,#3484,.T.);
#2859=EDGE_CURVE('',#2272,#2404,#3485,.T.);
#2860=EDGE_CURVE('',#2404,#2403,#3486,.T.);
#2861=EDGE_CURVE('',#2271,#2405,#3487,.T.);
#2862=EDGE_CURVE('',#2405,#2404,#3488,.T.);
#2863=EDGE_CURVE('',#2271,#2406,#3489,.T.);
#2864=EDGE_CURVE('',#2406,#2407,#3490,.T.);
#2865=EDGE_CURVE('',#2407,#2405,#3491,.T.);
#2866=EDGE_CURVE('',#2406,#2408,#56,.T.);
#2867=EDGE_CURVE('',#2408,#2409,#3492,.T.);
#2868=EDGE_CURVE('',#2409,#2407,#44,.T.);
#2869=EDGE_CURVE('',#2408,#2410,#3493,.T.);
#2870=EDGE_CURVE('',#2410,#2411,#3494,.T.);
#2871=EDGE_CURVE('',#2412,#2411,#3495,.T.);
#2872=EDGE_CURVE('',#2412,#2413,#3496,.T.);
#2873=EDGE_CURVE('',#2413,#2414,#3497,.T.);
#2874=EDGE_CURVE('',#2414,#2409,#3498,.T.);
#2875=EDGE_CURVE('',#2415,#2416,#3499,.T.);
#2876=EDGE_CURVE('',#2416,#2417,#3500,.T.);
#2877=EDGE_CURVE('',#2417,#2418,#3501,.T.);
#2878=EDGE_CURVE('',#2418,#2414,#3502,.T.);
#2879=EDGE_CURVE('',#2413,#2419,#3503,.T.);
#2880=EDGE_CURVE('',#2419,#2420,#3504,.T.);
#2881=EDGE_CURVE('',#2420,#2415,#3505,.T.);
#2882=EDGE_CURVE('',#2421,#2422,#3506,.T.);
#2883=EDGE_CURVE('',#2421,#2423,#3507,.T.);
#2884=EDGE_CURVE('',#2423,#2424,#3508,.T.);
#2885=EDGE_CURVE('',#2424,#2418,#3509,.T.);
#2886=EDGE_CURVE('',#2417,#2425,#3510,.T.);
#2887=EDGE_CURVE('',#2422,#2425,#3511,.T.);
#2888=EDGE_CURVE('',#2423,#2426,#57,.T.);
#2889=EDGE_CURVE('',#2426,#2427,#3512,.T.);
#2890=EDGE_CURVE('',#2427,#2424,#45,.T.);
#2891=EDGE_CURVE('',#2426,#2339,#3513,.T.);
#2892=EDGE_CURVE('',#2395,#2427,#3514,.T.);
#2893=EDGE_CURVE('',#2428,#2429,#3515,.T.);
#2894=EDGE_CURVE('',#2428,#2430,#3516,.T.);
#2895=EDGE_CURVE('',#2431,#2430,#3517,.T.);
#2896=EDGE_CURVE('',#2429,#2431,#3518,.T.);
#2897=EDGE_CURVE('',#2432,#2433,#3519,.T.);
#2898=EDGE_CURVE('',#2432,#2434,#3520,.T.);
#2899=EDGE_CURVE('',#2435,#2434,#3521,.T.);
#2900=EDGE_CURVE('',#2433,#2435,#3522,.T.);
#2901=EDGE_CURVE('',#2436,#2437,#3523,.T.);
#2902=EDGE_CURVE('',#2436,#2438,#3524,.T.);
#2903=EDGE_CURVE('',#2439,#2438,#3525,.T.);
#2904=EDGE_CURVE('',#2437,#2439,#3526,.T.);
#2905=EDGE_CURVE('',#2440,#2441,#3527,.T.);
#2906=EDGE_CURVE('',#2440,#2442,#3528,.T.);
#2907=EDGE_CURVE('',#2443,#2442,#3529,.T.);
#2908=EDGE_CURVE('',#2441,#2443,#3530,.T.);
#2909=EDGE_CURVE('',#2444,#2445,#3531,.T.);
#2910=EDGE_CURVE('',#2444,#2446,#3532,.T.);
#2911=EDGE_CURVE('',#2447,#2446,#3533,.T.);
#2912=EDGE_CURVE('',#2445,#2447,#3534,.T.);
#2913=EDGE_CURVE('',#2448,#2449,#3535,.T.);
#2914=EDGE_CURVE('',#2448,#2450,#3536,.T.);
#2915=EDGE_CURVE('',#2451,#2450,#3537,.T.);
#2916=EDGE_CURVE('',#2449,#2451,#3538,.T.);
#2917=EDGE_CURVE('',#2452,#2453,#3539,.T.);
#2918=EDGE_CURVE('',#2452,#2454,#3540,.T.);
#2919=EDGE_CURVE('',#2455,#2454,#3541,.T.);
#2920=EDGE_CURVE('',#2453,#2455,#3542,.T.);
#2921=EDGE_CURVE('',#2340,#2421,#3543,.T.);
#2922=EDGE_CURVE('',#2330,#2422,#3544,.T.);
#2923=EDGE_CURVE('',#2344,#2456,#3545,.T.);
#2924=EDGE_CURVE('',#2456,#2412,#3546,.T.);
#2925=EDGE_CURVE('',#2411,#2385,#3547,.T.);
#2926=EDGE_CURVE('',#2419,#2456,#3548,.T.);
#2927=EDGE_CURVE('',#2348,#2457,#3549,.T.);
#2928=EDGE_CURVE('',#2457,#2420,#3550,.T.);
#2929=EDGE_CURVE('',#2347,#2458,#3551,.T.);
#2930=EDGE_CURVE('',#2458,#2457,#3552,.T.);
#2931=EDGE_CURVE('',#2346,#2459,#3553,.T.);
#2932=EDGE_CURVE('',#2459,#2416,#3554,.T.);
#2933=EDGE_CURVE('',#2415,#2458,#3555,.T.);
#2934=EDGE_CURVE('',#2425,#2459,#3556,.T.);
#2935=EDGE_CURVE('',#2410,#2270,#3557,.T.);
#2936=EDGE_CURVE('',#2382,#2460,#3558,.T.);
#2937=EDGE_CURVE('',#2384,#2461,#3559,.T.);
#2938=EDGE_CURVE('',#2461,#2460,#3560,.T.);
#2939=EDGE_CURVE('',#2460,#2462,#3561,.T.);
#2940=EDGE_CURVE('',#2461,#2463,#3562,.T.);
#2941=EDGE_CURVE('',#2463,#2462,#3563,.T.);
#2942=EDGE_CURVE('',#2462,#2464,#3564,.T.);
#2943=EDGE_CURVE('',#2463,#2465,#3565,.T.);
#2944=EDGE_CURVE('',#2465,#2464,#3566,.T.);
#2945=EDGE_CURVE('',#2464,#2466,#3567,.T.);
#2946=EDGE_CURVE('',#2465,#2467,#3568,.T.);
#2947=EDGE_CURVE('',#2467,#2466,#3569,.T.);
#2948=EDGE_CURVE('',#2466,#2468,#3570,.T.);
#2949=EDGE_CURVE('',#2467,#2469,#3571,.T.);
#2950=EDGE_CURVE('',#2469,#2468,#3572,.T.);
#2951=EDGE_CURVE('',#2470,#2471,#3573,.T.);
#2952=EDGE_CURVE('',#2468,#2470,#3574,.T.);
#2953=EDGE_CURVE('',#2469,#2383,#3575,.T.);
#2954=EDGE_CURVE('',#2472,#2381,#3576,.T.);
#2955=EDGE_CURVE('',#2473,#2472,#3577,.T.);
#2956=EDGE_CURVE('',#2471,#2473,#3578,.T.);
#2957=EDGE_CURVE('',#2474,#2475,#3579,.T.);
#2958=EDGE_CURVE('',#2475,#2476,#3580,.T.);
#2959=EDGE_CURVE('',#2476,#2477,#3581,.T.);
#2960=EDGE_CURVE('',#2477,#2472,#46,.T.);
#2961=EDGE_CURVE('',#2470,#2474,#47,.T.);
#2962=EDGE_CURVE('',#2478,#2479,#3582,.T.);
#2963=EDGE_CURVE('',#2480,#2478,#3583,.T.);
#2964=EDGE_CURVE('',#2480,#2481,#3584,.T.);
#2965=EDGE_CURVE('',#2481,#2479,#3585,.T.);
#2966=EDGE_CURVE('',#2479,#2482,#3586,.T.);
#2967=EDGE_CURVE('',#2481,#2483,#3587,.T.);
#2968=EDGE_CURVE('',#2483,#2482,#3588,.T.);
#2969=EDGE_CURVE('',#2482,#2484,#3589,.T.);
#2970=EDGE_CURVE('',#2483,#2485,#3590,.T.);
#2971=EDGE_CURVE('',#2485,#2484,#3591,.T.);
#2972=EDGE_CURVE('',#2484,#2334,#3592,.T.);
#2973=EDGE_CURVE('',#2485,#2336,#3593,.T.);
#2974=EDGE_CURVE('',#2486,#2487,#3594,.T.);
#2975=EDGE_CURVE('',#2488,#2486,#3595,.T.);
#2976=EDGE_CURVE('',#2489,#2488,#3596,.T.);
#2977=EDGE_CURVE('',#2335,#2489,#3597,.T.);
#2978=EDGE_CURVE('',#2337,#2490,#3598,.T.);
#2979=EDGE_CURVE('',#2490,#2491,#3599,.T.);
#2980=EDGE_CURVE('',#2487,#2491,#3600,.T.);
#2981=EDGE_CURVE('',#2491,#2478,#3601,.T.);
#2982=EDGE_CURVE('',#2490,#2480,#3602,.T.);
#2983=EDGE_CURVE('',#2492,#2493,#3603,.T.);
#2984=EDGE_CURVE('',#2493,#2494,#3604,.T.);
#2985=EDGE_CURVE('',#2494,#2495,#3605,.T.);
#2986=EDGE_CURVE('',#2495,#2487,#48,.T.);
#2987=EDGE_CURVE('',#2489,#2492,#49,.T.);
#2988=EDGE_CURVE('',#2320,#2287,#3606,.T.);
#2989=EDGE_CURVE('',#2319,#2288,#3607,.T.);
#2990=EDGE_CURVE('',#2318,#2289,#3608,.T.);
#2991=EDGE_CURVE('',#2323,#2284,#3609,.T.);
#2992=EDGE_CURVE('',#2322,#2285,#3610,.T.);
#2993=EDGE_CURVE('',#2321,#2286,#3611,.T.);
#2994=EDGE_CURVE('',#2313,#2308,#3612,.T.);
#2995=EDGE_CURVE('',#2312,#2309,#3613,.T.);
#2996=EDGE_CURVE('',#2324,#2283,#3614,.T.);
#2997=EDGE_CURVE('',#2325,#2282,#3615,.T.);
#2998=EDGE_CURVE('',#2326,#2311,#3616,.T.);
#2999=EDGE_CURVE('',#2327,#2310,#3617,.T.);
#3000=EDGE_CURVE('',#2496,#2497,#3618,.T.);
#3001=EDGE_CURVE('',#2498,#2497,#3619,.T.);
#3002=EDGE_CURVE('',#2499,#2498,#3620,.T.);
#3003=EDGE_CURVE('',#2499,#2496,#3621,.T.);
#3004=EDGE_CURVE('',#2497,#2500,#3622,.T.);
#3005=EDGE_CURVE('',#2501,#2500,#3623,.T.);
#3006=EDGE_CURVE('',#2498,#2501,#3624,.T.);
#3007=EDGE_CURVE('',#2500,#2502,#3625,.T.);
#3008=EDGE_CURVE('',#2503,#2502,#3626,.T.);
#3009=EDGE_CURVE('',#2501,#2503,#3627,.T.);
#3010=EDGE_CURVE('',#2453,#2496,#3628,.T.);
#3011=EDGE_CURVE('',#2502,#2455,#3629,.T.);
#3012=EDGE_CURVE('',#2452,#2499,#3630,.T.);
#3013=EDGE_CURVE('',#2503,#2454,#3631,.T.);
#3014=EDGE_CURVE('',#2373,#2504,#3632,.T.);
#3015=EDGE_CURVE('',#2374,#2505,#3633,.T.);
#3016=EDGE_CURVE('',#2504,#2505,#3634,.T.);
#3017=EDGE_CURVE('',#2506,#2376,#3635,.T.);
#3018=EDGE_CURVE('',#2507,#2375,#3636,.T.);
#3019=EDGE_CURVE('',#2507,#2506,#3637,.T.);
#3020=EDGE_CURVE('',#2504,#2508,#3638,.T.);
#3021=EDGE_CURVE('',#2508,#2509,#3639,.T.);
#3022=EDGE_CURVE('',#2509,#2510,#3640,.T.);
#3023=EDGE_CURVE('',#2510,#2511,#3641,.T.);
#3024=EDGE_CURVE('',#2511,#2512,#3642,.T.);
#3025=EDGE_CURVE('',#2512,#2513,#3643,.T.);
#3026=EDGE_CURVE('',#2513,#2507,#3644,.T.);
#3027=EDGE_CURVE('',#2514,#2506,#3645,.T.);
#3028=EDGE_CURVE('',#2515,#2514,#3646,.T.);
#3029=EDGE_CURVE('',#2516,#2515,#3647,.T.);
#3030=EDGE_CURVE('',#2517,#2516,#3648,.T.);
#3031=EDGE_CURVE('',#2518,#2517,#3649,.T.);
#3032=EDGE_CURVE('',#2519,#2518,#3650,.T.);
#3033=EDGE_CURVE('',#2505,#2519,#3651,.T.);
#3034=EDGE_CURVE('',#2508,#2519,#3652,.T.);
#3035=EDGE_CURVE('',#2509,#2518,#3653,.T.);
#3036=EDGE_CURVE('',#2510,#2517,#3654,.T.);
#3037=EDGE_CURVE('',#2511,#2516,#3655,.T.);
#3038=EDGE_CURVE('',#2512,#2515,#3656,.T.);
#3039=EDGE_CURVE('',#2513,#2514,#3657,.T.);
#3040=EDGE_CURVE('',#2471,#2520,#50,.T.);
#3041=EDGE_CURVE('',#2520,#2474,#3658,.T.);
#3042=EDGE_CURVE('',#2520,#2521,#3659,.T.);
#3043=EDGE_CURVE('',#2521,#2522,#3660,.T.);
#3044=EDGE_CURVE('',#2522,#2523,#3661,.T.);
#3045=EDGE_CURVE('',#2523,#2475,#3662,.T.);
#3046=EDGE_CURVE('',#2522,#2524,#3663,.T.);
#3047=EDGE_CURVE('',#2524,#2525,#3664,.T.);
#3048=EDGE_CURVE('',#2525,#2523,#3665,.T.);
#3049=EDGE_CURVE('',#2524,#2526,#3666,.T.);
#3050=EDGE_CURVE('',#2526,#2527,#3667,.T.);
#3051=EDGE_CURVE('',#2527,#2477,#3668,.T.);
#3052=EDGE_CURVE('',#2476,#2525,#3669,.T.);
#3053=EDGE_CURVE('',#2527,#2473,#51,.T.);
#3054=EDGE_CURVE('',#2526,#2521,#3670,.T.);
#3055=EDGE_CURVE('',#2528,#2529,#3671,.T.);
#3056=EDGE_CURVE('',#2528,#2530,#3672,.T.);
#3057=EDGE_CURVE('',#2530,#2531,#3673,.T.);
#3058=EDGE_CURVE('',#2531,#2529,#3674,.T.);
#3059=EDGE_CURVE('',#2530,#2532,#3675,.T.);
#3060=EDGE_CURVE('',#2532,#2533,#3676,.T.);
#3061=EDGE_CURVE('',#2533,#2495,#3677,.T.);
#3062=EDGE_CURVE('',#2494,#2531,#3678,.T.);
#3063=EDGE_CURVE('',#2533,#2486,#52,.T.);
#3064=EDGE_CURVE('',#2488,#2534,#53,.T.);
#3065=EDGE_CURVE('',#2534,#2492,#3679,.T.);
#3066=EDGE_CURVE('',#2534,#2535,#3680,.T.);
#3067=EDGE_CURVE('',#2535,#2528,#3681,.T.);
#3068=EDGE_CURVE('',#2529,#2493,#3682,.T.);
#3069=EDGE_CURVE('',#2532,#2535,#3683,.T.);
#3070=EDGE_CURVE('',#2536,#2537,#3684,.T.);
#3071=EDGE_CURVE('',#2538,#2537,#3685,.T.);
#3072=EDGE_CURVE('',#2539,#2538,#3686,.T.);
#3073=EDGE_CURVE('',#2539,#2536,#3687,.T.);
#3074=EDGE_CURVE('',#2537,#2540,#3688,.T.);
#3075=EDGE_CURVE('',#2541,#2540,#3689,.T.);
#3076=EDGE_CURVE('',#2538,#2541,#3690,.T.);
#3077=EDGE_CURVE('',#2540,#2542,#3691,.T.);
#3078=EDGE_CURVE('',#2543,#2542,#3692,.T.);
#3079=EDGE_CURVE('',#2541,#2543,#3693,.T.);
#3080=EDGE_CURVE('',#2449,#2536,#3694,.T.);
#3081=EDGE_CURVE('',#2542,#2451,#3695,.T.);
#3082=EDGE_CURVE('',#2448,#2539,#3696,.T.);
#3083=EDGE_CURVE('',#2543,#2450,#3697,.T.);
#3084=EDGE_CURVE('',#2544,#2545,#3698,.T.);
#3085=EDGE_CURVE('',#2546,#2545,#3699,.T.);
#3086=EDGE_CURVE('',#2547,#2546,#3700,.T.);
#3087=EDGE_CURVE('',#2547,#2544,#3701,.T.);
#3088=EDGE_CURVE('',#2545,#2548,#3702,.T.);
#3089=EDGE_CURVE('',#2549,#2548,#3703,.T.);
#3090=EDGE_CURVE('',#2546,#2549,#3704,.T.);
#3091=EDGE_CURVE('',#2548,#2550,#3705,.T.);
#3092=EDGE_CURVE('',#2551,#2550,#3706,.T.);
#3093=EDGE_CURVE('',#2549,#2551,#3707,.T.);
#3094=EDGE_CURVE('',#2445,#2544,#3708,.T.);
#3095=EDGE_CURVE('',#2550,#2447,#3709,.T.);
#3096=EDGE_CURVE('',#2444,#2547,#3710,.T.);
#3097=EDGE_CURVE('',#2551,#2446,#3711,.T.);
#3098=EDGE_CURVE('',#2552,#2553,#3712,.T.);
#3099=EDGE_CURVE('',#2554,#2553,#3713,.T.);
#3100=EDGE_CURVE('',#2555,#2554,#3714,.T.);
#3101=EDGE_CURVE('',#2555,#2552,#3715,.T.);
#3102=EDGE_CURVE('',#2553,#2556,#3716,.T.);
#3103=EDGE_CURVE('',#2557,#2556,#3717,.T.);
#3104=EDGE_CURVE('',#2554,#2557,#3718,.T.);
#3105=EDGE_CURVE('',#2556,#2558,#3719,.T.);
#3106=EDGE_CURVE('',#2559,#2558,#3720,.T.);
#3107=EDGE_CURVE('',#2557,#2559,#3721,.T.);
#3108=EDGE_CURVE('',#2441,#2552,#3722,.T.);
#3109=EDGE_CURVE('',#2558,#2443,#3723,.T.);
#3110=EDGE_CURVE('',#2440,#2555,#3724,.T.);
#3111=EDGE_CURVE('',#2559,#2442,#3725,.T.);
#3112=EDGE_CURVE('',#2560,#2561,#3726,.T.);
#3113=EDGE_CURVE('',#2562,#2561,#3727,.T.);
#3114=EDGE_CURVE('',#2563,#2562,#3728,.T.);
#3115=EDGE_CURVE('',#2563,#2560,#3729,.T.);
#3116=EDGE_CURVE('',#2561,#2564,#3730,.T.);
#3117=EDGE_CURVE('',#2565,#2564,#3731,.T.);
#3118=EDGE_CURVE('',#2562,#2565,#3732,.T.);
#3119=EDGE_CURVE('',#2564,#2566,#3733,.T.);
#3120=EDGE_CURVE('',#2567,#2566,#3734,.T.);
#3121=EDGE_CURVE('',#2565,#2567,#3735,.T.);
#3122=EDGE_CURVE('',#2437,#2560,#3736,.T.);
#3123=EDGE_CURVE('',#2566,#2439,#3737,.T.);
#3124=EDGE_CURVE('',#2436,#2563,#3738,.T.);
#3125=EDGE_CURVE('',#2567,#2438,#3739,.T.);
#3126=EDGE_CURVE('',#2568,#2569,#3740,.T.);
#3127=EDGE_CURVE('',#2570,#2569,#3741,.T.);
#3128=EDGE_CURVE('',#2571,#2570,#3742,.T.);
#3129=EDGE_CURVE('',#2571,#2568,#3743,.T.);
#3130=EDGE_CURVE('',#2569,#2572,#3744,.T.);
#3131=EDGE_CURVE('',#2573,#2572,#3745,.T.);
#3132=EDGE_CURVE('',#2570,#2573,#3746,.T.);
#3133=EDGE_CURVE('',#2572,#2574,#3747,.T.);
#3134=EDGE_CURVE('',#2575,#2574,#3748,.T.);
#3135=EDGE_CURVE('',#2573,#2575,#3749,.T.);
#3136=EDGE_CURVE('',#2433,#2568,#3750,.T.);
#3137=EDGE_CURVE('',#2574,#2435,#3751,.T.);
#3138=EDGE_CURVE('',#2432,#2571,#3752,.T.);
#3139=EDGE_CURVE('',#2575,#2434,#3753,.T.);
#3140=EDGE_CURVE('',#2576,#2577,#3754,.T.);
#3141=EDGE_CURVE('',#2578,#2577,#3755,.T.);
#3142=EDGE_CURVE('',#2579,#2578,#3756,.T.);
#3143=EDGE_CURVE('',#2579,#2576,#3757,.T.);
#3144=EDGE_CURVE('',#2577,#2580,#3758,.T.);
#3145=EDGE_CURVE('',#2581,#2580,#3759,.T.);
#3146=EDGE_CURVE('',#2578,#2581,#3760,.T.);
#3147=EDGE_CURVE('',#2580,#2582,#3761,.T.);
#3148=EDGE_CURVE('',#2583,#2582,#3762,.T.);
#3149=EDGE_CURVE('',#2581,#2583,#3763,.T.);
#3150=EDGE_CURVE('',#2429,#2576,#3764,.T.);
#3151=EDGE_CURVE('',#2582,#2431,#3765,.T.);
#3152=EDGE_CURVE('',#2428,#2579,#3766,.T.);
#3153=EDGE_CURVE('',#2583,#2430,#3767,.T.);
#3154=EDGE_CURVE('',#2369,#2584,#3768,.T.);
#3155=EDGE_CURVE('',#2370,#2585,#3769,.T.);
#3156=EDGE_CURVE('',#2584,#2585,#3770,.T.);
#3157=EDGE_CURVE('',#2586,#2372,#3771,.T.);
#3158=EDGE_CURVE('',#2587,#2371,#3772,.T.);
#3159=EDGE_CURVE('',#2587,#2586,#3773,.T.);
#3160=EDGE_CURVE('',#2584,#2588,#3774,.T.);
#3161=EDGE_CURVE('',#2588,#2589,#3775,.T.);
#3162=EDGE_CURVE('',#2589,#2590,#3776,.T.);
#3163=EDGE_CURVE('',#2590,#2591,#3777,.T.);
#3164=EDGE_CURVE('',#2591,#2592,#3778,.T.);
#3165=EDGE_CURVE('',#2592,#2593,#3779,.T.);
#3166=EDGE_CURVE('',#2593,#2587,#3780,.T.);
#3167=EDGE_CURVE('',#2594,#2586,#3781,.T.);
#3168=EDGE_CURVE('',#2595,#2594,#3782,.T.);
#3169=EDGE_CURVE('',#2596,#2595,#3783,.T.);
#3170=EDGE_CURVE('',#2597,#2596,#3784,.T.);
#3171=EDGE_CURVE('',#2598,#2597,#3785,.T.);
#3172=EDGE_CURVE('',#2599,#2598,#3786,.T.);
#3173=EDGE_CURVE('',#2585,#2599,#3787,.T.);
#3174=EDGE_CURVE('',#2588,#2599,#3788,.T.);
#3175=EDGE_CURVE('',#2589,#2598,#3789,.T.);
#3176=EDGE_CURVE('',#2590,#2597,#3790,.T.);
#3177=EDGE_CURVE('',#2591,#2596,#3791,.T.);
#3178=EDGE_CURVE('',#2592,#2595,#3792,.T.);
#3179=EDGE_CURVE('',#2593,#2594,#3793,.T.);
#3180=EDGE_CURVE('',#2365,#2600,#3794,.T.);
#3181=EDGE_CURVE('',#2366,#2601,#3795,.T.);
#3182=EDGE_CURVE('',#2600,#2601,#3796,.T.);
#3183=EDGE_CURVE('',#2602,#2368,#3797,.T.);
#3184=EDGE_CURVE('',#2603,#2367,#3798,.T.);
#3185=EDGE_CURVE('',#2603,#2602,#3799,.T.);
#3186=EDGE_CURVE('',#2600,#2604,#3800,.T.);
#3187=EDGE_CURVE('',#2604,#2605,#3801,.T.);
#3188=EDGE_CURVE('',#2605,#2606,#3802,.T.);
#3189=EDGE_CURVE('',#2606,#2607,#3803,.T.);
#3190=EDGE_CURVE('',#2607,#2608,#3804,.T.);
#3191=EDGE_CURVE('',#2608,#2609,#3805,.T.);
#3192=EDGE_CURVE('',#2609,#2603,#3806,.T.);
#3193=EDGE_CURVE('',#2610,#2602,#3807,.T.);
#3194=EDGE_CURVE('',#2611,#2610,#3808,.T.);
#3195=EDGE_CURVE('',#2612,#2611,#3809,.T.);
#3196=EDGE_CURVE('',#2613,#2612,#3810,.T.);
#3197=EDGE_CURVE('',#2614,#2613,#3811,.T.);
#3198=EDGE_CURVE('',#2615,#2614,#3812,.T.);
#3199=EDGE_CURVE('',#2601,#2615,#3813,.T.);
#3200=EDGE_CURVE('',#2604,#2615,#3814,.T.);
#3201=EDGE_CURVE('',#2605,#2614,#3815,.T.);
#3202=EDGE_CURVE('',#2606,#2613,#3816,.T.);
#3203=EDGE_CURVE('',#2607,#2612,#3817,.T.);
#3204=EDGE_CURVE('',#2608,#2611,#3818,.T.);
#3205=EDGE_CURVE('',#2609,#2610,#3819,.T.);
#3206=EDGE_CURVE('',#2361,#2616,#3820,.T.);
#3207=EDGE_CURVE('',#2362,#2617,#3821,.T.);
#3208=EDGE_CURVE('',#2616,#2617,#3822,.T.);
#3209=EDGE_CURVE('',#2618,#2364,#3823,.T.);
#3210=EDGE_CURVE('',#2619,#2363,#3824,.T.);
#3211=EDGE_CURVE('',#2619,#2618,#3825,.T.);
#3212=EDGE_CURVE('',#2616,#2620,#3826,.T.);
#3213=EDGE_CURVE('',#2620,#2621,#3827,.T.);
#3214=EDGE_CURVE('',#2621,#2622,#3828,.T.);
#3215=EDGE_CURVE('',#2622,#2623,#3829,.T.);
#3216=EDGE_CURVE('',#2623,#2624,#3830,.T.);
#3217=EDGE_CURVE('',#2624,#2625,#3831,.T.);
#3218=EDGE_CURVE('',#2625,#2619,#3832,.T.);
#3219=EDGE_CURVE('',#2626,#2618,#3833,.T.);
#3220=EDGE_CURVE('',#2627,#2626,#3834,.T.);
#3221=EDGE_CURVE('',#2628,#2627,#3835,.T.);
#3222=EDGE_CURVE('',#2629,#2628,#3836,.T.);
#3223=EDGE_CURVE('',#2630,#2629,#3837,.T.);
#3224=EDGE_CURVE('',#2631,#2630,#3838,.T.);
#3225=EDGE_CURVE('',#2617,#2631,#3839,.T.);
#3226=EDGE_CURVE('',#2620,#2631,#3840,.T.);
#3227=EDGE_CURVE('',#2621,#2630,#3841,.T.);
#3228=EDGE_CURVE('',#2622,#2629,#3842,.T.);
#3229=EDGE_CURVE('',#2623,#2628,#3843,.T.);
#3230=EDGE_CURVE('',#2624,#2627,#3844,.T.);
#3231=EDGE_CURVE('',#2625,#2626,#3845,.T.);
#3232=EDGE_CURVE('',#2357,#2632,#3846,.T.);
#3233=EDGE_CURVE('',#2358,#2633,#3847,.T.);
#3234=EDGE_CURVE('',#2632,#2633,#3848,.T.);
#3235=EDGE_CURVE('',#2634,#2360,#3849,.T.);
#3236=EDGE_CURVE('',#2635,#2359,#3850,.T.);
#3237=EDGE_CURVE('',#2635,#2634,#3851,.T.);
#3238=EDGE_CURVE('',#2632,#2636,#3852,.T.);
#3239=EDGE_CURVE('',#2636,#2637,#3853,.T.);
#3240=EDGE_CURVE('',#2637,#2638,#3854,.T.);
#3241=EDGE_CURVE('',#2638,#2639,#3855,.T.);
#3242=EDGE_CURVE('',#2639,#2640,#3856,.T.);
#3243=EDGE_CURVE('',#2640,#2641,#3857,.T.);
#3244=EDGE_CURVE('',#2641,#2635,#3858,.T.);
#3245=EDGE_CURVE('',#2642,#2634,#3859,.T.);
#3246=EDGE_CURVE('',#2643,#2642,#3860,.T.);
#3247=EDGE_CURVE('',#2644,#2643,#3861,.T.);
#3248=EDGE_CURVE('',#2645,#2644,#3862,.T.);
#3249=EDGE_CURVE('',#2646,#2645,#3863,.T.);
#3250=EDGE_CURVE('',#2647,#2646,#3864,.T.);
#3251=EDGE_CURVE('',#2633,#2647,#3865,.T.);
#3252=EDGE_CURVE('',#2636,#2647,#3866,.T.);
#3253=EDGE_CURVE('',#2637,#2646,#3867,.T.);
#3254=EDGE_CURVE('',#2638,#2645,#3868,.T.);
#3255=EDGE_CURVE('',#2639,#2644,#3869,.T.);
#3256=EDGE_CURVE('',#2640,#2643,#3870,.T.);
#3257=EDGE_CURVE('',#2641,#2642,#3871,.T.);
#3258=EDGE_CURVE('',#2353,#2648,#3872,.T.);
#3259=EDGE_CURVE('',#2354,#2649,#3873,.T.);
#3260=EDGE_CURVE('',#2648,#2649,#3874,.T.);
#3261=EDGE_CURVE('',#2650,#2356,#3875,.T.);
#3262=EDGE_CURVE('',#2651,#2355,#3876,.T.);
#3263=EDGE_CURVE('',#2651,#2650,#3877,.T.);
#3264=EDGE_CURVE('',#2648,#2652,#3878,.T.);
#3265=EDGE_CURVE('',#2652,#2653,#3879,.T.);
#3266=EDGE_CURVE('',#2653,#2654,#3880,.T.);
#3267=EDGE_CURVE('',#2654,#2655,#3881,.T.);
#3268=EDGE_CURVE('',#2655,#2656,#3882,.T.);
#3269=EDGE_CURVE('',#2656,#2657,#3883,.T.);
#3270=EDGE_CURVE('',#2657,#2651,#3884,.T.);
#3271=EDGE_CURVE('',#2658,#2650,#3885,.T.);
#3272=EDGE_CURVE('',#2659,#2658,#3886,.T.);
#3273=EDGE_CURVE('',#2660,#2659,#3887,.T.);
#3274=EDGE_CURVE('',#2661,#2660,#3888,.T.);
#3275=EDGE_CURVE('',#2662,#2661,#3889,.T.);
#3276=EDGE_CURVE('',#2663,#2662,#3890,.T.);
#3277=EDGE_CURVE('',#2649,#2663,#3891,.T.);
#3278=EDGE_CURVE('',#2652,#2663,#3892,.T.);
#3279=EDGE_CURVE('',#2653,#2662,#3893,.T.);
#3280=EDGE_CURVE('',#2654,#2661,#3894,.T.);
#3281=EDGE_CURVE('',#2655,#2660,#3895,.T.);
#3282=EDGE_CURVE('',#2656,#2659,#3896,.T.);
#3283=EDGE_CURVE('',#2657,#2658,#3897,.T.);
#3284=EDGE_CURVE('',#2349,#2664,#3898,.T.);
#3285=EDGE_CURVE('',#2350,#2665,#3899,.T.);
#3286=EDGE_CURVE('',#2664,#2665,#3900,.T.);
#3287=EDGE_CURVE('',#2666,#2352,#3901,.T.);
#3288=EDGE_CURVE('',#2667,#2351,#3902,.T.);
#3289=EDGE_CURVE('',#2667,#2666,#3903,.T.);
#3290=EDGE_CURVE('',#2664,#2668,#3904,.T.);
#3291=EDGE_CURVE('',#2668,#2669,#3905,.T.);
#3292=EDGE_CURVE('',#2669,#2670,#3906,.T.);
#3293=EDGE_CURVE('',#2670,#2671,#3907,.T.);
#3294=EDGE_CURVE('',#2671,#2672,#3908,.T.);
#3295=EDGE_CURVE('',#2672,#2673,#3909,.T.);
#3296=EDGE_CURVE('',#2673,#2667,#3910,.T.);
#3297=EDGE_CURVE('',#2674,#2666,#3911,.T.);
#3298=EDGE_CURVE('',#2675,#2674,#3912,.T.);
#3299=EDGE_CURVE('',#2676,#2675,#3913,.T.);
#3300=EDGE_CURVE('',#2677,#2676,#3914,.T.);
#3301=EDGE_CURVE('',#2678,#2677,#3915,.T.);
#3302=EDGE_CURVE('',#2679,#2678,#3916,.T.);
#3303=EDGE_CURVE('',#2665,#2679,#3917,.T.);
#3304=EDGE_CURVE('',#2668,#2679,#3918,.T.);
#3305=EDGE_CURVE('',#2669,#2678,#3919,.T.);
#3306=EDGE_CURVE('',#2670,#2677,#3920,.T.);
#3307=EDGE_CURVE('',#2671,#2676,#3921,.T.);
#3308=EDGE_CURVE('',#2672,#2675,#3922,.T.);
#3309=EDGE_CURVE('',#2673,#2674,#3923,.T.);
#3310=LINE('',#5894,#3924);
#3311=LINE('',#5897,#3925);
#3312=LINE('',#5899,#3926);
#3313=LINE('',#5901,#3927);
#3314=LINE('',#5903,#3928);
#3315=LINE('',#5905,#3929);
#3316=LINE('',#5907,#3930);
#3317=LINE('',#5909,#3931);
#3318=LINE('',#5911,#3932);
#3319=LINE('',#5913,#3933);
#3320=LINE('',#5915,#3934);
#3321=LINE('',#5917,#3935);
#3322=LINE('',#5919,#3936);
#3323=LINE('',#5922,#3937);
#3324=LINE('',#5923,#3938);
#3325=LINE('',#5925,#3939);
#3326=LINE('',#5928,#3940);
#3327=LINE('',#5930,#3941);
#3328=LINE('',#5932,#3942);
#3329=LINE('',#5934,#3943);
#3330=LINE('',#5937,#3944);
#3331=LINE('',#5938,#3945);
#3332=LINE('',#5940,#3946);
#3333=LINE('',#5943,#3947);
#3334=LINE('',#5944,#3948);
#3335=LINE('',#5946,#3949);
#3336=LINE('',#5948,#3950);
#3337=LINE('',#5950,#3951);
#3338=LINE('',#5952,#3952);
#3339=LINE('',#5954,#3953);
#3340=LINE('',#5956,#3954);
#3341=LINE('',#5958,#3955);
#3342=LINE('',#5960,#3956);
#3343=LINE('',#5962,#3957);
#3344=LINE('',#5964,#3958);
#3345=LINE('',#5966,#3959);
#3346=LINE('',#5968,#3960);
#3347=LINE('',#5970,#3961);
#3348=LINE('',#5972,#3962);
#3349=LINE('',#5974,#3963);
#3350=LINE('',#5976,#3964);
#3351=LINE('',#5978,#3965);
#3352=LINE('',#5980,#3966);
#3353=LINE('',#5982,#3967);
#3354=LINE('',#5984,#3968);
#3355=LINE('',#5986,#3969);
#3356=LINE('',#5988,#3970);
#3357=LINE('',#5989,#3971);
#3358=LINE('',#5991,#3972);
#3359=LINE('',#5993,#3973);
#3360=LINE('',#5994,#3974);
#3361=LINE('',#5996,#3975);
#3362=LINE('',#5998,#3976);
#3363=LINE('',#6000,#3977);
#3364=LINE('',#6002,#3978);
#3365=LINE('',#6004,#3979);
#3366=LINE('',#6007,#3980);
#3367=LINE('',#6008,#3981);
#3368=LINE('',#6010,#3982);
#3369=LINE('',#6012,#3983);
#3370=LINE('',#6014,#3984);
#3371=LINE('',#6016,#3985);
#3372=LINE('',#6018,#3986);
#3373=LINE('',#6020,#3987);
#3374=LINE('',#6022,#3988);
#3375=LINE('',#6024,#3989);
#3376=LINE('',#6026,#3990);
#3377=LINE('',#6028,#3991);
#3378=LINE('',#6029,#3992);
#3379=LINE('',#6031,#3993);
#3380=LINE('',#6033,#3994);
#3381=LINE('',#6035,#3995);
#3382=LINE('',#6037,#3996);
#3383=LINE('',#6039,#3997);
#3384=LINE('',#6041,#3998);
#3385=LINE('',#6043,#3999);
#3386=LINE('',#6045,#4000);
#3387=LINE('',#6048,#4001);
#3388=LINE('',#6050,#4002);
#3389=LINE('',#6052,#4003);
#3390=LINE('',#6053,#4004);
#3391=LINE('',#6054,#4005);
#3392=LINE('',#6057,#4006);
#3393=LINE('',#6059,#4007);
#3394=LINE('',#6061,#4008);
#3395=LINE('',#6063,#4009);
#3396=LINE('',#6064,#4010);
#3397=LINE('',#6066,#4011);
#3398=LINE('',#6068,#4012);
#3399=LINE('',#6070,#4013);
#3400=LINE('',#6071,#4014);
#3401=LINE('',#6073,#4015);
#3402=LINE('',#6075,#4016);
#3403=LINE('',#6077,#4017);
#3404=LINE('',#6080,#4018);
#3405=LINE('',#6082,#4019);
#3406=LINE('',#6083,#4020);
#3407=LINE('',#6085,#4021);
#3408=LINE('',#6087,#4022);
#3409=LINE('',#6089,#4023);
#3410=LINE('',#6091,#4024);
#3411=LINE('',#6094,#4025);
#3412=LINE('',#6096,#4026);
#3413=LINE('',#6098,#4027);
#3414=LINE('',#6099,#4028);
#3415=LINE('',#6102,#4029);
#3416=LINE('',#6104,#4030);
#3417=LINE('',#6106,#4031);
#3418=LINE('',#6107,#4032);
#3419=LINE('',#6110,#4033);
#3420=LINE('',#6112,#4034);
#3421=LINE('',#6114,#4035);
#3422=LINE('',#6115,#4036);
#3423=LINE('',#6118,#4037);
#3424=LINE('',#6120,#4038);
#3425=LINE('',#6122,#4039);
#3426=LINE('',#6123,#4040);
#3427=LINE('',#6126,#4041);
#3428=LINE('',#6128,#4042);
#3429=LINE('',#6130,#4043);
#3430=LINE('',#6131,#4044);
#3431=LINE('',#6134,#4045);
#3432=LINE('',#6136,#4046);
#3433=LINE('',#6138,#4047);
#3434=LINE('',#6139,#4048);
#3435=LINE('',#6142,#4049);
#3436=LINE('',#6144,#4050);
#3437=LINE('',#6146,#4051);
#3438=LINE('',#6147,#4052);
#3439=LINE('',#6148,#4053);
#3440=LINE('',#6150,#4054);
#3441=LINE('',#6152,#4055);
#3442=LINE('',#6153,#4056);
#3443=LINE('',#6155,#4057);
#3444=LINE('',#6157,#4058);
#3445=LINE('',#6159,#4059);
#3446=LINE('',#6162,#4060);
#3447=LINE('',#6164,#4061);
#3448=LINE('',#6166,#4062);
#3449=LINE('',#6167,#4063);
#3450=LINE('',#6169,#4064);
#3451=LINE('',#6171,#4065);
#3452=LINE('',#6173,#4066);
#3453=LINE('',#6175,#4067);
#3454=LINE('',#6177,#4068);
#3455=LINE('',#6179,#4069);
#3456=LINE('',#6182,#4070);
#3457=LINE('',#6184,#4071);
#3458=LINE('',#6186,#4072);
#3459=LINE('',#6188,#4073);
#3460=LINE('',#6190,#4074);
#3461=LINE('',#6193,#4075);
#3462=LINE('',#6195,#4076);
#3463=LINE('',#6197,#4077);
#3464=LINE('',#6199,#4078);
#3465=LINE('',#6201,#4079);
#3466=LINE('',#6204,#4080);
#3467=LINE('',#6206,#4081);
#3468=LINE('',#6208,#4082);
#3469=LINE('',#6210,#4083);
#3470=LINE('',#6212,#4084);
#3471=LINE('',#6215,#4085);
#3472=LINE('',#6217,#4086);
#3473=LINE('',#6219,#4087);
#3474=LINE('',#6221,#4088);
#3475=LINE('',#6223,#4089);
#3476=LINE('',#6225,#4090);
#3477=LINE('',#6229,#4091);
#3478=LINE('',#6233,#4092);
#3479=LINE('',#6234,#4093);
#3480=LINE('',#6236,#4094);
#3481=LINE('',#6238,#4095);
#3482=LINE('',#6240,#4096);
#3483=LINE('',#6244,#4097);
#3484=LINE('',#6248,#4098);
#3485=LINE('',#6249,#4099);
#3486=LINE('',#6251,#4100);
#3487=LINE('',#6253,#4101);
#3488=LINE('',#6255,#4102);
#3489=LINE('',#6257,#4103);
#3490=LINE('',#6259,#4104);
#3491=LINE('',#6261,#4105);
#3492=LINE('',#6265,#4106);
#3493=LINE('',#6269,#4107);
#3494=LINE('',#6271,#4108);
#3495=LINE('',#6273,#4109);
#3496=LINE('',#6275,#4110);
#3497=LINE('',#6277,#4111);
#3498=LINE('',#6279,#4112);
#3499=LINE('',#6281,#4113);
#3500=LINE('',#6284,#4114);
#3501=LINE('',#6286,#4115);
#3502=LINE('',#6288,#4116);
#3503=LINE('',#6289,#4117);
#3504=LINE('',#6291,#4118);
#3505=LINE('',#6293,#4119);
#3506=LINE('',#6295,#4120);
#3507=LINE('',#6298,#4121);
#3508=LINE('',#6300,#4122);
#3509=LINE('',#6302,#4123);
#3510=LINE('',#6303,#4124);
#3511=LINE('',#6305,#4125);
#3512=LINE('',#6309,#4126);
#3513=LINE('',#6313,#4127);
#3514=LINE('',#6314,#4128);
#3515=LINE('',#6316,#4129);
#3516=LINE('',#6319,#4130);
#3517=LINE('',#6321,#4131);
#3518=LINE('',#6323,#4132);
#3519=LINE('',#6324,#4133);
#3520=LINE('',#6327,#4134);
#3521=LINE('',#6329,#4135);
#3522=LINE('',#6331,#4136);
#3523=LINE('',#6332,#4137);
#3524=LINE('',#6335,#4138);
#3525=LINE('',#6337,#4139);
#3526=LINE('',#6339,#4140);
#3527=LINE('',#6340,#4141);
#3528=LINE('',#6343,#4142);
#3529=LINE('',#6345,#4143);
#3530=LINE('',#6347,#4144);
#3531=LINE('',#6348,#4145);
#3532=LINE('',#6351,#4146);
#3533=LINE('',#6353,#4147);
#3534=LINE('',#6355,#4148);
#3535=LINE('',#6356,#4149);
#3536=LINE('',#6359,#4150);
#3537=LINE('',#6361,#4151);
#3538=LINE('',#6363,#4152);
#3539=LINE('',#6364,#4153);
#3540=LINE('',#6367,#4154);
#3541=LINE('',#6369,#4155);
#3542=LINE('',#6371,#4156);
#3543=LINE('',#6373,#4157);
#3544=LINE('',#6374,#4158);
#3545=LINE('',#6376,#4159);
#3546=LINE('',#6378,#4160);
#3547=LINE('',#6379,#4161);
#3548=LINE('',#6381,#4162);
#3549=LINE('',#6382,#4163);
#3550=LINE('',#6384,#4164);
#3551=LINE('',#6386,#4165);
#3552=LINE('',#6388,#4166);
#3553=LINE('',#6390,#4167);
#3554=LINE('',#6392,#4168);
#3555=LINE('',#6393,#4169);
#3556=LINE('',#6395,#4170);
#3557=LINE('',#6397,#4171);
#3558=LINE('',#6399,#4172);
#3559=LINE('',#6401,#4173);
#3560=LINE('',#6403,#4174);
#3561=LINE('',#6405,#4175);
#3562=LINE('',#6407,#4176);
#3563=LINE('',#6409,#4177);
#3564=LINE('',#6411,#4178);
#3565=LINE('',#6413,#4179);
#3566=LINE('',#6415,#4180);
#3567=LINE('',#6417,#4181);
#3568=LINE('',#6419,#4182);
#3569=LINE('',#6421,#4183);
#3570=LINE('',#6423,#4184);
#3571=LINE('',#6425,#4185);
#3572=LINE('',#6427,#4186);
#3573=LINE('',#6429,#4187);
#3574=LINE('',#6432,#4188);
#3575=LINE('',#6433,#4189);
#3576=LINE('',#6434,#4190);
#3577=LINE('',#6436,#4191);
#3578=LINE('',#6438,#4192);
#3579=LINE('',#6441,#4193);
#3580=LINE('',#6444,#4194);
#3581=LINE('',#6446,#4195);
#3582=LINE('',#6451,#4196);
#3583=LINE('',#6454,#4197);
#3584=LINE('',#6456,#4198);
#3585=LINE('',#6458,#4199);
#3586=LINE('',#6460,#4200);
#3587=LINE('',#6462,#4201);
#3588=LINE('',#6464,#4202);
#3589=LINE('',#6466,#4203);
#3590=LINE('',#6468,#4204);
#3591=LINE('',#6470,#4205);
#3592=LINE('',#6472,#4206);
#3593=LINE('',#6473,#4207);
#3594=LINE('',#6475,#4208);
#3595=LINE('',#6478,#4209);
#3596=LINE('',#6480,#4210);
#3597=LINE('',#6482,#4211);
#3598=LINE('',#6483,#4212);
#3599=LINE('',#6485,#4213);
#3600=LINE('',#6487,#4214);
#3601=LINE('',#6489,#4215);
#3602=LINE('',#6490,#4216);
#3603=LINE('',#6493,#4217);
#3604=LINE('',#6496,#4218);
#3605=LINE('',#6498,#4219);
#3606=LINE('',#6510,#4220);
#3607=LINE('',#6511,#4221);
#3608=LINE('',#6513,#4222);
#3609=LINE('',#6516,#4223);
#3610=LINE('',#6518,#4224);
#3611=LINE('',#6520,#4225);
#3612=LINE('',#6523,#4226);
#3613=LINE('',#6524,#4227);
#3614=LINE('',#6527,#4228);
#3615=LINE('',#6529,#4229);
#3616=LINE('',#6531,#4230);
#3617=LINE('',#6533,#4231);
#3618=LINE('',#6536,#4232);
#3619=LINE('',#6539,#4233);
#3620=LINE('',#6541,#4234);
#3621=LINE('',#6543,#4235);
#3622=LINE('',#6545,#4236);
#3623=LINE('',#6547,#4237);
#3624=LINE('',#6549,#4238);
#3625=LINE('',#6551,#4239);
#3626=LINE('',#6553,#4240);
#3627=LINE('',#6555,#4241);
#3628=LINE('',#6557,#4242);
#3629=LINE('',#6558,#4243);
#3630=LINE('',#6560,#4244);
#3631=LINE('',#6561,#4245);
#3632=LINE('',#6565,#4246);
#3633=LINE('',#6567,#4247);
#3634=LINE('',#6569,#4248);
#3635=LINE('',#6571,#4249);
#3636=LINE('',#6573,#4250);
#3637=LINE('',#6575,#4251);
#3638=LINE('',#6577,#4252);
#3639=LINE('',#6579,#4253);
#3640=LINE('',#6581,#4254);
#3641=LINE('',#6583,#4255);
#3642=LINE('',#6585,#4256);
#3643=LINE('',#6587,#4257);
#3644=LINE('',#6589,#4258);
#3645=LINE('',#6591,#4259);
#3646=LINE('',#6593,#4260);
#3647=LINE('',#6595,#4261);
#3648=LINE('',#6597,#4262);
#3649=LINE('',#6599,#4263);
#3650=LINE('',#6601,#4264);
#3651=LINE('',#6603,#4265);
#3652=LINE('',#6605,#4266);
#3653=LINE('',#6607,#4267);
#3654=LINE('',#6609,#4268);
#3655=LINE('',#6611,#4269);
#3656=LINE('',#6613,#4270);
#3657=LINE('',#6615,#4271);
#3658=LINE('',#6620,#4272);
#3659=LINE('',#6622,#4273);
#3660=LINE('',#6624,#4274);
#3661=LINE('',#6626,#4275);
#3662=LINE('',#6628,#4276);
#3663=LINE('',#6630,#4277);
#3664=LINE('',#6632,#4278);
#3665=LINE('',#6634,#4279);
#3666=LINE('',#6636,#4280);
#3667=LINE('',#6638,#4281);
#3668=LINE('',#6640,#4282);
#3669=LINE('',#6641,#4283);
#3670=LINE('',#6645,#4284);
#3671=LINE('',#6647,#4285);
#3672=LINE('',#6650,#4286);
#3673=LINE('',#6652,#4287);
#3674=LINE('',#6654,#4288);
#3675=LINE('',#6656,#4289);
#3676=LINE('',#6658,#4290);
#3677=LINE('',#6660,#4291);
#3678=LINE('',#6661,#4292);
#3679=LINE('',#6667,#4293);
#3680=LINE('',#6669,#4294);
#3681=LINE('',#6671,#4295);
#3682=LINE('',#6672,#4296);
#3683=LINE('',#6674,#4297);
#3684=LINE('',#6680,#4298);
#3685=LINE('',#6683,#4299);
#3686=LINE('',#6685,#4300);
#3687=LINE('',#6687,#4301);
#3688=LINE('',#6689,#4302);
#3689=LINE('',#6691,#4303);
#3690=LINE('',#6693,#4304);
#3691=LINE('',#6695,#4305);
#3692=LINE('',#6697,#4306);
#3693=LINE('',#6699,#4307);
#3694=LINE('',#6701,#4308);
#3695=LINE('',#6702,#4309);
#3696=LINE('',#6704,#4310);
#3697=LINE('',#6705,#4311);
#3698=LINE('',#6709,#4312);
#3699=LINE('',#6712,#4313);
#3700=LINE('',#6714,#4314);
#3701=LINE('',#6716,#4315);
#3702=LINE('',#6718,#4316);
#3703=LINE('',#6720,#4317);
#3704=LINE('',#6722,#4318);
#3705=LINE('',#6724,#4319);
#3706=LINE('',#6726,#4320);
#3707=LINE('',#6728,#4321);
#3708=LINE('',#6730,#4322);
#3709=LINE('',#6731,#4323);
#3710=LINE('',#6733,#4324);
#3711=LINE('',#6734,#4325);
#3712=LINE('',#6738,#4326);
#3713=LINE('',#6741,#4327);
#3714=LINE('',#6743,#4328);
#3715=LINE('',#6745,#4329);
#3716=LINE('',#6747,#4330);
#3717=LINE('',#6749,#4331);
#3718=LINE('',#6751,#4332);
#3719=LINE('',#6753,#4333);
#3720=LINE('',#6755,#4334);
#3721=LINE('',#6757,#4335);
#3722=LINE('',#6759,#4336);
#3723=LINE('',#6760,#4337);
#3724=LINE('',#6762,#4338);
#3725=LINE('',#6763,#4339);
#3726=LINE('',#6767,#4340);
#3727=LINE('',#6770,#4341);
#3728=LINE('',#6772,#4342);
#3729=LINE('',#6774,#4343);
#3730=LINE('',#6776,#4344);
#3731=LINE('',#6778,#4345);
#3732=LINE('',#6780,#4346);
#3733=LINE('',#6782,#4347);
#3734=LINE('',#6784,#4348);
#3735=LINE('',#6786,#4349);
#3736=LINE('',#6788,#4350);
#3737=LINE('',#6789,#4351);
#3738=LINE('',#6791,#4352);
#3739=LINE('',#6792,#4353);
#3740=LINE('',#6796,#4354);
#3741=LINE('',#6799,#4355);
#3742=LINE('',#6801,#4356);
#3743=LINE('',#6803,#4357);
#3744=LINE('',#6805,#4358);
#3745=LINE('',#6807,#4359);
#3746=LINE('',#6809,#4360);
#3747=LINE('',#6811,#4361);
#3748=LINE('',#6813,#4362);
#3749=LINE('',#6815,#4363);
#3750=LINE('',#6817,#4364);
#3751=LINE('',#6818,#4365);
#3752=LINE('',#6820,#4366);
#3753=LINE('',#6821,#4367);
#3754=LINE('',#6825,#4368);
#3755=LINE('',#6828,#4369);
#3756=LINE('',#6830,#4370);
#3757=LINE('',#6832,#4371);
#3758=LINE('',#6834,#4372);
#3759=LINE('',#6836,#4373);
#3760=LINE('',#6838,#4374);
#3761=LINE('',#6840,#4375);
#3762=LINE('',#6842,#4376);
#3763=LINE('',#6844,#4377);
#3764=LINE('',#6846,#4378);
#3765=LINE('',#6847,#4379);
#3766=LINE('',#6849,#4380);
#3767=LINE('',#6850,#4381);
#3768=LINE('',#6854,#4382);
#3769=LINE('',#6856,#4383);
#3770=LINE('',#6858,#4384);
#3771=LINE('',#6860,#4385);
#3772=LINE('',#6862,#4386);
#3773=LINE('',#6864,#4387);
#3774=LINE('',#6866,#4388);
#3775=LINE('',#6868,#4389);
#3776=LINE('',#6870,#4390);
#3777=LINE('',#6872,#4391);
#3778=LINE('',#6874,#4392);
#3779=LINE('',#6876,#4393);
#3780=LINE('',#6878,#4394);
#3781=LINE('',#6880,#4395);
#3782=LINE('',#6882,#4396);
#3783=LINE('',#6884,#4397);
#3784=LINE('',#6886,#4398);
#3785=LINE('',#6888,#4399);
#3786=LINE('',#6890,#4400);
#3787=LINE('',#6892,#4401);
#3788=LINE('',#6894,#4402);
#3789=LINE('',#6896,#4403);
#3790=LINE('',#6898,#4404);
#3791=LINE('',#6900,#4405);
#3792=LINE('',#6902,#4406);
#3793=LINE('',#6904,#4407);
#3794=LINE('',#6907,#4408);
#3795=LINE('',#6909,#4409);
#3796=LINE('',#6911,#4410);
#3797=LINE('',#6913,#4411);
#3798=LINE('',#6915,#4412);
#3799=LINE('',#6917,#4413);
#3800=LINE('',#6919,#4414);
#3801=LINE('',#6921,#4415);
#3802=LINE('',#6923,#4416);
#3803=LINE('',#6925,#4417);
#3804=LINE('',#6927,#4418);
#3805=LINE('',#6929,#4419);
#3806=LINE('',#6931,#4420);
#3807=LINE('',#6933,#4421);
#3808=LINE('',#6935,#4422);
#3809=LINE('',#6937,#4423);
#3810=LINE('',#6939,#4424);
#3811=LINE('',#6941,#4425);
#3812=LINE('',#6943,#4426);
#3813=LINE('',#6945,#4427);
#3814=LINE('',#6947,#4428);
#3815=LINE('',#6949,#4429);
#3816=LINE('',#6951,#4430);
#3817=LINE('',#6953,#4431);
#3818=LINE('',#6955,#4432);
#3819=LINE('',#6957,#4433);
#3820=LINE('',#6960,#4434);
#3821=LINE('',#6962,#4435);
#3822=LINE('',#6964,#4436);
#3823=LINE('',#6966,#4437);
#3824=LINE('',#6968,#4438);
#3825=LINE('',#6970,#4439);
#3826=LINE('',#6972,#4440);
#3827=LINE('',#6974,#4441);
#3828=LINE('',#6976,#4442);
#3829=LINE('',#6978,#4443);
#3830=LINE('',#6980,#4444);
#3831=LINE('',#6982,#4445);
#3832=LINE('',#6984,#4446);
#3833=LINE('',#6986,#4447);
#3834=LINE('',#6988,#4448);
#3835=LINE('',#6990,#4449);
#3836=LINE('',#6992,#4450);
#3837=LINE('',#6994,#4451);
#3838=LINE('',#6996,#4452);
#3839=LINE('',#6998,#4453);
#3840=LINE('',#7000,#4454);
#3841=LINE('',#7002,#4455);
#3842=LINE('',#7004,#4456);
#3843=LINE('',#7006,#4457);
#3844=LINE('',#7008,#4458);
#3845=LINE('',#7010,#4459);
#3846=LINE('',#7013,#4460);
#3847=LINE('',#7015,#4461);
#3848=LINE('',#7017,#4462);
#3849=LINE('',#7019,#4463);
#3850=LINE('',#7021,#4464);
#3851=LINE('',#7023,#4465);
#3852=LINE('',#7025,#4466);
#3853=LINE('',#7027,#4467);
#3854=LINE('',#7029,#4468);
#3855=LINE('',#7031,#4469);
#3856=LINE('',#7033,#4470);
#3857=LINE('',#7035,#4471);
#3858=LINE('',#7037,#4472);
#3859=LINE('',#7039,#4473);
#3860=LINE('',#7041,#4474);
#3861=LINE('',#7043,#4475);
#3862=LINE('',#7045,#4476);
#3863=LINE('',#7047,#4477);
#3864=LINE('',#7049,#4478);
#3865=LINE('',#7051,#4479);
#3866=LINE('',#7053,#4480);
#3867=LINE('',#7055,#4481);
#3868=LINE('',#7057,#4482);
#3869=LINE('',#7059,#4483);
#3870=LINE('',#7061,#4484);
#3871=LINE('',#7063,#4485);
#3872=LINE('',#7066,#4486);
#3873=LINE('',#7068,#4487);
#3874=LINE('',#7070,#4488);
#3875=LINE('',#7072,#4489);
#3876=LINE('',#7074,#4490);
#3877=LINE('',#7076,#4491);
#3878=LINE('',#7078,#4492);
#3879=LINE('',#7080,#4493);
#3880=LINE('',#7082,#4494);
#3881=LINE('',#7084,#4495);
#3882=LINE('',#7086,#4496);
#3883=LINE('',#7088,#4497);
#3884=LINE('',#7090,#4498);
#3885=LINE('',#7092,#4499);
#3886=LINE('',#7094,#4500);
#3887=LINE('',#7096,#4501);
#3888=LINE('',#7098,#4502);
#3889=LINE('',#7100,#4503);
#3890=LINE('',#7102,#4504);
#3891=LINE('',#7104,#4505);
#3892=LINE('',#7106,#4506);
#3893=LINE('',#7108,#4507);
#3894=LINE('',#7110,#4508);
#3895=LINE('',#7112,#4509);
#3896=LINE('',#7114,#4510);
#3897=LINE('',#7116,#4511);
#3898=LINE('',#7119,#4512);
#3899=LINE('',#7121,#4513);
#3900=LINE('',#7123,#4514);
#3901=LINE('',#7125,#4515);
#3902=LINE('',#7127,#4516);
#3903=LINE('',#7129,#4517);
#3904=LINE('',#7131,#4518);
#3905=LINE('',#7133,#4519);
#3906=LINE('',#7135,#4520);
#3907=LINE('',#7137,#4521);
#3908=LINE('',#7139,#4522);
#3909=LINE('',#7141,#4523);
#3910=LINE('',#7143,#4524);
#3911=LINE('',#7145,#4525);
#3912=LINE('',#7147,#4526);
#3913=LINE('',#7149,#4527);
#3914=LINE('',#7151,#4528);
#3915=LINE('',#7153,#4529);
#3916=LINE('',#7155,#4530);
#3917=LINE('',#7157,#4531);
#3918=LINE('',#7159,#4532);
#3919=LINE('',#7161,#4533);
#3920=LINE('',#7163,#4534);
#3921=LINE('',#7165,#4535);
#3922=LINE('',#7167,#4536);
#3923=LINE('',#7169,#4537);
#3924=VECTOR('',#4787,1.);
#3925=VECTOR('',#4788,1.);
#3926=VECTOR('',#4789,1.);
#3927=VECTOR('',#4790,1.);
#3928=VECTOR('',#4791,1.);
#3929=VECTOR('',#4792,1.);
#3930=VECTOR('',#4793,1.);
#3931=VECTOR('',#4794,1.);
#3932=VECTOR('',#4795,1.);
#3933=VECTOR('',#4796,1.);
#3934=VECTOR('',#4797,1.);
#3935=VECTOR('',#4798,1.);
#3936=VECTOR('',#4801,1.);
#3937=VECTOR('',#4802,1.);
#3938=VECTOR('',#4803,1.);
#3939=VECTOR('',#4806,1.);
#3940=VECTOR('',#4807,1.);
#3941=VECTOR('',#4808,1.);
#3942=VECTOR('',#4809,1.);
#3943=VECTOR('',#4812,1.);
#3944=VECTOR('',#4813,1.);
#3945=VECTOR('',#4814,1.);
#3946=VECTOR('',#4817,1.);
#3947=VECTOR('',#4818,1.);
#3948=VECTOR('',#4819,1.);
#3949=VECTOR('',#4820,1.);
#3950=VECTOR('',#4821,1.);
#3951=VECTOR('',#4822,1.);
#3952=VECTOR('',#4823,1.);
#3953=VECTOR('',#4824,1.);
#3954=VECTOR('',#4825,1.);
#3955=VECTOR('',#4826,1.);
#3956=VECTOR('',#4827,1.);
#3957=VECTOR('',#4828,1.);
#3958=VECTOR('',#4829,1.);
#3959=VECTOR('',#4830,1.);
#3960=VECTOR('',#4831,1.);
#3961=VECTOR('',#4832,1.);
#3962=VECTOR('',#4833,1.);
#3963=VECTOR('',#4834,1.);
#3964=VECTOR('',#4835,1.);
#3965=VECTOR('',#4836,1.);
#3966=VECTOR('',#4837,1.);
#3967=VECTOR('',#4838,1.);
#3968=VECTOR('',#4839,1.);
#3969=VECTOR('',#4840,1.);
#3970=VECTOR('',#4841,1.);
#3971=VECTOR('',#4842,1.);
#3972=VECTOR('',#4843,1.);
#3973=VECTOR('',#4844,1.);
#3974=VECTOR('',#4845,1.);
#3975=VECTOR('',#4846,1.);
#3976=VECTOR('',#4847,1.);
#3977=VECTOR('',#4848,1.);
#3978=VECTOR('',#4849,1.);
#3979=VECTOR('',#4852,1.);
#3980=VECTOR('',#4853,1.);
#3981=VECTOR('',#4854,1.);
#3982=VECTOR('',#4855,1.);
#3983=VECTOR('',#4856,1.);
#3984=VECTOR('',#4857,1.);
#3985=VECTOR('',#4858,1.);
#3986=VECTOR('',#4859,1.);
#3987=VECTOR('',#4860,1.);
#3988=VECTOR('',#4861,1.);
#3989=VECTOR('',#4862,1.);
#3990=VECTOR('',#4863,1.);
#3991=VECTOR('',#4864,1.);
#3992=VECTOR('',#4865,1.);
#3993=VECTOR('',#4866,1.);
#3994=VECTOR('',#4867,1.);
#3995=VECTOR('',#4868,1.);
#3996=VECTOR('',#4869,1.);
#3997=VECTOR('',#4872,1.);
#3998=VECTOR('',#4873,1.);
#3999=VECTOR('',#4874,1.);
#4000=VECTOR('',#4877,1.);
#4001=VECTOR('',#4878,1.);
#4002=VECTOR('',#4879,1.);
#4003=VECTOR('',#4880,1.);
#4004=VECTOR('',#4881,1.);
#4005=VECTOR('',#4882,1.);
#4006=VECTOR('',#4883,1.);
#4007=VECTOR('',#4884,1.);
#4008=VECTOR('',#4885,1.);
#4009=VECTOR('',#4888,1.);
#4010=VECTOR('',#4889,1.);
#4011=VECTOR('',#4890,1.);
#4012=VECTOR('',#4891,1.);
#4013=VECTOR('',#4892,1.);
#4014=VECTOR('',#4893,1.);
#4015=VECTOR('',#4894,1.);
#4016=VECTOR('',#4895,1.);
#4017=VECTOR('',#4898,1.);
#4018=VECTOR('',#4899,1.);
#4019=VECTOR('',#4900,1.);
#4020=VECTOR('',#4901,1.);
#4021=VECTOR('',#4902,1.);
#4022=VECTOR('',#4903,1.);
#4023=VECTOR('',#4904,1.);
#4024=VECTOR('',#4907,1.);
#4025=VECTOR('',#4908,1.);
#4026=VECTOR('',#4909,1.);
#4027=VECTOR('',#4910,1.);
#4028=VECTOR('',#4911,1.);
#4029=VECTOR('',#4912,1.);
#4030=VECTOR('',#4913,1.);
#4031=VECTOR('',#4914,1.);
#4032=VECTOR('',#4915,1.);
#4033=VECTOR('',#4916,1.);
#4034=VECTOR('',#4917,1.);
#4035=VECTOR('',#4918,1.);
#4036=VECTOR('',#4919,1.);
#4037=VECTOR('',#4920,1.);
#4038=VECTOR('',#4921,1.);
#4039=VECTOR('',#4922,1.);
#4040=VECTOR('',#4923,1.);
#4041=VECTOR('',#4924,1.);
#4042=VECTOR('',#4925,1.);
#4043=VECTOR('',#4926,1.);
#4044=VECTOR('',#4927,1.);
#4045=VECTOR('',#4928,1.);
#4046=VECTOR('',#4929,1.);
#4047=VECTOR('',#4930,1.);
#4048=VECTOR('',#4931,1.);
#4049=VECTOR('',#4932,1.);
#4050=VECTOR('',#4933,1.);
#4051=VECTOR('',#4934,1.);
#4052=VECTOR('',#4935,1.);
#4053=VECTOR('',#4936,1.);
#4054=VECTOR('',#4937,1.);
#4055=VECTOR('',#4938,1.);
#4056=VECTOR('',#4939,1.);
#4057=VECTOR('',#4940,1.);
#4058=VECTOR('',#4941,1.);
#4059=VECTOR('',#4944,1.);
#4060=VECTOR('',#4945,1.);
#4061=VECTOR('',#4946,1.);
#4062=VECTOR('',#4947,1.);
#4063=VECTOR('',#4948,1.);
#4064=VECTOR('',#4949,1.);
#4065=VECTOR('',#4952,1.);
#4066=VECTOR('',#4953,1.);
#4067=VECTOR('',#4956,1.);
#4068=VECTOR('',#4957,1.);
#4069=VECTOR('',#4960,1.);
#4070=VECTOR('',#4965,1.);
#4071=VECTOR('',#4966,1.);
#4072=VECTOR('',#4969,1.);
#4073=VECTOR('',#4970,1.);
#4074=VECTOR('',#4973,1.);
#4075=VECTOR('',#4978,1.);
#4076=VECTOR('',#4979,1.);
#4077=VECTOR('',#4982,1.);
#4078=VECTOR('',#4983,1.);
#4079=VECTOR('',#4986,1.);
#4080=VECTOR('',#4991,1.);
#4081=VECTOR('',#4992,1.);
#4082=VECTOR('',#4995,1.);
#4083=VECTOR('',#4996,1.);
#4084=VECTOR('',#4999,1.);
#4085=VECTOR('',#5004,1.);
#4086=VECTOR('',#5005,1.);
#4087=VECTOR('',#5006,1.);
#4088=VECTOR('',#5009,1.);
#4089=VECTOR('',#5010,1.);
#4090=VECTOR('',#5011,1.);
#4091=VECTOR('',#5016,1.);
#4092=VECTOR('',#5021,1.);
#4093=VECTOR('',#5022,1.);
#4094=VECTOR('',#5025,1.);
#4095=VECTOR('',#5026,1.);
#4096=VECTOR('',#5027,1.);
#4097=VECTOR('',#5032,1.);
#4098=VECTOR('',#5037,1.);
#4099=VECTOR('',#5038,1.);
#4100=VECTOR('',#5039,1.);
#4101=VECTOR('',#5042,1.);
#4102=VECTOR('',#5043,1.);
#4103=VECTOR('',#5046,1.);
#4104=VECTOR('',#5047,1.);
#4105=VECTOR('',#5048,1.);
#4106=VECTOR('',#5053,1.);
#4107=VECTOR('',#5058,1.);
#4108=VECTOR('',#5059,1.);
#4109=VECTOR('',#5060,1.);
#4110=VECTOR('',#5061,1.);
#4111=VECTOR('',#5062,1.);
#4112=VECTOR('',#5063,1.);
#4113=VECTOR('',#5066,1.);
#4114=VECTOR('',#5067,1.);
#4115=VECTOR('',#5068,1.);
#4116=VECTOR('',#5069,1.);
#4117=VECTOR('',#5070,1.);
#4118=VECTOR('',#5071,1.);
#4119=VECTOR('',#5072,1.);
#4120=VECTOR('',#5075,1.);
#4121=VECTOR('',#5076,1.);
#4122=VECTOR('',#5077,1.);
#4123=VECTOR('',#5078,1.);
#4124=VECTOR('',#5079,1.);
#4125=VECTOR('',#5080,1.);
#4126=VECTOR('',#5085,1.);
#4127=VECTOR('',#5090,1.);
#4128=VECTOR('',#5091,1.);
#4129=VECTOR('',#5094,1.);
#4130=VECTOR('',#5095,1.);
#4131=VECTOR('',#5096,1.);
#4132=VECTOR('',#5097,1.);
#4133=VECTOR('',#5098,1.);
#4134=VECTOR('',#5099,1.);
#4135=VECTOR('',#5100,1.);
#4136=VECTOR('',#5101,1.);
#4137=VECTOR('',#5102,1.);
#4138=VECTOR('',#5103,1.);
#4139=VECTOR('',#5104,1.);
#4140=VECTOR('',#5105,1.);
#4141=VECTOR('',#5106,1.);
#4142=VECTOR('',#5107,1.);
#4143=VECTOR('',#5108,1.);
#4144=VECTOR('',#5109,1.);
#4145=VECTOR('',#5110,1.);
#4146=VECTOR('',#5111,1.);
#4147=VECTOR('',#5112,1.);
#4148=VECTOR('',#5113,1.);
#4149=VECTOR('',#5114,1.);
#4150=VECTOR('',#5115,1.);
#4151=VECTOR('',#5116,1.);
#4152=VECTOR('',#5117,1.);
#4153=VECTOR('',#5118,1.);
#4154=VECTOR('',#5119,1.);
#4155=VECTOR('',#5120,1.);
#4156=VECTOR('',#5121,1.);
#4157=VECTOR('',#5124,1.);
#4158=VECTOR('',#5125,1.);
#4159=VECTOR('',#5128,1.);
#4160=VECTOR('',#5129,1.);
#4161=VECTOR('',#5130,1.);
#4162=VECTOR('',#5133,1.);
#4163=VECTOR('',#5134,1.);
#4164=VECTOR('',#5135,1.);
#4165=VECTOR('',#5138,1.);
#4166=VECTOR('',#5139,1.);
#4167=VECTOR('',#5142,1.);
#4168=VECTOR('',#5143,1.);
#4169=VECTOR('',#5144,1.);
#4170=VECTOR('',#5147,1.);
#4171=VECTOR('',#5150,1.);
#4172=VECTOR('',#5153,1.);
#4173=VECTOR('',#5154,1.);
#4174=VECTOR('',#5155,1.);
#4175=VECTOR('',#5158,1.);
#4176=VECTOR('',#5159,1.);
#4177=VECTOR('',#5160,1.);
#4178=VECTOR('',#5163,1.);
#4179=VECTOR('',#5164,1.);
#4180=VECTOR('',#5165,1.);
#4181=VECTOR('',#5168,1.);
#4182=VECTOR('',#5169,1.);
#4183=VECTOR('',#5170,1.);
#4184=VECTOR('',#5173,1.);
#4185=VECTOR('',#5174,1.);
#4186=VECTOR('',#5175,1.);
#4187=VECTOR('',#5178,1.);
#4188=VECTOR('',#5179,1.);
#4189=VECTOR('',#5180,1.);
#4190=VECTOR('',#5181,1.);
#4191=VECTOR('',#5182,1.);
#4192=VECTOR('',#5183,1.);
#4193=VECTOR('',#5188,1.);
#4194=VECTOR('',#5189,1.);
#4195=VECTOR('',#5190,1.);
#4196=VECTOR('',#5197,1.);
#4197=VECTOR('',#5198,1.);
#4198=VECTOR('',#5199,1.);
#4199=VECTOR('',#5200,1.);
#4200=VECTOR('',#5203,1.);
#4201=VECTOR('',#5204,1.);
#4202=VECTOR('',#5205,1.);
#4203=VECTOR('',#5208,1.);
#4204=VECTOR('',#5209,1.);
#4205=VECTOR('',#5210,1.);
#4206=VECTOR('',#5213,1.);
#4207=VECTOR('',#5214,1.);
#4208=VECTOR('',#5217,1.);
#4209=VECTOR('',#5218,1.);
#4210=VECTOR('',#5219,1.);
#4211=VECTOR('',#5220,1.);
#4212=VECTOR('',#5221,1.);
#4213=VECTOR('',#5222,1.);
#4214=VECTOR('',#5223,1.);
#4215=VECTOR('',#5226,1.);
#4216=VECTOR('',#5227,1.);
#4217=VECTOR('',#5232,1.);
#4218=VECTOR('',#5233,1.);
#4219=VECTOR('',#5234,1.);
#4220=VECTOR('',#5255,1.);
#4221=VECTOR('',#5256,1.);
#4222=VECTOR('',#5259,1.);
#4223=VECTOR('',#5264,1.);
#4224=VECTOR('',#5267,1.);
#4225=VECTOR('',#5270,1.);
#4226=VECTOR('',#5275,1.);
#4227=VECTOR('',#5276,1.);
#4228=VECTOR('',#5281,1.);
#4229=VECTOR('',#5284,1.);
#4230=VECTOR('',#5287,1.);
#4231=VECTOR('',#5290,1.);
#4232=VECTOR('',#5295,1.);
#4233=VECTOR('',#5296,1.);
#4234=VECTOR('',#5297,1.);
#4235=VECTOR('',#5298,1.);
#4236=VECTOR('',#5301,1.);
#4237=VECTOR('',#5302,1.);
#4238=VECTOR('',#5303,1.);
#4239=VECTOR('',#5306,1.);
#4240=VECTOR('',#5307,1.);
#4241=VECTOR('',#5308,1.);
#4242=VECTOR('',#5311,1.);
#4243=VECTOR('',#5312,1.);
#4244=VECTOR('',#5315,1.);
#4245=VECTOR('',#5316,1.);
#4246=VECTOR('',#5323,1.);
#4247=VECTOR('',#5324,1.);
#4248=VECTOR('',#5325,1.);
#4249=VECTOR('',#5328,1.);
#4250=VECTOR('',#5329,1.);
#4251=VECTOR('',#5330,1.);
#4252=VECTOR('',#5333,1.);
#4253=VECTOR('',#5334,1.);
#4254=VECTOR('',#5335,1.);
#4255=VECTOR('',#5336,1.);
#4256=VECTOR('',#5337,1.);
#4257=VECTOR('',#5338,1.);
#4258=VECTOR('',#5339,1.);
#4259=VECTOR('',#5342,1.);
#4260=VECTOR('',#5343,1.);
#4261=VECTOR('',#5344,1.);
#4262=VECTOR('',#5345,1.);
#4263=VECTOR('',#5346,1.);
#4264=VECTOR('',#5347,1.);
#4265=VECTOR('',#5348,1.);
#4266=VECTOR('',#5351,1.);
#4267=VECTOR('',#5354,1.);
#4268=VECTOR('',#5357,1.);
#4269=VECTOR('',#5360,1.);
#4270=VECTOR('',#5363,1.);
#4271=VECTOR('',#5366,1.);
#4272=VECTOR('',#5373,1.);
#4273=VECTOR('',#5376,1.);
#4274=VECTOR('',#5377,1.);
#4275=VECTOR('',#5378,1.);
#4276=VECTOR('',#5379,1.);
#4277=VECTOR('',#5382,1.);
#4278=VECTOR('',#5383,1.);
#4279=VECTOR('',#5384,1.);
#4280=VECTOR('',#5387,1.);
#4281=VECTOR('',#5388,1.);
#4282=VECTOR('',#5389,1.);
#4283=VECTOR('',#5390,1.);
#4284=VECTOR('',#5397,1.);
#4285=VECTOR('',#5400,1.);
#4286=VECTOR('',#5401,1.);
#4287=VECTOR('',#5402,1.);
#4288=VECTOR('',#5403,1.);
#4289=VECTOR('',#5406,1.);
#4290=VECTOR('',#5407,1.);
#4291=VECTOR('',#5408,1.);
#4292=VECTOR('',#5409,1.);
#4293=VECTOR('',#5418,1.);
#4294=VECTOR('',#5421,1.);
#4295=VECTOR('',#5422,1.);
#4296=VECTOR('',#5423,1.);
#4297=VECTOR('',#5426,1.);
#4298=VECTOR('',#5437,1.);
#4299=VECTOR('',#5438,1.);
#4300=VECTOR('',#5439,1.);
#4301=VECTOR('',#5440,1.);
#4302=VECTOR('',#5443,1.);
#4303=VECTOR('',#5444,1.);
#4304=VECTOR('',#5445,1.);
#4305=VECTOR('',#5448,1.);
#4306=VECTOR('',#5449,1.);
#4307=VECTOR('',#5450,1.);
#4308=VECTOR('',#5453,1.);
#4309=VECTOR('',#5454,1.);
#4310=VECTOR('',#5457,1.);
#4311=VECTOR('',#5458,1.);
#4312=VECTOR('',#5465,1.);
#4313=VECTOR('',#5466,1.);
#4314=VECTOR('',#5467,1.);
#4315=VECTOR('',#5468,1.);
#4316=VECTOR('',#5471,1.);
#4317=VECTOR('',#5472,1.);
#4318=VECTOR('',#5473,1.);
#4319=VECTOR('',#5476,1.);
#4320=VECTOR('',#5477,1.);
#4321=VECTOR('',#5478,1.);
#4322=VECTOR('',#5481,1.);
#4323=VECTOR('',#5482,1.);
#4324=VECTOR('',#5485,1.);
#4325=VECTOR('',#5486,1.);
#4326=VECTOR('',#5493,1.);
#4327=VECTOR('',#5494,1.);
#4328=VECTOR('',#5495,1.);
#4329=VECTOR('',#5496,1.);
#4330=VECTOR('',#5499,1.);
#4331=VECTOR('',#5500,1.);
#4332=VECTOR('',#5501,1.);
#4333=VECTOR('',#5504,1.);
#4334=VECTOR('',#5505,1.);
#4335=VECTOR('',#5506,1.);
#4336=VECTOR('',#5509,1.);
#4337=VECTOR('',#5510,1.);
#4338=VECTOR('',#5513,1.);
#4339=VECTOR('',#5514,1.);
#4340=VECTOR('',#5521,1.);
#4341=VECTOR('',#5522,1.);
#4342=VECTOR('',#5523,1.);
#4343=VECTOR('',#5524,1.);
#4344=VECTOR('',#5527,1.);
#4345=VECTOR('',#5528,1.);
#4346=VECTOR('',#5529,1.);
#4347=VECTOR('',#5532,1.);
#4348=VECTOR('',#5533,1.);
#4349=VECTOR('',#5534,1.);
#4350=VECTOR('',#5537,1.);
#4351=VECTOR('',#5538,1.);
#4352=VECTOR('',#5541,1.);
#4353=VECTOR('',#5542,1.);
#4354=VECTOR('',#5549,1.);
#4355=VECTOR('',#5550,1.);
#4356=VECTOR('',#5551,1.);
#4357=VECTOR('',#5552,1.);
#4358=VECTOR('',#5555,1.);
#4359=VECTOR('',#5556,1.);
#4360=VECTOR('',#5557,1.);
#4361=VECTOR('',#5560,1.);
#4362=VECTOR('',#5561,1.);
#4363=VECTOR('',#5562,1.);
#4364=VECTOR('',#5565,1.);
#4365=VECTOR('',#5566,1.);
#4366=VECTOR('',#5569,1.);
#4367=VECTOR('',#5570,1.);
#4368=VECTOR('',#5577,1.);
#4369=VECTOR('',#5578,1.);
#4370=VECTOR('',#5579,1.);
#4371=VECTOR('',#5580,1.);
#4372=VECTOR('',#5583,1.);
#4373=VECTOR('',#5584,1.);
#4374=VECTOR('',#5585,1.);
#4375=VECTOR('',#5588,1.);
#4376=VECTOR('',#5589,1.);
#4377=VECTOR('',#5590,1.);
#4378=VECTOR('',#5593,1.);
#4379=VECTOR('',#5594,1.);
#4380=VECTOR('',#5597,1.);
#4381=VECTOR('',#5598,1.);
#4382=VECTOR('',#5605,1.);
#4383=VECTOR('',#5606,1.);
#4384=VECTOR('',#5607,1.);
#4385=VECTOR('',#5610,1.);
#4386=VECTOR('',#5611,1.);
#4387=VECTOR('',#5612,1.);
#4388=VECTOR('',#5615,1.);
#4389=VECTOR('',#5616,1.);
#4390=VECTOR('',#5617,1.);
#4391=VECTOR('',#5618,1.);
#4392=VECTOR('',#5619,1.);
#4393=VECTOR('',#5620,1.);
#4394=VECTOR('',#5621,1.);
#4395=VECTOR('',#5624,1.);
#4396=VECTOR('',#5625,1.);
#4397=VECTOR('',#5626,1.);
#4398=VECTOR('',#5627,1.);
#4399=VECTOR('',#5628,1.);
#4400=VECTOR('',#5629,1.);
#4401=VECTOR('',#5630,1.);
#4402=VECTOR('',#5633,1.);
#4403=VECTOR('',#5636,1.);
#4404=VECTOR('',#5639,1.);
#4405=VECTOR('',#5642,1.);
#4406=VECTOR('',#5645,1.);
#4407=VECTOR('',#5648,1.);
#4408=VECTOR('',#5653,1.);
#4409=VECTOR('',#5654,1.);
#4410=VECTOR('',#5655,1.);
#4411=VECTOR('',#5658,1.);
#4412=VECTOR('',#5659,1.);
#4413=VECTOR('',#5660,1.);
#4414=VECTOR('',#5663,1.);
#4415=VECTOR('',#5664,1.);
#4416=VECTOR('',#5665,1.);
#4417=VECTOR('',#5666,1.);
#4418=VECTOR('',#5667,1.);
#4419=VECTOR('',#5668,1.);
#4420=VECTOR('',#5669,1.);
#4421=VECTOR('',#5672,1.);
#4422=VECTOR('',#5673,1.);
#4423=VECTOR('',#5674,1.);
#4424=VECTOR('',#5675,1.);
#4425=VECTOR('',#5676,1.);
#4426=VECTOR('',#5677,1.);
#4427=VECTOR('',#5678,1.);
#4428=VECTOR('',#5681,1.);
#4429=VECTOR('',#5684,1.);
#4430=VECTOR('',#5687,1.);
#4431=VECTOR('',#5690,1.);
#4432=VECTOR('',#5693,1.);
#4433=VECTOR('',#5696,1.);
#4434=VECTOR('',#5701,1.);
#4435=VECTOR('',#5702,1.);
#4436=VECTOR('',#5703,1.);
#4437=VECTOR('',#5706,1.);
#4438=VECTOR('',#5707,1.);
#4439=VECTOR('',#5708,1.);
#4440=VECTOR('',#5711,1.);
#4441=VECTOR('',#5712,1.);
#4442=VECTOR('',#5713,1.);
#4443=VECTOR('',#5714,1.);
#4444=VECTOR('',#5715,1.);
#4445=VECTOR('',#5716,1.);
#4446=VECTOR('',#5717,1.);
#4447=VECTOR('',#5720,1.);
#4448=VECTOR('',#5721,1.);
#4449=VECTOR('',#5722,1.);
#4450=VECTOR('',#5723,1.);
#4451=VECTOR('',#5724,1.);
#4452=VECTOR('',#5725,1.);
#4453=VECTOR('',#5726,1.);
#4454=VECTOR('',#5729,1.);
#4455=VECTOR('',#5732,1.);
#4456=VECTOR('',#5735,1.);
#4457=VECTOR('',#5738,1.);
#4458=VECTOR('',#5741,1.);
#4459=VECTOR('',#5744,1.);
#4460=VECTOR('',#5749,1.);
#4461=VECTOR('',#5750,1.);
#4462=VECTOR('',#5751,1.);
#4463=VECTOR('',#5754,1.);
#4464=VECTOR('',#5755,1.);
#4465=VECTOR('',#5756,1.);
#4466=VECTOR('',#5759,1.);
#4467=VECTOR('',#5760,1.);
#4468=VECTOR('',#5761,1.);
#4469=VECTOR('',#5762,1.);
#4470=VECTOR('',#5763,1.);
#4471=VECTOR('',#5764,1.);
#4472=VECTOR('',#5765,1.);
#4473=VECTOR('',#5768,1.);
#4474=VECTOR('',#5769,1.);
#4475=VECTOR('',#5770,1.);
#4476=VECTOR('',#5771,1.);
#4477=VECTOR('',#5772,1.);
#4478=VECTOR('',#5773,1.);
#4479=VECTOR('',#5774,1.);
#4480=VECTOR('',#5777,1.);
#4481=VECTOR('',#5780,1.);
#4482=VECTOR('',#5783,1.);
#4483=VECTOR('',#5786,1.);
#4484=VECTOR('',#5789,1.);
#4485=VECTOR('',#5792,1.);
#4486=VECTOR('',#5797,1.);
#4487=VECTOR('',#5798,1.);
#4488=VECTOR('',#5799,1.);
#4489=VECTOR('',#5802,1.);
#4490=VECTOR('',#5803,1.);
#4491=VECTOR('',#5804,1.);
#4492=VECTOR('',#5807,1.);
#4493=VECTOR('',#5808,1.);
#4494=VECTOR('',#5809,1.);
#4495=VECTOR('',#5810,1.);
#4496=VECTOR('',#5811,1.);
#4497=VECTOR('',#5812,1.);
#4498=VECTOR('',#5813,1.);
#4499=VECTOR('',#5816,1.);
#4500=VECTOR('',#5817,1.);
#4501=VECTOR('',#5818,1.);
#4502=VECTOR('',#5819,1.);
#4503=VECTOR('',#5820,1.);
#4504=VECTOR('',#5821,1.);
#4505=VECTOR('',#5822,1.);
#4506=VECTOR('',#5825,1.);
#4507=VECTOR('',#5828,1.);
#4508=VECTOR('',#5831,1.);
#4509=VECTOR('',#5834,1.);
#4510=VECTOR('',#5837,1.);
#4511=VECTOR('',#5840,1.);
#4512=VECTOR('',#5845,1.);
#4513=VECTOR('',#5846,1.);
#4514=VECTOR('',#5847,1.);
#4515=VECTOR('',#5850,1.);
#4516=VECTOR('',#5851,1.);
#4517=VECTOR('',#5852,1.);
#4518=VECTOR('',#5855,1.);
#4519=VECTOR('',#5856,1.);
#4520=VECTOR('',#5857,1.);
#4521=VECTOR('',#5858,1.);
#4522=VECTOR('',#5859,1.);
#4523=VECTOR('',#5860,1.);
#4524=VECTOR('',#5861,1.);
#4525=VECTOR('',#5864,1.);
#4526=VECTOR('',#5865,1.);
#4527=VECTOR('',#5866,1.);
#4528=VECTOR('',#5867,1.);
#4529=VECTOR('',#5868,1.);
#4530=VECTOR('',#5869,1.);
#4531=VECTOR('',#5870,1.);
#4532=VECTOR('',#5873,1.);
#4533=VECTOR('',#5876,1.);
#4534=VECTOR('',#5879,1.);
#4535=VECTOR('',#5882,1.);
#4536=VECTOR('',#5885,1.);
#4537=VECTOR('',#5888,1.);
#4538=AXIS2_PLACEMENT_3D('',#5893,#4785,#4786);
#4539=AXIS2_PLACEMENT_3D('',#5918,#4799,#4800);
#4540=AXIS2_PLACEMENT_3D('',#5924,#4804,#4805);
#4541=AXIS2_PLACEMENT_3D('',#5933,#4810,#4811);
#4542=AXIS2_PLACEMENT_3D('',#5939,#4815,#4816);
#4543=AXIS2_PLACEMENT_3D('',#6003,#4850,#4851);
#4544=AXIS2_PLACEMENT_3D('',#6038,#4870,#4871);
#4545=AXIS2_PLACEMENT_3D('',#6044,#4875,#4876);
#4546=AXIS2_PLACEMENT_3D('',#6062,#4886,#4887);
#4547=AXIS2_PLACEMENT_3D('',#6076,#4896,#4897);
#4548=AXIS2_PLACEMENT_3D('',#6090,#4905,#4906);
#4549=AXIS2_PLACEMENT_3D('',#6158,#4942,#4943);
#4550=AXIS2_PLACEMENT_3D('',#6170,#4950,#4951);
#4551=AXIS2_PLACEMENT_3D('',#6174,#4954,#4955);
#4552=AXIS2_PLACEMENT_3D('',#6178,#4958,#4959);
#4553=AXIS2_PLACEMENT_3D('',#6180,#4961,#4962);
#4554=AXIS2_PLACEMENT_3D('',#6181,#4963,#4964);
#4555=AXIS2_PLACEMENT_3D('',#6185,#4967,#4968);
#4556=AXIS2_PLACEMENT_3D('',#6189,#4971,#4972);
#4557=AXIS2_PLACEMENT_3D('',#6191,#4974,#4975);
#4558=AXIS2_PLACEMENT_3D('',#6192,#4976,#4977);
#4559=AXIS2_PLACEMENT_3D('',#6196,#4980,#4981);
#4560=AXIS2_PLACEMENT_3D('',#6200,#4984,#4985);
#4561=AXIS2_PLACEMENT_3D('',#6202,#4987,#4988);
#4562=AXIS2_PLACEMENT_3D('',#6203,#4989,#4990);
#4563=AXIS2_PLACEMENT_3D('',#6207,#4993,#4994);
#4564=AXIS2_PLACEMENT_3D('',#6211,#4997,#4998);
#4565=AXIS2_PLACEMENT_3D('',#6213,#5000,#5001);
#4566=AXIS2_PLACEMENT_3D('',#6214,#5002,#5003);
#4567=AXIS2_PLACEMENT_3D('',#6220,#5007,#5008);
#4568=AXIS2_PLACEMENT_3D('',#6226,#5012,#5013);
#4569=AXIS2_PLACEMENT_3D('',#6227,#5014,#5015);
#4570=AXIS2_PLACEMENT_3D('',#6231,#5017,#5018);
#4571=AXIS2_PLACEMENT_3D('',#6232,#5019,#5020);
#4572=AXIS2_PLACEMENT_3D('',#6235,#5023,#5024);
#4573=AXIS2_PLACEMENT_3D('',#6241,#5028,#5029);
#4574=AXIS2_PLACEMENT_3D('',#6242,#5030,#5031);
#4575=AXIS2_PLACEMENT_3D('',#6246,#5033,#5034);
#4576=AXIS2_PLACEMENT_3D('',#6247,#5035,#5036);
#4577=AXIS2_PLACEMENT_3D('',#6252,#5040,#5041);
#4578=AXIS2_PLACEMENT_3D('',#6256,#5044,#5045);
#4579=AXIS2_PLACEMENT_3D('',#6262,#5049,#5050);
#4580=AXIS2_PLACEMENT_3D('',#6263,#5051,#5052);
#4581=AXIS2_PLACEMENT_3D('',#6267,#5054,#5055);
#4582=AXIS2_PLACEMENT_3D('',#6268,#5056,#5057);
#4583=AXIS2_PLACEMENT_3D('',#6280,#5064,#5065);
#4584=AXIS2_PLACEMENT_3D('',#6294,#5073,#5074);
#4585=AXIS2_PLACEMENT_3D('',#6306,#5081,#5082);
#4586=AXIS2_PLACEMENT_3D('',#6307,#5083,#5084);
#4587=AXIS2_PLACEMENT_3D('',#6311,#5086,#5087);
#4588=AXIS2_PLACEMENT_3D('',#6312,#5088,#5089);
#4589=AXIS2_PLACEMENT_3D('',#6315,#5092,#5093);
#4590=AXIS2_PLACEMENT_3D('',#6372,#5122,#5123);
#4591=AXIS2_PLACEMENT_3D('',#6375,#5126,#5127);
#4592=AXIS2_PLACEMENT_3D('',#6380,#5131,#5132);
#4593=AXIS2_PLACEMENT_3D('',#6385,#5136,#5137);
#4594=AXIS2_PLACEMENT_3D('',#6389,#5140,#5141);
#4595=AXIS2_PLACEMENT_3D('',#6394,#5145,#5146);
#4596=AXIS2_PLACEMENT_3D('',#6396,#5148,#5149);
#4597=AXIS2_PLACEMENT_3D('',#6398,#5151,#5152);
#4598=AXIS2_PLACEMENT_3D('',#6404,#5156,#5157);
#4599=AXIS2_PLACEMENT_3D('',#6410,#5161,#5162);
#4600=AXIS2_PLACEMENT_3D('',#6416,#5166,#5167);
#4601=AXIS2_PLACEMENT_3D('',#6422,#5171,#5172);
#4602=AXIS2_PLACEMENT_3D('',#6428,#5176,#5177);
#4603=AXIS2_PLACEMENT_3D('',#6439,#5184,#5185);
#4604=AXIS2_PLACEMENT_3D('',#6440,#5186,#5187);
#4605=AXIS2_PLACEMENT_3D('',#6448,#5191,#5192);
#4606=AXIS2_PLACEMENT_3D('',#6449,#5193,#5194);
#4607=AXIS2_PLACEMENT_3D('',#6450,#5195,#5196);
#4608=AXIS2_PLACEMENT_3D('',#6459,#5201,#5202);
#4609=AXIS2_PLACEMENT_3D('',#6465,#5206,#5207);
#4610=AXIS2_PLACEMENT_3D('',#6471,#5211,#5212);
#4611=AXIS2_PLACEMENT_3D('',#6474,#5215,#5216);
#4612=AXIS2_PLACEMENT_3D('',#6488,#5224,#5225);
#4613=AXIS2_PLACEMENT_3D('',#6491,#5228,#5229);
#4614=AXIS2_PLACEMENT_3D('',#6492,#5230,#5231);
#4615=AXIS2_PLACEMENT_3D('',#6500,#5235,#5236);
#4616=AXIS2_PLACEMENT_3D('',#6501,#5237,#5238);
#4617=AXIS2_PLACEMENT_3D('',#6502,#5239,#5240);
#4618=AXIS2_PLACEMENT_3D('',#6503,#5241,#5242);
#4619=AXIS2_PLACEMENT_3D('',#6504,#5243,#5244);
#4620=AXIS2_PLACEMENT_3D('',#6505,#5245,#5246);
#4621=AXIS2_PLACEMENT_3D('',#6506,#5247,#5248);
#4622=AXIS2_PLACEMENT_3D('',#6507,#5249,#5250);
#4623=AXIS2_PLACEMENT_3D('',#6508,#5251,#5252);
#4624=AXIS2_PLACEMENT_3D('',#6509,#5253,#5254);
#4625=AXIS2_PLACEMENT_3D('',#6512,#5257,#5258);
#4626=AXIS2_PLACEMENT_3D('',#6514,#5260,#5261);
#4627=AXIS2_PLACEMENT_3D('',#6515,#5262,#5263);
#4628=AXIS2_PLACEMENT_3D('',#6517,#5265,#5266);
#4629=AXIS2_PLACEMENT_3D('',#6519,#5268,#5269);
#4630=AXIS2_PLACEMENT_3D('',#6521,#5271,#5272);
#4631=AXIS2_PLACEMENT_3D('',#6522,#5273,#5274);
#4632=AXIS2_PLACEMENT_3D('',#6525,#5277,#5278);
#4633=AXIS2_PLACEMENT_3D('',#6526,#5279,#5280);
#4634=AXIS2_PLACEMENT_3D('',#6528,#5282,#5283);
#4635=AXIS2_PLACEMENT_3D('',#6530,#5285,#5286);
#4636=AXIS2_PLACEMENT_3D('',#6532,#5288,#5289);
#4637=AXIS2_PLACEMENT_3D('',#6534,#5291,#5292);
#4638=AXIS2_PLACEMENT_3D('',#6535,#5293,#5294);
#4639=AXIS2_PLACEMENT_3D('',#6544,#5299,#5300);
#4640=AXIS2_PLACEMENT_3D('',#6550,#5304,#5305);
#4641=AXIS2_PLACEMENT_3D('',#6556,#5309,#5310);
#4642=AXIS2_PLACEMENT_3D('',#6559,#5313,#5314);
#4643=AXIS2_PLACEMENT_3D('',#6562,#5317,#5318);
#4644=AXIS2_PLACEMENT_3D('',#6563,#5319,#5320);
#4645=AXIS2_PLACEMENT_3D('',#6564,#5321,#5322);
#4646=AXIS2_PLACEMENT_3D('',#6570,#5326,#5327);
#4647=AXIS2_PLACEMENT_3D('',#6576,#5331,#5332);
#4648=AXIS2_PLACEMENT_3D('',#6590,#5340,#5341);
#4649=AXIS2_PLACEMENT_3D('',#6604,#5349,#5350);
#4650=AXIS2_PLACEMENT_3D('',#6606,#5352,#5353);
#4651=AXIS2_PLACEMENT_3D('',#6608,#5355,#5356);
#4652=AXIS2_PLACEMENT_3D('',#6610,#5358,#5359);
#4653=AXIS2_PLACEMENT_3D('',#6612,#5361,#5362);
#4654=AXIS2_PLACEMENT_3D('',#6614,#5364,#5365);
#4655=AXIS2_PLACEMENT_3D('',#6616,#5367,#5368);
#4656=AXIS2_PLACEMENT_3D('',#6617,#5369,#5370);
#4657=AXIS2_PLACEMENT_3D('',#6618,#5371,#5372);
#4658=AXIS2_PLACEMENT_3D('',#6621,#5374,#5375);
#4659=AXIS2_PLACEMENT_3D('',#6629,#5380,#5381);
#4660=AXIS2_PLACEMENT_3D('',#6635,#5385,#5386);
#4661=AXIS2_PLACEMENT_3D('',#6642,#5391,#5392);
#4662=AXIS2_PLACEMENT_3D('',#6643,#5393,#5394);
#4663=AXIS2_PLACEMENT_3D('',#6644,#5395,#5396);
#4664=AXIS2_PLACEMENT_3D('',#6646,#5398,#5399);
#4665=AXIS2_PLACEMENT_3D('',#6655,#5404,#5405);
#4666=AXIS2_PLACEMENT_3D('',#6662,#5410,#5411);
#4667=AXIS2_PLACEMENT_3D('',#6663,#5412,#5413);
#4668=AXIS2_PLACEMENT_3D('',#6664,#5414,#5415);
#4669=AXIS2_PLACEMENT_3D('',#6665,#5416,#5417);
#4670=AXIS2_PLACEMENT_3D('',#6668,#5419,#5420);
#4671=AXIS2_PLACEMENT_3D('',#6673,#5424,#5425);
#4672=AXIS2_PLACEMENT_3D('',#6675,#5427,#5428);
#4673=AXIS2_PLACEMENT_3D('',#6676,#5429,#5430);
#4674=AXIS2_PLACEMENT_3D('',#6677,#5431,#5432);
#4675=AXIS2_PLACEMENT_3D('',#6678,#5433,#5434);
#4676=AXIS2_PLACEMENT_3D('',#6679,#5435,#5436);
#4677=AXIS2_PLACEMENT_3D('',#6688,#5441,#5442);
#4678=AXIS2_PLACEMENT_3D('',#6694,#5446,#5447);
#4679=AXIS2_PLACEMENT_3D('',#6700,#5451,#5452);
#4680=AXIS2_PLACEMENT_3D('',#6703,#5455,#5456);
#4681=AXIS2_PLACEMENT_3D('',#6706,#5459,#5460);
#4682=AXIS2_PLACEMENT_3D('',#6707,#5461,#5462);
#4683=AXIS2_PLACEMENT_3D('',#6708,#5463,#5464);
#4684=AXIS2_PLACEMENT_3D('',#6717,#5469,#5470);
#4685=AXIS2_PLACEMENT_3D('',#6723,#5474,#5475);
#4686=AXIS2_PLACEMENT_3D('',#6729,#5479,#5480);
#4687=AXIS2_PLACEMENT_3D('',#6732,#5483,#5484);
#4688=AXIS2_PLACEMENT_3D('',#6735,#5487,#5488);
#4689=AXIS2_PLACEMENT_3D('',#6736,#5489,#5490);
#4690=AXIS2_PLACEMENT_3D('',#6737,#5491,#5492);
#4691=AXIS2_PLACEMENT_3D('',#6746,#5497,#5498);
#4692=AXIS2_PLACEMENT_3D('',#6752,#5502,#5503);
#4693=AXIS2_PLACEMENT_3D('',#6758,#5507,#5508);
#4694=AXIS2_PLACEMENT_3D('',#6761,#5511,#5512);
#4695=AXIS2_PLACEMENT_3D('',#6764,#5515,#5516);
#4696=AXIS2_PLACEMENT_3D('',#6765,#5517,#5518);
#4697=AXIS2_PLACEMENT_3D('',#6766,#5519,#5520);
#4698=AXIS2_PLACEMENT_3D('',#6775,#5525,#5526);
#4699=AXIS2_PLACEMENT_3D('',#6781,#5530,#5531);
#4700=AXIS2_PLACEMENT_3D('',#6787,#5535,#5536);
#4701=AXIS2_PLACEMENT_3D('',#6790,#5539,#5540);
#4702=AXIS2_PLACEMENT_3D('',#6793,#5543,#5544);
#4703=AXIS2_PLACEMENT_3D('',#6794,#5545,#5546);
#4704=AXIS2_PLACEMENT_3D('',#6795,#5547,#5548);
#4705=AXIS2_PLACEMENT_3D('',#6804,#5553,#5554);
#4706=AXIS2_PLACEMENT_3D('',#6810,#5558,#5559);
#4707=AXIS2_PLACEMENT_3D('',#6816,#5563,#5564);
#4708=AXIS2_PLACEMENT_3D('',#6819,#5567,#5568);
#4709=AXIS2_PLACEMENT_3D('',#6822,#5571,#5572);
#4710=AXIS2_PLACEMENT_3D('',#6823,#5573,#5574);
#4711=AXIS2_PLACEMENT_3D('',#6824,#5575,#5576);
#4712=AXIS2_PLACEMENT_3D('',#6833,#5581,#5582);
#4713=AXIS2_PLACEMENT_3D('',#6839,#5586,#5587);
#4714=AXIS2_PLACEMENT_3D('',#6845,#5591,#5592);
#4715=AXIS2_PLACEMENT_3D('',#6848,#5595,#5596);
#4716=AXIS2_PLACEMENT_3D('',#6851,#5599,#5600);
#4717=AXIS2_PLACEMENT_3D('',#6852,#5601,#5602);
#4718=AXIS2_PLACEMENT_3D('',#6853,#5603,#5604);
#4719=AXIS2_PLACEMENT_3D('',#6859,#5608,#5609);
#4720=AXIS2_PLACEMENT_3D('',#6865,#5613,#5614);
#4721=AXIS2_PLACEMENT_3D('',#6879,#5622,#5623);
#4722=AXIS2_PLACEMENT_3D('',#6893,#5631,#5632);
#4723=AXIS2_PLACEMENT_3D('',#6895,#5634,#5635);
#4724=AXIS2_PLACEMENT_3D('',#6897,#5637,#5638);
#4725=AXIS2_PLACEMENT_3D('',#6899,#5640,#5641);
#4726=AXIS2_PLACEMENT_3D('',#6901,#5643,#5644);
#4727=AXIS2_PLACEMENT_3D('',#6903,#5646,#5647);
#4728=AXIS2_PLACEMENT_3D('',#6905,#5649,#5650);
#4729=AXIS2_PLACEMENT_3D('',#6906,#5651,#5652);
#4730=AXIS2_PLACEMENT_3D('',#6912,#5656,#5657);
#4731=AXIS2_PLACEMENT_3D('',#6918,#5661,#5662);
#4732=AXIS2_PLACEMENT_3D('',#6932,#5670,#5671);
#4733=AXIS2_PLACEMENT_3D('',#6946,#5679,#5680);
#4734=AXIS2_PLACEMENT_3D('',#6948,#5682,#5683);
#4735=AXIS2_PLACEMENT_3D('',#6950,#5685,#5686);
#4736=AXIS2_PLACEMENT_3D('',#6952,#5688,#5689);
#4737=AXIS2_PLACEMENT_3D('',#6954,#5691,#5692);
#4738=AXIS2_PLACEMENT_3D('',#6956,#5694,#5695);
#4739=AXIS2_PLACEMENT_3D('',#6958,#5697,#5698);
#4740=AXIS2_PLACEMENT_3D('',#6959,#5699,#5700);
#4741=AXIS2_PLACEMENT_3D('',#6965,#5704,#5705);
#4742=AXIS2_PLACEMENT_3D('',#6971,#5709,#5710);
#4743=AXIS2_PLACEMENT_3D('',#6985,#5718,#5719);
#4744=AXIS2_PLACEMENT_3D('',#6999,#5727,#5728);
#4745=AXIS2_PLACEMENT_3D('',#7001,#5730,#5731);
#4746=AXIS2_PLACEMENT_3D('',#7003,#5733,#5734);
#4747=AXIS2_PLACEMENT_3D('',#7005,#5736,#5737);
#4748=AXIS2_PLACEMENT_3D('',#7007,#5739,#5740);
#4749=AXIS2_PLACEMENT_3D('',#7009,#5742,#5743);
#4750=AXIS2_PLACEMENT_3D('',#7011,#5745,#5746);
#4751=AXIS2_PLACEMENT_3D('',#7012,#5747,#5748);
#4752=AXIS2_PLACEMENT_3D('',#7018,#5752,#5753);
#4753=AXIS2_PLACEMENT_3D('',#7024,#5757,#5758);
#4754=AXIS2_PLACEMENT_3D('',#7038,#5766,#5767);
#4755=AXIS2_PLACEMENT_3D('',#7052,#5775,#5776);
#4756=AXIS2_PLACEMENT_3D('',#7054,#5778,#5779);
#4757=AXIS2_PLACEMENT_3D('',#7056,#5781,#5782);
#4758=AXIS2_PLACEMENT_3D('',#7058,#5784,#5785);
#4759=AXIS2_PLACEMENT_3D('',#7060,#5787,#5788);
#4760=AXIS2_PLACEMENT_3D('',#7062,#5790,#5791);
#4761=AXIS2_PLACEMENT_3D('',#7064,#5793,#5794);
#4762=AXIS2_PLACEMENT_3D('',#7065,#5795,#5796);
#4763=AXIS2_PLACEMENT_3D('',#7071,#5800,#5801);
#4764=AXIS2_PLACEMENT_3D('',#7077,#5805,#5806);
#4765=AXIS2_PLACEMENT_3D('',#7091,#5814,#5815);
#4766=AXIS2_PLACEMENT_3D('',#7105,#5823,#5824);
#4767=AXIS2_PLACEMENT_3D('',#7107,#5826,#5827);
#4768=AXIS2_PLACEMENT_3D('',#7109,#5829,#5830);
#4769=AXIS2_PLACEMENT_3D('',#7111,#5832,#5833);
#4770=AXIS2_PLACEMENT_3D('',#7113,#5835,#5836);
#4771=AXIS2_PLACEMENT_3D('',#7115,#5838,#5839);
#4772=AXIS2_PLACEMENT_3D('',#7117,#5841,#5842);
#4773=AXIS2_PLACEMENT_3D('',#7118,#5843,#5844);
#4774=AXIS2_PLACEMENT_3D('',#7124,#5848,#5849);
#4775=AXIS2_PLACEMENT_3D('',#7130,#5853,#5854);
#4776=AXIS2_PLACEMENT_3D('',#7144,#5862,#5863);
#4777=AXIS2_PLACEMENT_3D('',#7158,#5871,#5872);
#4778=AXIS2_PLACEMENT_3D('',#7160,#5874,#5875);
#4779=AXIS2_PLACEMENT_3D('',#7162,#5877,#5878);
#4780=AXIS2_PLACEMENT_3D('',#7164,#5880,#5881);
#4781=AXIS2_PLACEMENT_3D('',#7166,#5883,#5884);
#4782=AXIS2_PLACEMENT_3D('',#7168,#5886,#5887);
#4783=AXIS2_PLACEMENT_3D('',#7170,#5889,#5890);
#4784=AXIS2_PLACEMENT_3D('',#7171,#5891,#5892);
#4785=DIRECTION('',(0.,0.,1.));
#4786=DIRECTION('',(1.,0.,0.));
#4787=DIRECTION('',(0.,0.,1.));
#4788=DIRECTION('',(-1.,0.,0.));
#4789=DIRECTION('',(0.,0.,1.));
#4790=DIRECTION('',(-1.,0.,0.));
#4791=DIRECTION('',(0.,0.,1.));
#4792=DIRECTION('',(-1.,0.,0.));
#4793=DIRECTION('',(0.,1.35525271560688E-16,-1.));
#4794=DIRECTION('',(1.,8.26058798084194E-17,0.));
#4795=DIRECTION('',(0.,1.35525271560688E-16,-1.));
#4796=DIRECTION('',(0.,-2.55106393526002E-16,1.));
#4797=DIRECTION('',(0.,1.35525271560688E-16,-1.));
#4798=DIRECTION('',(-1.,1.73796207782865E-32,-1.2823896663807E-16));
#4799=DIRECTION('',(0.,1.,1.35525271560688E-16));
#4800=DIRECTION('',(0.,-1.35525271560688E-16,1.));
#4801=DIRECTION('',(1.,-1.73796207782865E-32,1.2823896663807E-16));
#4802=DIRECTION('',(0.,-0.707106781186548,-0.707106781186547));
#4803=DIRECTION('',(-0.727606875108998,0.485071250072667,0.485071250072666));
#4804=DIRECTION('',(9.06786429221351E-17,0.707106781186547,-0.707106781186548));
#4805=DIRECTION('',(1.,0.,1.28261117005035E-16));
#4806=DIRECTION('',(-1.,1.73796207782865E-32,-1.2823896663807E-16));
#4807=DIRECTION('',(4.22977494257483E-16,0.707106781186548,0.707106781186547));
#4808=DIRECTION('',(1.,-1.73796207782865E-32,1.2823896663807E-16));
#4809=DIRECTION('',(-4.22977494257483E-16,0.707106781186548,0.707106781186547));
#4810=DIRECTION('',(9.06786429221351E-17,0.707106781186547,-0.707106781186548));
#4811=DIRECTION('',(1.,0.,1.28261117005035E-16));
#4812=DIRECTION('',(-1.,0.,0.));
#4813=DIRECTION('',(0.,0.,1.));
#4814=DIRECTION('',(0.,0.,1.));
#4815=DIRECTION('',(0.,1.,1.35525271560688E-16));
#4816=DIRECTION('',(0.,-1.35525271560688E-16,1.));
#4817=DIRECTION('',(1.,0.,0.));
#4818=DIRECTION('',(-5.98180508957519E-16,-1.,-3.41988342406856E-16));
#4819=DIRECTION('',(5.98180508957519E-16,-1.,-3.41988342406856E-16));
#4820=DIRECTION('',(-1.,0.,0.));
#4821=DIRECTION('',(7.54227598250786E-16,-1.,-3.41988342406856E-16));
#4822=DIRECTION('',(1.,3.94255335449274E-16,1.34830728655356E-31));
#4823=DIRECTION('',(0.,1.,3.41988342406856E-16));
#4824=DIRECTION('',(-1.,0.,0.));
#4825=DIRECTION('',(0.,1.,3.41988342406856E-16));
#4826=DIRECTION('',(-1.,0.,0.));
#4827=DIRECTION('',(-8.67361737988404E-16,-1.,-1.70994171203428E-15));
#4828=DIRECTION('',(1.,0.,0.));
#4829=DIRECTION('',(0.,1.,1.70994171203428E-15));
#4830=DIRECTION('',(-1.,0.,0.));
#4831=DIRECTION('',(0.,1.,3.41988342406856E-16));
#4832=DIRECTION('',(-1.,0.,0.));
#4833=DIRECTION('',(0.,1.,1.70994171203428E-15));
#4834=DIRECTION('',(-1.,0.,0.));
#4835=DIRECTION('',(8.67361737988404E-16,-1.,-1.70994171203428E-15));
#4836=DIRECTION('',(-1.,0.,0.));
#4837=DIRECTION('',(0.,1.,1.70994171203428E-15));
#4838=DIRECTION('',(-1.,0.,0.));
#4839=DIRECTION('',(0.,-1.,-1.70994171203428E-15));
#4840=DIRECTION('',(-1.,0.,0.));
#4841=DIRECTION('',(0.,1.,3.41988342406856E-16));
#4842=DIRECTION('',(-1.73472347597681E-15,-1.,-1.70994171203428E-15));
#4843=DIRECTION('',(1.,0.,0.));
#4844=DIRECTION('',(0.,1.,1.70994171203428E-15));
#4845=DIRECTION('',(0.,1.,3.41988342406856E-16));
#4846=DIRECTION('',(1.,0.,0.));
#4847=DIRECTION('',(0.,1.,3.41988342406856E-16));
#4848=DIRECTION('',(-1.,3.94255335449274E-16,1.34830728655356E-31));
#4849=DIRECTION('',(-7.54227598250786E-16,-1.,-3.41988342406856E-16));
#4850=DIRECTION('',(0.,-3.41988342406856E-16,1.));
#4851=DIRECTION('',(0.,-1.,-3.41988342406856E-16));
#4852=DIRECTION('',(-1.,0.,-6.7762635780344E-16));
#4853=DIRECTION('',(0.,-1.,0.));
#4854=DIRECTION('',(0.,1.,0.));
#4855=DIRECTION('',(-1.,0.,-1.2823896663807E-16));
#4856=DIRECTION('',(0.,1.,0.));
#4857=DIRECTION('',(1.,-1.73796207782865E-32,1.2823896663807E-16));
#4858=DIRECTION('',(0.,-1.,0.));
#4859=DIRECTION('',(1.,0.,6.7762635780344E-16));
#4860=DIRECTION('',(0.,-1.,0.));
#4861=DIRECTION('',(-1.,-3.94255335449274E-16,-5.91383003173911E-16));
#4862=DIRECTION('',(-7.54227598250785E-16,1.,0.));
#4863=DIRECTION('',(1.,0.,5.42101086242749E-16));
#4864=DIRECTION('',(-5.98180508957519E-16,1.,0.));
#4865=DIRECTION('',(5.98180508957519E-16,1.,0.));
#4866=DIRECTION('',(-1.,0.,-4.06575814682062E-16));
#4867=DIRECTION('',(7.54227598250785E-16,1.,0.));
#4868=DIRECTION('',(1.,-3.94255335449274E-16,5.42101086242751E-16));
#4869=DIRECTION('',(0.,-1.,0.));
#4870=DIRECTION('',(1.2823896663807E-16,0.,-1.));
#4871=DIRECTION('',(-1.,0.,-1.28261117005035E-16));
#4872=DIRECTION('',(0.,-0.707106781186548,-0.707106781186547));
#4873=DIRECTION('',(0.727606875108999,0.485071250072666,0.485071250072665));
#4874=DIRECTION('',(-1.,1.73796207782865E-32,-1.2823896663807E-16));
#4875=DIRECTION('',(9.06786429221351E-17,0.707106781186547,-0.707106781186548));
#4876=DIRECTION('',(1.,0.,1.28261117005035E-16));
#4877=DIRECTION('',(0.,-1.,0.));
#4878=DIRECTION('',(0.,0.,1.));
#4879=DIRECTION('',(0.,-1.,0.));
#4880=DIRECTION('',(0.,-5.42101086242752E-16,1.));
#4881=DIRECTION('',(0.,1.35525271560688E-16,-1.));
#4882=DIRECTION('',(0.,3.97540796578018E-15,-1.));
#4883=DIRECTION('',(0.,1.,0.));
#4884=DIRECTION('',(0.,3.97540796578018E-15,-1.));
#4885=DIRECTION('',(0.,1.,0.));
#4886=DIRECTION('',(1.,0.,0.));
#4887=DIRECTION('',(0.,0.,-1.));
#4888=DIRECTION('',(0.,0.,1.));
#4889=DIRECTION('',(0.,-1.35525271560688E-16,1.));
#4890=DIRECTION('',(0.,2.55106393526001E-16,-1.));
#4891=DIRECTION('',(0.,-1.35525271560688E-16,1.));
#4892=DIRECTION('',(1.,8.26058798084194E-17,0.));
#4893=DIRECTION('',(0.,0.,1.));
#4894=DIRECTION('',(-1.,0.,0.));
#4895=DIRECTION('',(0.,0.,1.));
#4896=DIRECTION('',(0.,1.,1.35525271560688E-16));
#4897=DIRECTION('',(0.,-1.35525271560688E-16,1.));
#4898=DIRECTION('',(-1.,0.,0.));
#4899=DIRECTION('',(0.,-1.,0.));
#4900=DIRECTION('',(-1.,0.,0.));
#4901=DIRECTION('',(-1.,0.,0.));
#4902=DIRECTION('',(0.,-1.,0.));
#4903=DIRECTION('',(-1.,-3.0256804813549E-16,0.));
#4904=DIRECTION('',(0.,1.,0.));
#4905=DIRECTION('',(0.,0.,-1.));
#4906=DIRECTION('',(-1.,0.,0.));
#4907=DIRECTION('',(-1.,0.,0.));
#4908=DIRECTION('',(0.,-5.42101086242752E-16,1.));
#4909=DIRECTION('',(1.,0.,0.));
#4910=DIRECTION('',(0.,-5.42101086242752E-16,1.));
#4911=DIRECTION('',(-1.,0.,0.));
#4912=DIRECTION('',(0.,-5.42101086242752E-16,1.));
#4913=DIRECTION('',(1.,0.,0.));
#4914=DIRECTION('',(0.,-5.42101086242752E-16,1.));
#4915=DIRECTION('',(-1.,0.,0.));
#4916=DIRECTION('',(0.,-5.42101086242752E-16,1.));
#4917=DIRECTION('',(1.,0.,0.));
#4918=DIRECTION('',(0.,-5.42101086242752E-16,1.));
#4919=DIRECTION('',(-1.,0.,0.));
#4920=DIRECTION('',(0.,-5.42101086242752E-16,1.));
#4921=DIRECTION('',(1.,0.,0.));
#4922=DIRECTION('',(0.,-5.42101086242752E-16,1.));
#4923=DIRECTION('',(-1.,0.,0.));
#4924=DIRECTION('',(0.,-5.42101086242752E-16,1.));
#4925=DIRECTION('',(1.,0.,0.));
#4926=DIRECTION('',(0.,-5.42101086242752E-16,1.));
#4927=DIRECTION('',(-1.,0.,0.));
#4928=DIRECTION('',(0.,-5.42101086242752E-16,1.));
#4929=DIRECTION('',(1.,0.,0.));
#4930=DIRECTION('',(0.,-5.42101086242752E-16,1.));
#4931=DIRECTION('',(-1.,0.,0.));
#4932=DIRECTION('',(0.,-5.42101086242752E-16,1.));
#4933=DIRECTION('',(1.,0.,0.));
#4934=DIRECTION('',(0.,-5.42101086242752E-16,1.));
#4935=DIRECTION('',(0.,-5.42101086242752E-16,1.));
#4936=DIRECTION('',(0.,0.,1.));
#4937=DIRECTION('',(1.,0.,0.));
#4938=DIRECTION('',(0.,0.,1.));
#4939=DIRECTION('',(0.,0.,1.));
#4940=DIRECTION('',(1.,0.,0.));
#4941=DIRECTION('',(0.,0.,1.));
#4942=DIRECTION('',(0.,-1.,-5.42101086242752E-16));
#4943=DIRECTION('',(0.,5.42101086242752E-16,-1.));
#4944=DIRECTION('',(0.,-3.97540796578018E-15,1.));
#4945=DIRECTION('',(0.,1.,0.));
#4946=DIRECTION('',(0.,-3.97540796578018E-15,1.));
#4947=DIRECTION('',(0.,1.,0.));
#4948=DIRECTION('',(0.,1.,0.));
#4949=DIRECTION('',(0.,0.,1.));
#4950=DIRECTION('',(1.,0.,0.));
#4951=DIRECTION('',(0.,0.,-1.));
#4952=DIRECTION('',(0.,0.,1.));
#4953=DIRECTION('',(0.,1.,1.70994171203428E-15));
#4954=DIRECTION('',(1.,0.,0.));
#4955=DIRECTION('',(0.,0.,-1.));
#4956=DIRECTION('',(0.,0.,1.));
#4957=DIRECTION('',(1.,0.,0.));
#4958=DIRECTION('',(0.,-1.,0.));
#4959=DIRECTION('',(0.,0.,-1.));
#4960=DIRECTION('',(-8.67361737988404E-16,-1.,-1.70994171203428E-15));
#4961=DIRECTION('',(-1.,8.67361737988404E-16,0.));
#4962=DIRECTION('',(-8.67361737988404E-16,-1.,0.));
#4963=DIRECTION('',(0.,1.70994171203428E-15,-1.));
#4964=DIRECTION('',(0.,1.,1.70994945633551E-15));
#4965=DIRECTION('',(0.,1.,1.70994171203428E-15));
#4966=DIRECTION('',(0.,0.,1.));
#4967=DIRECTION('',(1.,0.,0.));
#4968=DIRECTION('',(0.,0.,-1.));
#4969=DIRECTION('',(0.,0.,1.));
#4970=DIRECTION('',(8.67361737988404E-16,-1.,-1.70994171203428E-15));
#4971=DIRECTION('',(-1.,-8.67361737988404E-16,0.));
#4972=DIRECTION('',(8.67361737988404E-16,-1.,0.));
#4973=DIRECTION('',(-1.,0.,0.));
#4974=DIRECTION('',(0.,1.,0.));
#4975=DIRECTION('',(0.,0.,1.));
#4976=DIRECTION('',(0.,1.70994171203428E-15,-1.));
#4977=DIRECTION('',(0.,1.,1.70994945633551E-15));
#4978=DIRECTION('',(0.,0.,1.));
#4979=DIRECTION('',(0.,1.,1.70994171203428E-15));
#4980=DIRECTION('',(1.,0.,0.));
#4981=DIRECTION('',(0.,0.,-1.));
#4982=DIRECTION('',(0.,0.,1.));
#4983=DIRECTION('',(1.,0.,0.));
#4984=DIRECTION('',(0.,-1.,0.));
#4985=DIRECTION('',(0.,0.,-1.));
#4986=DIRECTION('',(-1.73472347597681E-15,-1.,-1.70994171203428E-15));
#4987=DIRECTION('',(-1.,1.73472347597681E-15,0.));
#4988=DIRECTION('',(-1.73472347597681E-15,-1.,0.));
#4989=DIRECTION('',(0.,1.70994171203428E-15,-1.));
#4990=DIRECTION('',(0.,1.,1.70994945633551E-15));
#4991=DIRECTION('',(0.,1.,1.70994171203428E-15));
#4992=DIRECTION('',(0.,0.,1.));
#4993=DIRECTION('',(1.,0.,0.));
#4994=DIRECTION('',(0.,0.,-1.));
#4995=DIRECTION('',(0.,0.,1.));
#4996=DIRECTION('',(0.,-1.,-1.70994171203428E-15));
#4997=DIRECTION('',(-1.,0.,0.));
#4998=DIRECTION('',(0.,0.,1.));
#4999=DIRECTION('',(-1.,0.,0.));
#5000=DIRECTION('',(0.,1.,0.));
#5001=DIRECTION('',(0.,0.,1.));
#5002=DIRECTION('',(0.,1.70994171203428E-15,-1.));
#5003=DIRECTION('',(0.,1.,1.70994945633551E-15));
#5004=DIRECTION('',(0.,1.,0.));
#5005=DIRECTION('',(0.,-2.55106393526001E-16,1.));
#5006=DIRECTION('',(0.,1.,0.));
#5007=DIRECTION('',(-1.,0.,0.));
#5008=DIRECTION('',(0.,0.,1.));
#5009=DIRECTION('',(0.812163107762294,0.541442071841529,0.217328252258752));
#5010=DIRECTION('',(0.,1.,0.));
#5011=DIRECTION('',(-0.966012064815058,0.,-0.25849698379623));
#5012=DIRECTION('',(0.25849698379623,0.,-0.966012064815058));
#5013=DIRECTION('',(-0.966012064815058,0.,-0.25849698379623));
#5014=DIRECTION('',(-0.554700196225229,0.832050294337844,1.12763842092287E-16));
#5015=DIRECTION('',(-0.832050294337844,-0.554700196225229,1.6914576313843E-16));
#5016=DIRECTION('',(0.,1.,0.));
#5017=DIRECTION('',(0.,-1.,0.));
#5018=DIRECTION('',(0.999999999999997,0.,0.));
#5019=DIRECTION('',(0.,-1.,0.));
#5020=DIRECTION('',(0.,0.,-1.));
#5021=DIRECTION('',(0.,1.35525271560688E-16,-1.));
#5022=DIRECTION('',(0.,-1.19636101791504E-15,1.));
#5023=DIRECTION('',(-1.,0.,0.));
#5024=DIRECTION('',(0.,0.,1.));
#5025=DIRECTION('',(0.,-1.35525271560688E-16,1.));
#5026=DIRECTION('',(0.,1.,0.));
#5027=DIRECTION('',(0.,1.19636101791504E-15,-1.));
#5028=DIRECTION('',(1.,0.,0.));
#5029=DIRECTION('',(0.,0.,-1.));
#5030=DIRECTION('',(0.55470019622523,0.832050294337843,1.12763842092287E-16));
#5031=DIRECTION('',(0.832050294337843,-0.55470019622523,1.6914576313843E-16));
#5032=DIRECTION('',(0.,1.,0.));
#5033=DIRECTION('',(0.,-1.,0.));
#5034=DIRECTION('',(-0.999999999999997,0.,0.));
#5035=DIRECTION('',(0.,-1.,0.));
#5036=DIRECTION('',(0.,0.,-0.999999999999999));
#5037=DIRECTION('',(0.812163107762293,-0.541442071841529,-0.217328252258759));
#5038=DIRECTION('',(0.,1.,0.));
#5039=DIRECTION('',(-0.966012064815056,0.,0.258496983796237));
#5040=DIRECTION('',(-0.258496983796237,0.,-0.966012064815056));
#5041=DIRECTION('',(-0.966012064815056,0.,0.258496983796237));
#5042=DIRECTION('',(0.,1.,0.));
#5043=DIRECTION('',(0.,2.55106393526002E-16,-1.));
#5044=DIRECTION('',(1.,0.,0.));
#5045=DIRECTION('',(0.,0.,-1.));
#5046=DIRECTION('',(-0.812163107762293,0.541442071841529,-0.217328252258757));
#5047=DIRECTION('',(0.,1.,0.));
#5048=DIRECTION('',(0.966012064815057,0.,0.258496983796235));
#5049=DIRECTION('',(-0.258496983796235,0.,0.966012064815057));
#5050=DIRECTION('',(0.966012064815057,0.,0.258496983796235));
#5051=DIRECTION('',(0.55470019622523,0.832050294337844,1.12763842092287E-16));
#5052=DIRECTION('',(0.832050294337843,-0.55470019622523,1.6914576313843E-16));
#5053=DIRECTION('',(0.,1.,0.));
#5054=DIRECTION('',(0.,-1.,0.));
#5055=DIRECTION('',(-0.999999999999997,0.,0.));
#5056=DIRECTION('',(0.,-1.,0.));
#5057=DIRECTION('',(0.,0.,-1.));
#5058=DIRECTION('',(0.,-1.35525271560688E-16,1.));
#5059=DIRECTION('',(0.,1.,0.));
#5060=DIRECTION('',(0.,0.,-1.));
#5061=DIRECTION('',(0.,0.707106781186547,-0.707106781186548));
#5062=DIRECTION('',(0.,1.,0.));
#5063=DIRECTION('',(0.,2.9909025447876E-16,-1.));
#5064=DIRECTION('',(1.,0.,0.));
#5065=DIRECTION('',(0.,0.,-1.));
#5066=DIRECTION('',(0.,-1.,0.));
#5067=DIRECTION('',(-1.,0.,9.32647030095057E-17));
#5068=DIRECTION('',(0.,1.,0.));
#5069=DIRECTION('',(1.,0.,-9.32647030095057E-17));
#5070=DIRECTION('',(-1.,0.,9.32647030095057E-17));
#5071=DIRECTION('',(0.,1.,0.));
#5072=DIRECTION('',(-1.,-3.0256804813549E-16,9.32647030095057E-17));
#5073=DIRECTION('',(9.32647030095057E-17,0.,1.));
#5074=DIRECTION('',(1.,0.,-9.32413868337534E-17));
#5075=DIRECTION('',(0.,1.,0.));
#5076=DIRECTION('',(0.,1.35525271560688E-16,-1.));
#5077=DIRECTION('',(0.,1.,0.));
#5078=DIRECTION('',(0.,-2.9909025447876E-16,1.));
#5079=DIRECTION('',(0.,-0.707106781186547,0.707106781186548));
#5080=DIRECTION('',(0.,0.,1.));
#5081=DIRECTION('',(-1.,0.,0.));
#5082=DIRECTION('',(0.,0.,1.));
#5083=DIRECTION('',(-0.554700196225229,0.832050294337844,1.12763842092287E-16));
#5084=DIRECTION('',(-0.832050294337844,-0.554700196225229,1.6914576313843E-16));
#5085=DIRECTION('',(0.,1.,0.));
#5086=DIRECTION('',(0.,-1.,0.));
#5087=DIRECTION('',(1.,0.,0.));
#5088=DIRECTION('',(0.,-1.,0.));
#5089=DIRECTION('',(0.,0.,-1.));
#5090=DIRECTION('',(-0.812163107762295,-0.541442071841529,0.217328252258752));
#5091=DIRECTION('',(0.966012064815058,0.,-0.258496983796228));
#5092=DIRECTION('',(0.258496983796228,0.,0.966012064815058));
#5093=DIRECTION('',(0.966012064815058,0.,-0.258496983796228));
#5094=DIRECTION('',(-1.,0.,0.));
#5095=DIRECTION('',(0.,0.,-1.));
#5096=DIRECTION('',(1.,0.,0.));
#5097=DIRECTION('',(0.,0.,-1.));
#5098=DIRECTION('',(-1.,0.,0.));
#5099=DIRECTION('',(0.,0.,-1.));
#5100=DIRECTION('',(1.,0.,0.));
#5101=DIRECTION('',(0.,0.,-1.));
#5102=DIRECTION('',(-1.,0.,0.));
#5103=DIRECTION('',(0.,0.,-1.));
#5104=DIRECTION('',(1.,0.,0.));
#5105=DIRECTION('',(0.,0.,-1.));
#5106=DIRECTION('',(-1.,0.,0.));
#5107=DIRECTION('',(0.,0.,-1.));
#5108=DIRECTION('',(1.,0.,0.));
#5109=DIRECTION('',(0.,0.,-1.));
#5110=DIRECTION('',(-1.,0.,0.));
#5111=DIRECTION('',(0.,0.,-1.));
#5112=DIRECTION('',(1.,0.,0.));
#5113=DIRECTION('',(0.,0.,-1.));
#5114=DIRECTION('',(-1.,0.,0.));
#5115=DIRECTION('',(0.,0.,-1.));
#5116=DIRECTION('',(1.,0.,0.));
#5117=DIRECTION('',(0.,0.,-1.));
#5118=DIRECTION('',(-1.,0.,0.));
#5119=DIRECTION('',(0.,0.,-1.));
#5120=DIRECTION('',(1.,0.,0.));
#5121=DIRECTION('',(0.,0.,-1.));
#5122=DIRECTION('',(0.,1.,0.));
#5123=DIRECTION('',(0.,0.,1.));
#5124=DIRECTION('',(0.832050294337844,0.554700196225229,0.));
#5125=DIRECTION('',(1.,0.,0.));
#5126=DIRECTION('',(0.,0.,1.));
#5127=DIRECTION('',(1.,0.,0.));
#5128=DIRECTION('',(0.,0.,-1.));
#5129=DIRECTION('',(1.,0.,-9.32647030095057E-17));
#5130=DIRECTION('',(1.,0.,0.));
#5131=DIRECTION('',(0.,1.,0.));
#5132=DIRECTION('',(0.,0.,1.));
#5133=DIRECTION('',(0.,-0.707106781186547,0.707106781186548));
#5134=DIRECTION('',(0.,0.,-1.));
#5135=DIRECTION('',(0.,0.707106781186547,-0.707106781186548));
#5136=DIRECTION('',(1.,0.,0.));
#5137=DIRECTION('',(0.,0.,-1.));
#5138=DIRECTION('',(0.,0.,-1.));
#5139=DIRECTION('',(1.,3.0256804813549E-16,-9.32647030095057E-17));
#5140=DIRECTION('',(-3.0256804813549E-16,1.,0.));
#5141=DIRECTION('',(-1.,-3.02709246557953E-16,0.));
#5142=DIRECTION('',(0.,0.,-1.));
#5143=DIRECTION('',(0.,0.707106781186547,-0.707106781186548));
#5144=DIRECTION('',(0.,-0.707106781186547,0.707106781186548));
#5145=DIRECTION('',(-1.,0.,0.));
#5146=DIRECTION('',(0.,0.,1.));
#5147=DIRECTION('',(1.,0.,-9.32647030095057E-17));
#5148=DIRECTION('',(0.,1.,0.));
#5149=DIRECTION('',(0.,0.,1.));
#5150=DIRECTION('',(0.832050294337843,-0.55470019622523,0.));
#5151=DIRECTION('',(0.,0.,1.));
#5152=DIRECTION('',(1.,0.,0.));
#5153=DIRECTION('',(0.707106781186547,7.3598084000802E-15,-0.707106781186548));
#5154=DIRECTION('',(0.707106781186547,7.3598084000802E-15,-0.707106781186548));
#5155=DIRECTION('',(0.,1.,0.));
#5156=DIRECTION('',(0.707106781186548,0.,0.707106781186547));
#5157=DIRECTION('',(0.707106781186547,0.,-0.707106781186548));
#5158=DIRECTION('',(1.,0.,-5.42101086242752E-16));
#5159=DIRECTION('',(1.,0.,-5.42101086242752E-16));
#5160=DIRECTION('',(0.,1.,0.));
#5161=DIRECTION('',(5.42101086242752E-16,0.,1.));
#5162=DIRECTION('',(1.,0.,-5.42101086242752E-16));
#5163=DIRECTION('',(0.707106781186547,0.,-0.707106781186548));
#5164=DIRECTION('',(0.707106781186547,0.,-0.707106781186548));
#5165=DIRECTION('',(0.,1.,0.));
#5166=DIRECTION('',(0.707106781186548,0.,0.707106781186547));
#5167=DIRECTION('',(0.707106781186547,0.,-0.707106781186548));
#5168=DIRECTION('',(0.,3.61400724161835E-15,-1.));
#5169=DIRECTION('',(0.,3.61400724161835E-15,-1.));
#5170=DIRECTION('',(0.,1.,0.));
#5171=DIRECTION('',(1.,0.,0.));
#5172=DIRECTION('',(0.,0.,-1.));
#5173=DIRECTION('',(-0.707106781186547,0.,-0.707106781186548));
#5174=DIRECTION('',(-0.707106781186547,0.,-0.707106781186548));
#5175=DIRECTION('',(0.,1.,0.));
#5176=DIRECTION('',(0.707106781186548,0.,-0.707106781186547));
#5177=DIRECTION('',(-0.707106781186547,0.,-0.707106781186548));
#5178=DIRECTION('',(0.,-1.,0.));
#5179=DIRECTION('',(-1.,0.,5.42101086242752E-17));
#5180=DIRECTION('',(-1.,0.,5.42101086242752E-17));
#5181=DIRECTION('',(-1.,0.,5.42101086242752E-17));
#5182=DIRECTION('',(0.,1.,0.));
#5183=DIRECTION('',(-1.,0.,5.42101086242752E-17));
#5184=DIRECTION('',(-5.42101086242752E-17,0.,-1.));
#5185=DIRECTION('',(-1.,0.,5.42101086242752E-17));
#5186=DIRECTION('',(2.15507297650753E-30,1.,3.97540796578018E-15));
#5187=DIRECTION('',(0.,-3.97533568563535E-15,1.));
#5188=DIRECTION('',(1.,0.,-6.5788966777033E-18));
#5189=DIRECTION('',(0.,3.97540796578018E-15,-1.));
#5190=DIRECTION('',(-1.,0.,0.));
#5191=DIRECTION('',(0.,1.,0.));
#5192=DIRECTION('',(-1.,0.,-2.4093381610789E-16));
#5193=DIRECTION('',(0.,-1.,0.));
#5194=DIRECTION('',(-0.999999999999999,0.,2.71050543121376E-16));
#5195=DIRECTION('',(2.15507297650753E-30,1.,3.97540796578018E-15));
#5196=DIRECTION('',(0.,-3.97511884520085E-15,1.));
#5197=DIRECTION('',(0.,-3.61400724161835E-15,1.));
#5198=DIRECTION('',(0.,1.,0.));
#5199=DIRECTION('',(0.,-3.61400724161835E-15,1.));
#5200=DIRECTION('',(0.,1.,0.));
#5201=DIRECTION('',(-1.,0.,0.));
#5202=DIRECTION('',(0.,0.,1.));
#5203=DIRECTION('',(0.707106781186545,0.,0.70710678118655));
#5204=DIRECTION('',(0.707106781186545,0.,0.70710678118655));
#5205=DIRECTION('',(0.,1.,0.));
#5206=DIRECTION('',(-0.70710678118655,0.,0.707106781186545));
#5207=DIRECTION('',(0.707106781186545,0.,0.70710678118655));
#5208=DIRECTION('',(1.,0.,0.));
#5209=DIRECTION('',(1.,0.,0.));
#5210=DIRECTION('',(0.,1.,0.));
#5211=DIRECTION('',(0.,0.,1.));
#5212=DIRECTION('',(1.,0.,0.));
#5213=DIRECTION('',(0.707106781186548,-7.35980840008019E-15,0.707106781186547));
#5214=DIRECTION('',(0.707106781186548,-7.35980840008019E-15,0.707106781186547));
#5215=DIRECTION('',(-0.707106781186547,0.,0.707106781186548));
#5216=DIRECTION('',(0.707106781186548,0.,0.707106781186547));
#5217=DIRECTION('',(0.,1.,0.));
#5218=DIRECTION('',(-1.,0.,6.77626357803439E-17));
#5219=DIRECTION('',(0.,-1.,0.));
#5220=DIRECTION('',(-1.,0.,6.77626357803439E-17));
#5221=DIRECTION('',(-1.,0.,6.77626357803439E-17));
#5222=DIRECTION('',(0.,1.,0.));
#5223=DIRECTION('',(-1.,0.,6.77626357803439E-17));
#5224=DIRECTION('',(-6.77626357803439E-17,0.,-1.));
#5225=DIRECTION('',(-1.,0.,6.7762635780344E-17));
#5226=DIRECTION('',(-0.707106781186549,0.,0.707106781186546));
#5227=DIRECTION('',(-0.707106781186549,0.,0.707106781186546));
#5228=DIRECTION('',(-0.707106781186546,0.,-0.707106781186549));
#5229=DIRECTION('',(-0.707106781186549,0.,0.707106781186546));
#5230=DIRECTION('',(0.,1.,3.61400724161835E-15));
#5231=DIRECTION('',(0.,-3.61407952176318E-15,1.));
#5232=DIRECTION('',(-1.,0.,0.));
#5233=DIRECTION('',(0.,-3.61400724161835E-15,1.));
#5234=DIRECTION('',(1.,0.,-6.57889667770329E-18));
#5235=DIRECTION('',(0.,-1.,0.));
#5236=DIRECTION('',(0.999999999999999,0.,0.));
#5237=DIRECTION('',(0.,1.,0.));
#5238=DIRECTION('',(0.999999999999999,0.,1.20466908053945E-16));
#5239=DIRECTION('',(0.,1.,3.61400724161835E-15));
#5240=DIRECTION('',(0.,-3.61429636219768E-15,1.));
#5241=DIRECTION('',(-0.554700196225229,0.832050294337844,1.12763842092287E-16));
#5242=DIRECTION('',(0.,1.35525271560688E-16,-1.));
#5243=DIRECTION('',(0.55470019622523,0.832050294337843,1.12763842092287E-16));
#5244=DIRECTION('',(0.,-1.35525271560688E-16,1.));
#5245=DIRECTION('',(-0.554700196225229,0.832050294337844,1.12763842092287E-16));
#5246=DIRECTION('',(0.,1.35525271560688E-16,-1.));
#5247=DIRECTION('',(0.55470019622523,0.832050294337843,1.12763842092287E-16));
#5248=DIRECTION('',(0.,-1.35525271560688E-16,1.));
#5249=DIRECTION('',(6.59481039433709E-17,0.707106781186548,0.707106781186547));
#5250=DIRECTION('',(-1.,0.,9.32413868337534E-17));
#5251=DIRECTION('',(-1.47999814663612E-16,0.707106781186548,0.707106781186547));
#5252=DIRECTION('',(-1.,-3.02709246557953E-16,9.32413868337534E-17));
#5253=DIRECTION('',(6.59481039433709E-17,0.707106781186548,0.707106781186547));
#5254=DIRECTION('',(-1.,0.,9.32413868337534E-17));
#5255=DIRECTION('',(0.,0.,-1.));
#5256=DIRECTION('',(0.,0.,-1.));
#5257=DIRECTION('',(-1.,0.,0.));
#5258=DIRECTION('',(0.,0.,1.));
#5259=DIRECTION('',(0.,0.,-1.));
#5260=DIRECTION('',(0.,-1.,0.));
#5261=DIRECTION('',(0.,0.,-1.));
#5262=DIRECTION('',(-1.,0.,0.));
#5263=DIRECTION('',(0.,0.,1.));
#5264=DIRECTION('',(0.,0.,-1.));
#5265=DIRECTION('',(1.,5.98180508957519E-16,0.));
#5266=DIRECTION('',(-5.98045918343004E-16,1.,0.));
#5267=DIRECTION('',(0.,0.,-1.));
#5268=DIRECTION('',(0.,-1.,0.));
#5269=DIRECTION('',(0.,0.,-1.));
#5270=DIRECTION('',(0.,0.,-1.));
#5271=DIRECTION('',(1.,7.54227598250785E-16,0.));
#5272=DIRECTION('',(-7.54171031180917E-16,1.,0.));
#5273=DIRECTION('',(-3.94255335449274E-16,1.,0.));
#5274=DIRECTION('',(-1.,-3.94215909915729E-16,0.));
#5275=DIRECTION('',(0.,0.,-1.));
#5276=DIRECTION('',(0.,0.,-1.));
#5277=DIRECTION('',(0.,1.,0.));
#5278=DIRECTION('',(0.,0.,1.));
#5279=DIRECTION('',(-1.,0.,0.));
#5280=DIRECTION('',(0.,0.,1.));
#5281=DIRECTION('',(0.,0.,-1.));
#5282=DIRECTION('',(1.,-5.98180508957519E-16,0.));
#5283=DIRECTION('',(5.98045918343004E-16,1.,0.));
#5284=DIRECTION('',(0.,0.,-1.));
#5285=DIRECTION('',(0.,1.,0.));
#5286=DIRECTION('',(0.,0.,1.));
#5287=DIRECTION('',(0.,0.,-1.));
#5288=DIRECTION('',(1.,-7.54227598250785E-16,0.));
#5289=DIRECTION('',(7.54171031180917E-16,1.,0.));
#5290=DIRECTION('',(0.,0.,-1.));
#5291=DIRECTION('',(-1.,0.,0.));
#5292=DIRECTION('',(0.,0.,1.));
#5293=DIRECTION('',(-3.94255335449274E-16,-1.,0.));
#5294=DIRECTION('',(1.,-3.94215909915729E-16,0.));
#5295=DIRECTION('',(0.,-0.98058067569092,-0.196116135138183));
#5296=DIRECTION('',(-1.,0.,0.));
#5297=DIRECTION('',(0.,-0.98058067569092,-0.196116135138183));
#5298=DIRECTION('',(-1.,0.,0.));
#5299=DIRECTION('',(0.,0.196116135138183,-0.98058067569092));
#5300=DIRECTION('',(0.,0.98058067569092,0.196116135138183));
#5301=DIRECTION('',(0.,5.42101086242751E-16,-1.));
#5302=DIRECTION('',(-1.,0.,0.));
#5303=DIRECTION('',(0.,5.42101086242751E-16,-1.));
#5304=DIRECTION('',(0.,1.,5.42101086242751E-16));
#5305=DIRECTION('',(0.,-5.42101086242752E-16,1.));
#5306=DIRECTION('',(0.,0.97780241407741,-0.209529088730873));
#5307=DIRECTION('',(-1.,0.,0.));
#5308=DIRECTION('',(0.,0.97780241407741,-0.209529088730873));
#5309=DIRECTION('',(0.,0.209529088730873,0.97780241407741));
#5310=DIRECTION('',(0.,-0.97780241407741,0.209529088730873));
#5311=DIRECTION('',(0.,-1.,-1.80700362080917E-16));
#5312=DIRECTION('',(0.,1.,0.));
#5313=DIRECTION('',(1.,0.,0.));
#5314=DIRECTION('',(0.,0.,-1.));
#5315=DIRECTION('',(0.,-1.,-1.80700362080917E-16));
#5316=DIRECTION('',(0.,1.,0.));
#5317=DIRECTION('',(1.,0.,0.));
#5318=DIRECTION('',(0.,0.,-1.));
#5319=DIRECTION('',(0.,1.80700362080917E-16,-1.));
#5320=DIRECTION('',(0.,1.,1.80628081936085E-16));
#5321=DIRECTION('',(0.,0.,1.));
#5322=DIRECTION('',(1.,0.,0.));
#5323=DIRECTION('',(0.,1.,0.));
#5324=DIRECTION('',(0.,1.,0.));
#5325=DIRECTION('',(-1.,0.,0.));
#5326=DIRECTION('',(0.,0.,1.));
#5327=DIRECTION('',(1.,0.,0.));
#5328=DIRECTION('',(0.,-1.,0.));
#5329=DIRECTION('',(0.,-1.,0.));
#5330=DIRECTION('',(-1.,0.,0.));
#5331=DIRECTION('',(0.,0.,-1.));
#5332=DIRECTION('',(-1.,0.,0.));
#5333=DIRECTION('',(0.,0.,-1.));
#5334=DIRECTION('',(0.,0.707106781186548,-0.707106781186547));
#5335=DIRECTION('',(0.,1.,0.));
#5336=DIRECTION('',(0.,0.707106781186548,0.707106781186547));
#5337=DIRECTION('',(0.,0.,1.));
#5338=DIRECTION('',(0.,-1.,-1.80700362080917E-16));
#5339=DIRECTION('',(0.,0.,1.));
#5340=DIRECTION('',(1.,0.,0.));
#5341=DIRECTION('',(0.,0.,-1.));
#5342=DIRECTION('',(0.,0.,1.));
#5343=DIRECTION('',(0.,-1.,-1.80700362080917E-16));
#5344=DIRECTION('',(0.,0.,1.));
#5345=DIRECTION('',(0.,0.707106781186548,0.707106781186547));
#5346=DIRECTION('',(0.,1.,0.));
#5347=DIRECTION('',(0.,0.707106781186548,-0.707106781186547));
#5348=DIRECTION('',(0.,0.,-1.));
#5349=DIRECTION('',(1.,0.,0.));
#5350=DIRECTION('',(0.,0.,-1.));
#5351=DIRECTION('',(-1.,0.,0.));
#5352=DIRECTION('',(0.,1.,0.));
#5353=DIRECTION('',(0.,0.,1.));
#5354=DIRECTION('',(-1.,0.,0.));
#5355=DIRECTION('',(0.,0.707106781186547,0.707106781186548));
#5356=DIRECTION('',(0.,-0.707106781186548,0.707106781186547));
#5357=DIRECTION('',(-1.,0.,0.));
#5358=DIRECTION('',(0.,0.,1.));
#5359=DIRECTION('',(1.,0.,0.));
#5360=DIRECTION('',(-1.,0.,0.));
#5361=DIRECTION('',(0.,-0.707106781186547,0.707106781186548));
#5362=DIRECTION('',(0.,-0.707106781186548,-0.707106781186547));
#5363=DIRECTION('',(-1.,0.,0.));
#5364=DIRECTION('',(0.,-1.,0.));
#5365=DIRECTION('',(0.,0.,-1.));
#5366=DIRECTION('',(-1.,0.,0.));
#5367=DIRECTION('',(0.,1.80700362080917E-16,-1.));
#5368=DIRECTION('',(0.,1.,1.80682292044709E-16));
#5369=DIRECTION('',(0.,-1.,0.));
#5370=DIRECTION('',(0.,0.,-1.));
#5371=DIRECTION('',(0.,-1.,0.));
#5372=DIRECTION('',(-0.999999999999999,0.,2.71050543121376E-16));
#5373=DIRECTION('',(0.,1.,0.));
#5374=DIRECTION('',(0.,1.,0.));
#5375=DIRECTION('',(0.,0.,1.));
#5376=DIRECTION('',(1.,0.,-6.5788966777033E-18));
#5377=DIRECTION('',(0.707106781186547,0.707106781186548,-4.65198245352965E-18));
#5378=DIRECTION('',(0.,1.,0.));
#5379=DIRECTION('',(-0.707106781186548,0.707106781186547,4.65198245352965E-18));
#5380=DIRECTION('',(6.5788966777033E-18,0.,1.));
#5381=DIRECTION('',(1.,0.,-6.57975193427141E-18));
#5382=DIRECTION('',(0.,0.,-1.));
#5383=DIRECTION('',(0.,1.,0.));
#5384=DIRECTION('',(0.,-3.97540796578018E-15,1.));
#5385=DIRECTION('',(1.,0.,0.));
#5386=DIRECTION('',(0.,0.,-1.));
#5387=DIRECTION('',(-0.707106781186547,-0.707106781186548,0.));
#5388=DIRECTION('',(-1.,0.,0.));
#5389=DIRECTION('',(0.,1.,0.));
#5390=DIRECTION('',(0.707106781186548,-0.707106781186547,0.));
#5391=DIRECTION('',(0.,0.,-1.));
#5392=DIRECTION('',(-1.,0.,0.));
#5393=DIRECTION('',(0.,1.,0.));
#5394=DIRECTION('',(-1.,0.,-2.4093381610789E-16));
#5395=DIRECTION('',(0.,1.,0.));
#5396=DIRECTION('',(0.,0.,1.));
#5397=DIRECTION('',(0.,0.,1.));
#5398=DIRECTION('',(0.,-1.,0.));
#5399=DIRECTION('',(0.,0.,-1.));
#5400=DIRECTION('',(0.,1.,0.));
#5401=DIRECTION('',(0.,0.,1.));
#5402=DIRECTION('',(0.,1.,0.));
#5403=DIRECTION('',(0.,3.61400724161835E-15,-1.));
#5404=DIRECTION('',(-1.,0.,0.));
#5405=DIRECTION('',(0.,0.,1.));
#5406=DIRECTION('',(0.707106781186547,-0.707106781186548,-4.65198245352964E-18));
#5407=DIRECTION('',(1.,0.,-6.57889667770329E-18));
#5408=DIRECTION('',(0.,1.,0.));
#5409=DIRECTION('',(-0.707106781186548,-0.707106781186547,4.65198245352965E-18));
#5410=DIRECTION('',(6.57889667770329E-18,0.,1.));
#5411=DIRECTION('',(1.,0.,-6.57975193427141E-18));
#5412=DIRECTION('',(0.,-1.,0.));
#5413=DIRECTION('',(0.999999999999999,0.,0.));
#5414=DIRECTION('',(0.,1.,0.));
#5415=DIRECTION('',(0.,0.,1.));
#5416=DIRECTION('',(0.,1.,0.));
#5417=DIRECTION('',(0.999999999999999,0.,1.20466908053945E-16));
#5418=DIRECTION('',(0.,1.,0.));
#5419=DIRECTION('',(0.,1.,0.));
#5420=DIRECTION('',(0.,0.,1.));
#5421=DIRECTION('',(-1.,0.,0.));
#5422=DIRECTION('',(-0.707106781186547,0.707106781186548,0.));
#5423=DIRECTION('',(0.707106781186548,0.707106781186547,0.));
#5424=DIRECTION('',(0.,0.,-1.));
#5425=DIRECTION('',(-1.,0.,0.));
#5426=DIRECTION('',(0.,0.,-1.));
#5427=DIRECTION('',(0.,-1.,0.));
#5428=DIRECTION('',(0.,0.,-1.));
#5429=DIRECTION('',(0.707106781186548,0.707106781186547,0.));
#5430=DIRECTION('',(0.,0.,1.));
#5431=DIRECTION('',(0.707106781186547,-0.707106781186548,-2.55548902780562E-15));
#5432=DIRECTION('',(0.,-3.61429636219768E-15,1.));
#5433=DIRECTION('',(-0.707106781186548,0.707106781186547,0.));
#5434=DIRECTION('',(0.,0.,-1.));
#5435=DIRECTION('',(-0.707106781186547,-0.707106781186548,-2.81103793058619E-15));
#5436=DIRECTION('',(0.,3.97511884520085E-15,-1.));
#5437=DIRECTION('',(0.,-0.98058067569092,-0.196116135138183));
#5438=DIRECTION('',(-1.,0.,0.));
#5439=DIRECTION('',(0.,-0.98058067569092,-0.196116135138183));
#5440=DIRECTION('',(-1.,0.,0.));
#5441=DIRECTION('',(0.,0.196116135138183,-0.98058067569092));
#5442=DIRECTION('',(0.,0.98058067569092,0.196116135138183));
#5443=DIRECTION('',(0.,5.42101086242751E-16,-1.));
#5444=DIRECTION('',(-1.,0.,0.));
#5445=DIRECTION('',(0.,5.42101086242751E-16,-1.));
#5446=DIRECTION('',(0.,1.,5.42101086242751E-16));
#5447=DIRECTION('',(0.,-5.42101086242752E-16,1.));
#5448=DIRECTION('',(0.,0.97780241407741,-0.209529088730873));
#5449=DIRECTION('',(-1.,0.,0.));
#5450=DIRECTION('',(0.,0.97780241407741,-0.209529088730873));
#5451=DIRECTION('',(0.,0.209529088730873,0.97780241407741));
#5452=DIRECTION('',(0.,-0.97780241407741,0.209529088730873));
#5453=DIRECTION('',(0.,-1.,-1.80700362080917E-16));
#5454=DIRECTION('',(0.,1.,0.));
#5455=DIRECTION('',(1.,0.,0.));
#5456=DIRECTION('',(0.,0.,-1.));
#5457=DIRECTION('',(0.,-1.,-1.80700362080917E-16));
#5458=DIRECTION('',(0.,1.,0.));
#5459=DIRECTION('',(1.,0.,0.));
#5460=DIRECTION('',(0.,0.,-1.));
#5461=DIRECTION('',(0.,1.80700362080917E-16,-1.));
#5462=DIRECTION('',(0.,1.,1.80628081936085E-16));
#5463=DIRECTION('',(0.,0.,1.));
#5464=DIRECTION('',(1.,0.,0.));
#5465=DIRECTION('',(0.,-0.98058067569092,-0.196116135138183));
#5466=DIRECTION('',(-1.,0.,0.));
#5467=DIRECTION('',(0.,-0.98058067569092,-0.196116135138183));
#5468=DIRECTION('',(-1.,0.,0.));
#5469=DIRECTION('',(0.,0.196116135138183,-0.98058067569092));
#5470=DIRECTION('',(0.,0.98058067569092,0.196116135138183));
#5471=DIRECTION('',(0.,5.42101086242751E-16,-1.));
#5472=DIRECTION('',(-1.,0.,0.));
#5473=DIRECTION('',(0.,5.42101086242751E-16,-1.));
#5474=DIRECTION('',(0.,1.,5.42101086242751E-16));
#5475=DIRECTION('',(0.,-5.42101086242752E-16,1.));
#5476=DIRECTION('',(0.,0.97780241407741,-0.209529088730873));
#5477=DIRECTION('',(-1.,0.,0.));
#5478=DIRECTION('',(0.,0.97780241407741,-0.209529088730873));
#5479=DIRECTION('',(0.,0.209529088730873,0.97780241407741));
#5480=DIRECTION('',(0.,-0.97780241407741,0.209529088730873));
#5481=DIRECTION('',(0.,-1.,-1.80700362080917E-16));
#5482=DIRECTION('',(0.,1.,0.));
#5483=DIRECTION('',(1.,0.,0.));
#5484=DIRECTION('',(0.,0.,-1.));
#5485=DIRECTION('',(0.,-1.,-1.80700362080917E-16));
#5486=DIRECTION('',(0.,1.,0.));
#5487=DIRECTION('',(1.,0.,0.));
#5488=DIRECTION('',(0.,0.,-1.));
#5489=DIRECTION('',(0.,1.80700362080917E-16,-1.));
#5490=DIRECTION('',(0.,1.,1.80628081936085E-16));
#5491=DIRECTION('',(0.,0.,1.));
#5492=DIRECTION('',(1.,0.,0.));
#5493=DIRECTION('',(0.,-0.98058067569092,-0.196116135138183));
#5494=DIRECTION('',(-1.,0.,0.));
#5495=DIRECTION('',(0.,-0.98058067569092,-0.196116135138183));
#5496=DIRECTION('',(-1.,0.,0.));
#5497=DIRECTION('',(0.,0.196116135138183,-0.98058067569092));
#5498=DIRECTION('',(0.,0.98058067569092,0.196116135138183));
#5499=DIRECTION('',(0.,5.42101086242751E-16,-1.));
#5500=DIRECTION('',(-1.,0.,0.));
#5501=DIRECTION('',(0.,5.42101086242751E-16,-1.));
#5502=DIRECTION('',(0.,1.,5.42101086242751E-16));
#5503=DIRECTION('',(0.,-5.42101086242752E-16,1.));
#5504=DIRECTION('',(0.,0.97780241407741,-0.209529088730873));
#5505=DIRECTION('',(-1.,0.,0.));
#5506=DIRECTION('',(0.,0.97780241407741,-0.209529088730873));
#5507=DIRECTION('',(0.,0.209529088730873,0.97780241407741));
#5508=DIRECTION('',(0.,-0.97780241407741,0.209529088730873));
#5509=DIRECTION('',(0.,-1.,-1.80700362080917E-16));
#5510=DIRECTION('',(0.,1.,0.));
#5511=DIRECTION('',(1.,0.,0.));
#5512=DIRECTION('',(0.,0.,-1.));
#5513=DIRECTION('',(0.,-1.,-1.80700362080917E-16));
#5514=DIRECTION('',(0.,1.,0.));
#5515=DIRECTION('',(1.,0.,0.));
#5516=DIRECTION('',(0.,0.,-1.));
#5517=DIRECTION('',(0.,1.80700362080917E-16,-1.));
#5518=DIRECTION('',(0.,1.,1.80628081936085E-16));
#5519=DIRECTION('',(0.,0.,1.));
#5520=DIRECTION('',(1.,0.,0.));
#5521=DIRECTION('',(0.,-0.98058067569092,-0.196116135138183));
#5522=DIRECTION('',(-1.,0.,0.));
#5523=DIRECTION('',(0.,-0.98058067569092,-0.196116135138183));
#5524=DIRECTION('',(-1.,0.,0.));
#5525=DIRECTION('',(0.,0.196116135138183,-0.98058067569092));
#5526=DIRECTION('',(0.,0.98058067569092,0.196116135138183));
#5527=DIRECTION('',(0.,5.42101086242751E-16,-1.));
#5528=DIRECTION('',(-1.,0.,0.));
#5529=DIRECTION('',(0.,5.42101086242751E-16,-1.));
#5530=DIRECTION('',(0.,1.,5.42101086242751E-16));
#5531=DIRECTION('',(0.,-5.42101086242752E-16,1.));
#5532=DIRECTION('',(0.,0.97780241407741,-0.209529088730873));
#5533=DIRECTION('',(-1.,0.,0.));
#5534=DIRECTION('',(0.,0.97780241407741,-0.209529088730873));
#5535=DIRECTION('',(0.,0.209529088730873,0.97780241407741));
#5536=DIRECTION('',(0.,-0.97780241407741,0.209529088730873));
#5537=DIRECTION('',(0.,-1.,-1.80700362080917E-16));
#5538=DIRECTION('',(0.,1.,0.));
#5539=DIRECTION('',(1.,0.,0.));
#5540=DIRECTION('',(0.,0.,-1.));
#5541=DIRECTION('',(0.,-1.,-1.80700362080917E-16));
#5542=DIRECTION('',(0.,1.,0.));
#5543=DIRECTION('',(1.,0.,0.));
#5544=DIRECTION('',(0.,0.,-1.));
#5545=DIRECTION('',(0.,1.80700362080917E-16,-1.));
#5546=DIRECTION('',(0.,1.,1.80628081936085E-16));
#5547=DIRECTION('',(0.,0.,1.));
#5548=DIRECTION('',(1.,0.,0.));
#5549=DIRECTION('',(0.,-0.98058067569092,-0.196116135138183));
#5550=DIRECTION('',(-1.,0.,0.));
#5551=DIRECTION('',(0.,-0.98058067569092,-0.196116135138183));
#5552=DIRECTION('',(-1.,0.,0.));
#5553=DIRECTION('',(0.,0.196116135138183,-0.98058067569092));
#5554=DIRECTION('',(0.,0.98058067569092,0.196116135138183));
#5555=DIRECTION('',(0.,5.42101086242751E-16,-1.));
#5556=DIRECTION('',(-1.,0.,0.));
#5557=DIRECTION('',(0.,5.42101086242751E-16,-1.));
#5558=DIRECTION('',(0.,1.,5.42101086242751E-16));
#5559=DIRECTION('',(0.,-5.42101086242752E-16,1.));
#5560=DIRECTION('',(0.,0.97780241407741,-0.209529088730873));
#5561=DIRECTION('',(-1.,0.,0.));
#5562=DIRECTION('',(0.,0.97780241407741,-0.209529088730873));
#5563=DIRECTION('',(0.,0.209529088730873,0.97780241407741));
#5564=DIRECTION('',(0.,-0.97780241407741,0.209529088730873));
#5565=DIRECTION('',(0.,-1.,-1.80700362080917E-16));
#5566=DIRECTION('',(0.,1.,0.));
#5567=DIRECTION('',(1.,0.,0.));
#5568=DIRECTION('',(0.,0.,-1.));
#5569=DIRECTION('',(0.,-1.,-1.80700362080917E-16));
#5570=DIRECTION('',(0.,1.,0.));
#5571=DIRECTION('',(1.,0.,0.));
#5572=DIRECTION('',(0.,0.,-1.));
#5573=DIRECTION('',(0.,1.80700362080917E-16,-1.));
#5574=DIRECTION('',(0.,1.,1.80628081936085E-16));
#5575=DIRECTION('',(0.,0.,1.));
#5576=DIRECTION('',(1.,0.,0.));
#5577=DIRECTION('',(0.,-0.98058067569092,-0.196116135138183));
#5578=DIRECTION('',(-1.,0.,0.));
#5579=DIRECTION('',(0.,-0.98058067569092,-0.196116135138183));
#5580=DIRECTION('',(-1.,0.,0.));
#5581=DIRECTION('',(0.,0.196116135138183,-0.98058067569092));
#5582=DIRECTION('',(0.,0.98058067569092,0.196116135138183));
#5583=DIRECTION('',(0.,5.42101086242751E-16,-1.));
#5584=DIRECTION('',(-1.,0.,0.));
#5585=DIRECTION('',(0.,5.42101086242751E-16,-1.));
#5586=DIRECTION('',(0.,1.,5.42101086242751E-16));
#5587=DIRECTION('',(0.,-5.42101086242752E-16,1.));
#5588=DIRECTION('',(0.,0.97780241407741,-0.209529088730873));
#5589=DIRECTION('',(-1.,0.,0.));
#5590=DIRECTION('',(0.,0.97780241407741,-0.209529088730873));
#5591=DIRECTION('',(0.,0.209529088730873,0.97780241407741));
#5592=DIRECTION('',(0.,-0.97780241407741,0.209529088730873));
#5593=DIRECTION('',(0.,-1.,-1.80700362080917E-16));
#5594=DIRECTION('',(0.,1.,0.));
#5595=DIRECTION('',(1.,0.,0.));
#5596=DIRECTION('',(0.,0.,-1.));
#5597=DIRECTION('',(0.,-1.,-1.80700362080917E-16));
#5598=DIRECTION('',(0.,1.,0.));
#5599=DIRECTION('',(1.,0.,0.));
#5600=DIRECTION('',(0.,0.,-1.));
#5601=DIRECTION('',(0.,1.80700362080917E-16,-1.));
#5602=DIRECTION('',(0.,1.,1.80628081936085E-16));
#5603=DIRECTION('',(0.,0.,1.));
#5604=DIRECTION('',(1.,0.,0.));
#5605=DIRECTION('',(0.,1.,0.));
#5606=DIRECTION('',(0.,1.,0.));
#5607=DIRECTION('',(-1.,0.,0.));
#5608=DIRECTION('',(0.,0.,1.));
#5609=DIRECTION('',(1.,0.,0.));
#5610=DIRECTION('',(0.,-1.,0.));
#5611=DIRECTION('',(0.,-1.,0.));
#5612=DIRECTION('',(-1.,0.,0.));
#5613=DIRECTION('',(0.,0.,-1.));
#5614=DIRECTION('',(-1.,0.,0.));
#5615=DIRECTION('',(0.,0.,-1.));
#5616=DIRECTION('',(0.,0.707106781186548,-0.707106781186547));
#5617=DIRECTION('',(0.,1.,0.));
#5618=DIRECTION('',(0.,0.707106781186548,0.707106781186547));
#5619=DIRECTION('',(0.,0.,1.));
#5620=DIRECTION('',(0.,-1.,-1.80700362080917E-16));
#5621=DIRECTION('',(0.,0.,1.));
#5622=DIRECTION('',(1.,0.,0.));
#5623=DIRECTION('',(0.,0.,-1.));
#5624=DIRECTION('',(0.,0.,1.));
#5625=DIRECTION('',(0.,-1.,-1.80700362080917E-16));
#5626=DIRECTION('',(0.,0.,1.));
#5627=DIRECTION('',(0.,0.707106781186548,0.707106781186547));
#5628=DIRECTION('',(0.,1.,0.));
#5629=DIRECTION('',(0.,0.707106781186548,-0.707106781186547));
#5630=DIRECTION('',(0.,0.,-1.));
#5631=DIRECTION('',(1.,0.,0.));
#5632=DIRECTION('',(0.,0.,-1.));
#5633=DIRECTION('',(-1.,0.,0.));
#5634=DIRECTION('',(0.,1.,0.));
#5635=DIRECTION('',(0.,0.,1.));
#5636=DIRECTION('',(-1.,0.,0.));
#5637=DIRECTION('',(0.,0.707106781186547,0.707106781186548));
#5638=DIRECTION('',(0.,-0.707106781186548,0.707106781186547));
#5639=DIRECTION('',(-1.,0.,0.));
#5640=DIRECTION('',(0.,0.,1.));
#5641=DIRECTION('',(1.,0.,0.));
#5642=DIRECTION('',(-1.,0.,0.));
#5643=DIRECTION('',(0.,-0.707106781186547,0.707106781186548));
#5644=DIRECTION('',(0.,-0.707106781186548,-0.707106781186547));
#5645=DIRECTION('',(-1.,0.,0.));
#5646=DIRECTION('',(0.,-1.,0.));
#5647=DIRECTION('',(0.,0.,-1.));
#5648=DIRECTION('',(-1.,0.,0.));
#5649=DIRECTION('',(0.,1.80700362080917E-16,-1.));
#5650=DIRECTION('',(0.,1.,1.80682292044709E-16));
#5651=DIRECTION('',(0.,-1.,0.));
#5652=DIRECTION('',(0.,0.,-1.));
#5653=DIRECTION('',(0.,1.,0.));
#5654=DIRECTION('',(0.,1.,0.));
#5655=DIRECTION('',(-1.,0.,0.));
#5656=DIRECTION('',(0.,0.,1.));
#5657=DIRECTION('',(1.,0.,0.));
#5658=DIRECTION('',(0.,-1.,0.));
#5659=DIRECTION('',(0.,-1.,0.));
#5660=DIRECTION('',(-1.,0.,0.));
#5661=DIRECTION('',(0.,0.,-1.));
#5662=DIRECTION('',(-1.,0.,0.));
#5663=DIRECTION('',(0.,0.,-1.));
#5664=DIRECTION('',(0.,0.707106781186548,-0.707106781186547));
#5665=DIRECTION('',(0.,1.,0.));
#5666=DIRECTION('',(0.,0.707106781186548,0.707106781186547));
#5667=DIRECTION('',(0.,0.,1.));
#5668=DIRECTION('',(0.,-1.,-1.80700362080917E-16));
#5669=DIRECTION('',(0.,0.,1.));
#5670=DIRECTION('',(1.,0.,0.));
#5671=DIRECTION('',(0.,0.,-1.));
#5672=DIRECTION('',(0.,0.,1.));
#5673=DIRECTION('',(0.,-1.,-1.80700362080917E-16));
#5674=DIRECTION('',(0.,0.,1.));
#5675=DIRECTION('',(0.,0.707106781186548,0.707106781186547));
#5676=DIRECTION('',(0.,1.,0.));
#5677=DIRECTION('',(0.,0.707106781186548,-0.707106781186547));
#5678=DIRECTION('',(0.,0.,-1.));
#5679=DIRECTION('',(1.,0.,0.));
#5680=DIRECTION('',(0.,0.,-1.));
#5681=DIRECTION('',(-1.,0.,0.));
#5682=DIRECTION('',(0.,1.,0.));
#5683=DIRECTION('',(0.,0.,1.));
#5684=DIRECTION('',(-1.,0.,0.));
#5685=DIRECTION('',(0.,0.707106781186547,0.707106781186548));
#5686=DIRECTION('',(0.,-0.707106781186548,0.707106781186547));
#5687=DIRECTION('',(-1.,0.,0.));
#5688=DIRECTION('',(0.,0.,1.));
#5689=DIRECTION('',(1.,0.,0.));
#5690=DIRECTION('',(-1.,0.,0.));
#5691=DIRECTION('',(0.,-0.707106781186547,0.707106781186548));
#5692=DIRECTION('',(0.,-0.707106781186548,-0.707106781186547));
#5693=DIRECTION('',(-1.,0.,0.));
#5694=DIRECTION('',(0.,-1.,0.));
#5695=DIRECTION('',(0.,0.,-1.));
#5696=DIRECTION('',(-1.,0.,0.));
#5697=DIRECTION('',(0.,1.80700362080917E-16,-1.));
#5698=DIRECTION('',(0.,1.,1.80682292044709E-16));
#5699=DIRECTION('',(0.,-1.,0.));
#5700=DIRECTION('',(0.,0.,-1.));
#5701=DIRECTION('',(0.,1.,0.));
#5702=DIRECTION('',(0.,1.,0.));
#5703=DIRECTION('',(-1.,0.,0.));
#5704=DIRECTION('',(0.,0.,1.));
#5705=DIRECTION('',(1.,0.,0.));
#5706=DIRECTION('',(0.,-1.,0.));
#5707=DIRECTION('',(0.,-1.,0.));
#5708=DIRECTION('',(-1.,0.,0.));
#5709=DIRECTION('',(0.,0.,-1.));
#5710=DIRECTION('',(-1.,0.,0.));
#5711=DIRECTION('',(0.,0.,-1.));
#5712=DIRECTION('',(0.,0.707106781186548,-0.707106781186547));
#5713=DIRECTION('',(0.,1.,0.));
#5714=DIRECTION('',(0.,0.707106781186548,0.707106781186547));
#5715=DIRECTION('',(0.,0.,1.));
#5716=DIRECTION('',(0.,-1.,-1.80700362080917E-16));
#5717=DIRECTION('',(0.,0.,1.));
#5718=DIRECTION('',(1.,0.,0.));
#5719=DIRECTION('',(0.,0.,-1.));
#5720=DIRECTION('',(0.,0.,1.));
#5721=DIRECTION('',(0.,-1.,-1.80700362080917E-16));
#5722=DIRECTION('',(0.,0.,1.));
#5723=DIRECTION('',(0.,0.707106781186548,0.707106781186547));
#5724=DIRECTION('',(0.,1.,0.));
#5725=DIRECTION('',(0.,0.707106781186548,-0.707106781186547));
#5726=DIRECTION('',(0.,0.,-1.));
#5727=DIRECTION('',(1.,0.,0.));
#5728=DIRECTION('',(0.,0.,-1.));
#5729=DIRECTION('',(-1.,0.,0.));
#5730=DIRECTION('',(0.,1.,0.));
#5731=DIRECTION('',(0.,0.,1.));
#5732=DIRECTION('',(-1.,0.,0.));
#5733=DIRECTION('',(0.,0.707106781186547,0.707106781186548));
#5734=DIRECTION('',(0.,-0.707106781186548,0.707106781186547));
#5735=DIRECTION('',(-1.,0.,0.));
#5736=DIRECTION('',(0.,0.,1.));
#5737=DIRECTION('',(1.,0.,0.));
#5738=DIRECTION('',(-1.,0.,0.));
#5739=DIRECTION('',(0.,-0.707106781186547,0.707106781186548));
#5740=DIRECTION('',(0.,-0.707106781186548,-0.707106781186547));
#5741=DIRECTION('',(-1.,0.,0.));
#5742=DIRECTION('',(0.,-1.,0.));
#5743=DIRECTION('',(0.,0.,-1.));
#5744=DIRECTION('',(-1.,0.,0.));
#5745=DIRECTION('',(0.,1.80700362080917E-16,-1.));
#5746=DIRECTION('',(0.,1.,1.80682292044709E-16));
#5747=DIRECTION('',(0.,-1.,0.));
#5748=DIRECTION('',(0.,0.,-1.));
#5749=DIRECTION('',(0.,1.,0.));
#5750=DIRECTION('',(0.,1.,0.));
#5751=DIRECTION('',(-1.,0.,0.));
#5752=DIRECTION('',(0.,0.,1.));
#5753=DIRECTION('',(1.,0.,0.));
#5754=DIRECTION('',(0.,-1.,0.));
#5755=DIRECTION('',(0.,-1.,0.));
#5756=DIRECTION('',(-1.,0.,0.));
#5757=DIRECTION('',(0.,0.,-1.));
#5758=DIRECTION('',(-1.,0.,0.));
#5759=DIRECTION('',(0.,0.,-1.));
#5760=DIRECTION('',(0.,0.707106781186548,-0.707106781186547));
#5761=DIRECTION('',(0.,1.,0.));
#5762=DIRECTION('',(0.,0.707106781186548,0.707106781186547));
#5763=DIRECTION('',(0.,0.,1.));
#5764=DIRECTION('',(0.,-1.,-1.80700362080917E-16));
#5765=DIRECTION('',(0.,0.,1.));
#5766=DIRECTION('',(1.,0.,0.));
#5767=DIRECTION('',(0.,0.,-1.));
#5768=DIRECTION('',(0.,0.,1.));
#5769=DIRECTION('',(0.,-1.,-1.80700362080917E-16));
#5770=DIRECTION('',(0.,0.,1.));
#5771=DIRECTION('',(0.,0.707106781186548,0.707106781186547));
#5772=DIRECTION('',(0.,1.,0.));
#5773=DIRECTION('',(0.,0.707106781186548,-0.707106781186547));
#5774=DIRECTION('',(0.,0.,-1.));
#5775=DIRECTION('',(1.,0.,0.));
#5776=DIRECTION('',(0.,0.,-1.));
#5777=DIRECTION('',(-1.,0.,0.));
#5778=DIRECTION('',(0.,1.,0.));
#5779=DIRECTION('',(0.,0.,1.));
#5780=DIRECTION('',(-1.,0.,0.));
#5781=DIRECTION('',(0.,0.707106781186547,0.707106781186548));
#5782=DIRECTION('',(0.,-0.707106781186548,0.707106781186547));
#5783=DIRECTION('',(-1.,0.,0.));
#5784=DIRECTION('',(0.,0.,1.));
#5785=DIRECTION('',(1.,0.,0.));
#5786=DIRECTION('',(-1.,0.,0.));
#5787=DIRECTION('',(0.,-0.707106781186547,0.707106781186548));
#5788=DIRECTION('',(0.,-0.707106781186548,-0.707106781186547));
#5789=DIRECTION('',(-1.,0.,0.));
#5790=DIRECTION('',(0.,-1.,0.));
#5791=DIRECTION('',(0.,0.,-1.));
#5792=DIRECTION('',(-1.,0.,0.));
#5793=DIRECTION('',(0.,1.80700362080917E-16,-1.));
#5794=DIRECTION('',(0.,1.,1.80682292044709E-16));
#5795=DIRECTION('',(0.,-1.,0.));
#5796=DIRECTION('',(0.,0.,-1.));
#5797=DIRECTION('',(0.,1.,0.));
#5798=DIRECTION('',(0.,1.,0.));
#5799=DIRECTION('',(-1.,0.,0.));
#5800=DIRECTION('',(0.,0.,1.));
#5801=DIRECTION('',(1.,0.,0.));
#5802=DIRECTION('',(0.,-1.,0.));
#5803=DIRECTION('',(0.,-1.,0.));
#5804=DIRECTION('',(-1.,0.,0.));
#5805=DIRECTION('',(0.,0.,-1.));
#5806=DIRECTION('',(-1.,0.,0.));
#5807=DIRECTION('',(0.,0.,-1.));
#5808=DIRECTION('',(0.,0.707106781186548,-0.707106781186547));
#5809=DIRECTION('',(0.,1.,0.));
#5810=DIRECTION('',(0.,0.707106781186548,0.707106781186547));
#5811=DIRECTION('',(0.,0.,1.));
#5812=DIRECTION('',(0.,-1.,-1.80700362080917E-16));
#5813=DIRECTION('',(0.,0.,1.));
#5814=DIRECTION('',(1.,0.,0.));
#5815=DIRECTION('',(0.,0.,-1.));
#5816=DIRECTION('',(0.,0.,1.));
#5817=DIRECTION('',(0.,-1.,-1.80700362080917E-16));
#5818=DIRECTION('',(0.,0.,1.));
#5819=DIRECTION('',(0.,0.707106781186548,0.707106781186547));
#5820=DIRECTION('',(0.,1.,0.));
#5821=DIRECTION('',(0.,0.707106781186548,-0.707106781186547));
#5822=DIRECTION('',(0.,0.,-1.));
#5823=DIRECTION('',(1.,0.,0.));
#5824=DIRECTION('',(0.,0.,-1.));
#5825=DIRECTION('',(-1.,0.,0.));
#5826=DIRECTION('',(0.,1.,0.));
#5827=DIRECTION('',(0.,0.,1.));
#5828=DIRECTION('',(-1.,0.,0.));
#5829=DIRECTION('',(0.,0.707106781186547,0.707106781186548));
#5830=DIRECTION('',(0.,-0.707106781186548,0.707106781186547));
#5831=DIRECTION('',(-1.,0.,0.));
#5832=DIRECTION('',(0.,0.,1.));
#5833=DIRECTION('',(1.,0.,0.));
#5834=DIRECTION('',(-1.,0.,0.));
#5835=DIRECTION('',(0.,-0.707106781186547,0.707106781186548));
#5836=DIRECTION('',(0.,-0.707106781186548,-0.707106781186547));
#5837=DIRECTION('',(-1.,0.,0.));
#5838=DIRECTION('',(0.,-1.,0.));
#5839=DIRECTION('',(0.,0.,-1.));
#5840=DIRECTION('',(-1.,0.,0.));
#5841=DIRECTION('',(0.,1.80700362080917E-16,-1.));
#5842=DIRECTION('',(0.,1.,1.80682292044709E-16));
#5843=DIRECTION('',(0.,-1.,0.));
#5844=DIRECTION('',(0.,0.,-1.));
#5845=DIRECTION('',(0.,1.,0.));
#5846=DIRECTION('',(0.,1.,0.));
#5847=DIRECTION('',(-1.,0.,0.));
#5848=DIRECTION('',(0.,0.,1.));
#5849=DIRECTION('',(1.,0.,0.));
#5850=DIRECTION('',(0.,-1.,0.));
#5851=DIRECTION('',(0.,-1.,0.));
#5852=DIRECTION('',(-1.,0.,0.));
#5853=DIRECTION('',(0.,0.,-1.));
#5854=DIRECTION('',(-1.,0.,0.));
#5855=DIRECTION('',(0.,0.,-1.));
#5856=DIRECTION('',(0.,0.707106781186548,-0.707106781186547));
#5857=DIRECTION('',(0.,1.,0.));
#5858=DIRECTION('',(0.,0.707106781186548,0.707106781186547));
#5859=DIRECTION('',(0.,0.,1.));
#5860=DIRECTION('',(0.,-1.,-1.80700362080917E-16));
#5861=DIRECTION('',(0.,0.,1.));
#5862=DIRECTION('',(1.,0.,0.));
#5863=DIRECTION('',(0.,0.,-1.));
#5864=DIRECTION('',(0.,0.,1.));
#5865=DIRECTION('',(0.,-1.,-1.80700362080917E-16));
#5866=DIRECTION('',(0.,0.,1.));
#5867=DIRECTION('',(0.,0.707106781186548,0.707106781186547));
#5868=DIRECTION('',(0.,1.,0.));
#5869=DIRECTION('',(0.,0.707106781186548,-0.707106781186547));
#5870=DIRECTION('',(0.,0.,-1.));
#5871=DIRECTION('',(1.,0.,0.));
#5872=DIRECTION('',(0.,0.,-1.));
#5873=DIRECTION('',(-1.,0.,0.));
#5874=DIRECTION('',(0.,1.,0.));
#5875=DIRECTION('',(0.,0.,1.));
#5876=DIRECTION('',(-1.,0.,0.));
#5877=DIRECTION('',(0.,0.707106781186547,0.707106781186548));
#5878=DIRECTION('',(0.,-0.707106781186548,0.707106781186547));
#5879=DIRECTION('',(-1.,0.,0.));
#5880=DIRECTION('',(0.,0.,1.));
#5881=DIRECTION('',(1.,0.,0.));
#5882=DIRECTION('',(-1.,0.,0.));
#5883=DIRECTION('',(0.,-0.707106781186547,0.707106781186548));
#5884=DIRECTION('',(0.,-0.707106781186548,-0.707106781186547));
#5885=DIRECTION('',(-1.,0.,0.));
#5886=DIRECTION('',(0.,-1.,0.));
#5887=DIRECTION('',(0.,0.,-1.));
#5888=DIRECTION('',(-1.,0.,0.));
#5889=DIRECTION('',(0.,1.80700362080917E-16,-1.));
#5890=DIRECTION('',(0.,1.,1.80682292044709E-16));
#5891=DIRECTION('',(0.,-1.,0.));
#5892=DIRECTION('',(0.,0.,-1.));
#5893=CARTESIAN_POINT('',(0.,0.,0.));
#5894=CARTESIAN_POINT('',(3.275,1.,-3.56000000000007));
#5895=CARTESIAN_POINT('',(3.275,1.,-8.67361737988404E-16));
#5896=CARTESIAN_POINT('',(3.275,1.,0.2));
#5897=CARTESIAN_POINT('',(5.25,1.,-8.67361737988404E-16));
#5898=CARTESIAN_POINT('',(4.55,1.,-8.67361737988404E-16));
#5899=CARTESIAN_POINT('',(4.55,1.,-0.200000000000006));
#5900=CARTESIAN_POINT('',(4.55,1.,-0.200000000000006));
#5901=CARTESIAN_POINT('',(5.05,1.,-0.200000000000006));
#5902=CARTESIAN_POINT('',(5.05,1.,-0.200000000000006));
#5903=CARTESIAN_POINT('',(5.05,1.,-0.200000000000006));
#5904=CARTESIAN_POINT('',(5.05,1.,-8.67361737988404E-16));
#5905=CARTESIAN_POINT('',(5.25,1.,-8.67361737988404E-16));
#5906=CARTESIAN_POINT('',(5.25,1.,-8.67361737988404E-16));
#5907=CARTESIAN_POINT('',(5.25,1.,3.2));
#5908=CARTESIAN_POINT('',(5.25,1.,2.8));
#5909=CARTESIAN_POINT('',(-5.25,1.,2.8));
#5910=CARTESIAN_POINT('',(4.95,1.,2.8));
#5911=CARTESIAN_POINT('',(4.95,1.,3.2));
#5912=CARTESIAN_POINT('',(4.95,1.,2.025));
#5913=CARTESIAN_POINT('',(4.95,1.,1.175));
#5914=CARTESIAN_POINT('',(4.95,1.,1.175));
#5915=CARTESIAN_POINT('',(4.95,1.,3.2));
#5916=CARTESIAN_POINT('',(4.95,1.,0.2));
#5917=CARTESIAN_POINT('',(5.25,1.,0.200000000000001));
#5918=CARTESIAN_POINT('',(5.25,1.,3.2));
#5919=CARTESIAN_POINT('',(-4.65,1.2,0.399999999999999));
#5920=CARTESIAN_POINT('',(3.275,1.20000000000001,0.400000000000002));
#5921=CARTESIAN_POINT('',(4.65,1.2,0.4));
#5922=CARTESIAN_POINT('',(3.275,1.2,0.4));
#5923=CARTESIAN_POINT('',(4.65,1.2,0.4));
#5924=CARTESIAN_POINT('',(-4.65,1.2,0.399999999999999));
#5925=CARTESIAN_POINT('',(5.25,1.,0.200000000000001));
#5926=CARTESIAN_POINT('',(2.975,1.,0.2));
#5927=CARTESIAN_POINT('',(-2.975,1.,0.199999999999999));
#5928=CARTESIAN_POINT('',(2.975,1.2,0.399999999999997));
#5929=CARTESIAN_POINT('',(2.975,1.2,0.4));
#5930=CARTESIAN_POINT('',(-4.65,1.2,0.399999999999999));
#5931=CARTESIAN_POINT('',(-2.975,1.2,0.399999999999998));
#5932=CARTESIAN_POINT('',(-2.975,1.2,0.4));
#5933=CARTESIAN_POINT('',(-4.65,1.2,0.399999999999999));
#5934=CARTESIAN_POINT('',(5.25,1.,-8.67361737988404E-16));
#5935=CARTESIAN_POINT('',(2.975,1.,-4.33680868994202E-16));
#5936=CARTESIAN_POINT('',(-2.975,1.,-4.33680868994202E-16));
#5937=CARTESIAN_POINT('',(2.975,1.,-3.56000000000007));
#5938=CARTESIAN_POINT('',(-2.975,1.,-3.56));
#5939=CARTESIAN_POINT('',(5.25,1.,3.2));
#5940=CARTESIAN_POINT('',(2.975,2.45,-4.33680868994202E-16));
#5941=CARTESIAN_POINT('',(2.575,2.45,-4.33680868994202E-16));
#5942=CARTESIAN_POINT('',(2.975,2.45,-4.33680868994202E-16));
#5943=CARTESIAN_POINT('',(2.975,0.999999999999999,-8.67361737988404E-16));
#5944=CARTESIAN_POINT('',(-2.975,0.999999999999999,-8.67361737988404E-16));
#5945=CARTESIAN_POINT('',(-2.975,2.45,-4.33680868994202E-16));
#5946=CARTESIAN_POINT('',(-2.975,2.45,-4.33680868994202E-16));
#5947=CARTESIAN_POINT('',(-2.575,2.45,-4.33680868994202E-16));
#5948=CARTESIAN_POINT('',(-2.575,2.45,-4.33680868994202E-16));
#5949=CARTESIAN_POINT('',(-2.575,3.6,0.));
#5950=CARTESIAN_POINT('',(-2.575,3.6,0.));
#5951=CARTESIAN_POINT('',(-3.675,3.6,0.));
#5952=CARTESIAN_POINT('',(-3.675,3.6,0.));
#5953=CARTESIAN_POINT('',(-3.675,2.45,-4.33680868994202E-16));
#5954=CARTESIAN_POINT('',(-3.675,2.45,-4.33680868994202E-16));
#5955=CARTESIAN_POINT('',(-3.275,2.45,-8.67361737988404E-16));
#5956=CARTESIAN_POINT('',(-3.275,2.45,-4.33680868994202E-16));
#5957=CARTESIAN_POINT('',(-3.275,1.,-8.67361737988404E-16));
#5958=CARTESIAN_POINT('',(5.25,1.,-8.67361737988404E-16));
#5959=CARTESIAN_POINT('',(-4.55,1.,-8.67361737988404E-16));
#5960=CARTESIAN_POINT('',(-4.55,2.,-4.701596255176E-15));
#5961=CARTESIAN_POINT('',(-4.55,2.,-4.701596255176E-15));
#5962=CARTESIAN_POINT('',(-5.05,2.,-4.701596255176E-15));
#5963=CARTESIAN_POINT('',(-5.05,2.,-4.701596255176E-15));
#5964=CARTESIAN_POINT('',(-5.05,1.,-6.41153796721028E-15));
#5965=CARTESIAN_POINT('',(-5.05,1.,-8.67361737988404E-16));
#5966=CARTESIAN_POINT('',(5.25,1.,-8.67361737988404E-16));
#5967=CARTESIAN_POINT('',(-5.25,1.,-8.67361737988404E-16));
#5968=CARTESIAN_POINT('',(-5.25,1.,-6.66133814775094E-16));
#5969=CARTESIAN_POINT('',(-5.25,5.2,7.70217223333702E-16));
#5970=CARTESIAN_POINT('',(5.25,5.2,7.70217223333702E-16));
#5971=CARTESIAN_POINT('',(-5.05,5.2,7.70217223333702E-16));
#5972=CARTESIAN_POINT('',(-5.05,4.2,-9.39724488700577E-16));
#5973=CARTESIAN_POINT('',(-5.05,4.2,-9.39724488700577E-16));
#5974=CARTESIAN_POINT('',(-4.55,4.2,-9.39724488700577E-16));
#5975=CARTESIAN_POINT('',(-4.55,4.2,4.28228880926846E-16));
#5976=CARTESIAN_POINT('',(-4.55,5.2,7.70217223333702E-16));
#5977=CARTESIAN_POINT('',(-4.55,5.2,7.70217223333702E-16));
#5978=CARTESIAN_POINT('',(5.25,5.2,7.70217223333702E-16));
#5979=CARTESIAN_POINT('',(4.55,5.2,7.70217223333702E-16));
#5980=CARTESIAN_POINT('',(4.55,4.2,-9.39724488700578E-16));
#5981=CARTESIAN_POINT('',(4.55,4.2,-9.39724488700578E-16));
#5982=CARTESIAN_POINT('',(5.05,4.2,-9.39724488700578E-16));
#5983=CARTESIAN_POINT('',(5.05,4.2,4.28228880926846E-16));
#5984=CARTESIAN_POINT('',(5.05,5.2,7.70217223333702E-16));
#5985=CARTESIAN_POINT('',(5.05,5.2,7.70217223333702E-16));
#5986=CARTESIAN_POINT('',(5.25,5.2,7.70217223333702E-16));
#5987=CARTESIAN_POINT('',(5.25,5.2,7.70217223333702E-16));
#5988=CARTESIAN_POINT('',(5.25,1.,-6.66133814775094E-16));
#5989=CARTESIAN_POINT('',(5.05,2.,-4.701596255176E-15));
#5990=CARTESIAN_POINT('',(5.05,2.,-4.701596255176E-15));
#5991=CARTESIAN_POINT('',(4.55,2.,-4.701596255176E-15));
#5992=CARTESIAN_POINT('',(4.55,2.,-3.24145472368238E-16));
#5993=CARTESIAN_POINT('',(4.55,1.,-6.41153796721028E-15));
#5994=CARTESIAN_POINT('',(3.275,2.45,-4.33680868994202E-16));
#5995=CARTESIAN_POINT('',(3.275,2.45,-8.67361737988404E-16));
#5996=CARTESIAN_POINT('',(3.675,2.45,-4.33680868994202E-16));
#5997=CARTESIAN_POINT('',(3.675,2.45,-4.33680868994202E-16));
#5998=CARTESIAN_POINT('',(3.675,3.6,0.));
#5999=CARTESIAN_POINT('',(3.675,3.6,0.));
#6000=CARTESIAN_POINT('',(2.575,3.6,0.));
#6001=CARTESIAN_POINT('',(2.575,3.6,0.));
#6002=CARTESIAN_POINT('',(2.575,2.45,-4.33680868994202E-16));
#6003=CARTESIAN_POINT('',(5.25,1.,-6.66133814775094E-16));
#6004=CARTESIAN_POINT('',(3.675,2.45,0.400000000000003));
#6005=CARTESIAN_POINT('',(3.675,2.45,0.400000000000003));
#6006=CARTESIAN_POINT('',(3.275,2.45,0.400000000000002));
#6007=CARTESIAN_POINT('',(3.275,2.45,0.400000000000002));
#6008=CARTESIAN_POINT('',(4.65,3.95,0.4));
#6009=CARTESIAN_POINT('',(4.65,3.95,0.4));
#6010=CARTESIAN_POINT('',(-4.65,3.95,0.399999999999999));
#6011=CARTESIAN_POINT('',(-4.65,3.95,0.399999999999999));
#6012=CARTESIAN_POINT('',(-4.65,3.95,0.399999999999999));
#6013=CARTESIAN_POINT('',(-4.65,1.2,0.399999999999999));
#6014=CARTESIAN_POINT('',(-4.65,1.2,0.399999999999999));
#6015=CARTESIAN_POINT('',(-3.275,1.2,0.399999999999998));
#6016=CARTESIAN_POINT('',(-3.275,2.45,0.399999999999998));
#6017=CARTESIAN_POINT('',(-3.275,2.45,0.399999999999998));
#6018=CARTESIAN_POINT('',(-3.675,2.45,0.399999999999998));
#6019=CARTESIAN_POINT('',(-3.675,2.45,0.399999999999998));
#6020=CARTESIAN_POINT('',(-3.675,3.6,0.399999999999998));
#6021=CARTESIAN_POINT('',(-3.675,3.6,0.399999999999998));
#6022=CARTESIAN_POINT('',(-2.575,3.6,0.399999999999999));
#6023=CARTESIAN_POINT('',(-2.575,3.6,0.399999999999999));
#6024=CARTESIAN_POINT('',(-2.575,2.45,0.399999999999999));
#6025=CARTESIAN_POINT('',(-2.575,2.45,0.399999999999999));
#6026=CARTESIAN_POINT('',(-2.975,2.45,0.399999999999998));
#6027=CARTESIAN_POINT('',(-2.975,2.45,0.399999999999998));
#6028=CARTESIAN_POINT('',(-2.975,1.,0.399999999999998));
#6029=CARTESIAN_POINT('',(2.975,1.,0.400000000000002));
#6030=CARTESIAN_POINT('',(2.975,2.45,0.400000000000002));
#6031=CARTESIAN_POINT('',(2.975,2.45,0.400000000000002));
#6032=CARTESIAN_POINT('',(2.575,2.45,0.400000000000002));
#6033=CARTESIAN_POINT('',(2.575,2.45,0.400000000000002));
#6034=CARTESIAN_POINT('',(2.575,3.6,0.400000000000002));
#6035=CARTESIAN_POINT('',(2.575,3.6,0.400000000000002));
#6036=CARTESIAN_POINT('',(3.675,3.6,0.400000000000003));
#6037=CARTESIAN_POINT('',(3.675,3.6,0.400000000000003));
#6038=CARTESIAN_POINT('',(-4.65,3.95,0.399999999999999));
#6039=CARTESIAN_POINT('',(-3.275,1.2,0.399999999999999));
#6040=CARTESIAN_POINT('',(-3.275,1.,0.2));
#6041=CARTESIAN_POINT('',(-4.39411764705882,1.37058823529412,0.570588235294116));
#6042=CARTESIAN_POINT('',(-4.95,1.,0.199999999999999));
#6043=CARTESIAN_POINT('',(5.25,1.,0.200000000000001));
#6044=CARTESIAN_POINT('',(-4.65,1.2,0.399999999999999));
#6045=CARTESIAN_POINT('',(-5.25,2.,2.8));
#6046=CARTESIAN_POINT('',(-5.25,2.,2.8));
#6047=CARTESIAN_POINT('',(-5.25,1.,2.8));
#6048=CARTESIAN_POINT('',(-5.25,2.,2.8));
#6049=CARTESIAN_POINT('',(-5.25,2.,3.2));
#6050=CARTESIAN_POINT('',(-5.25,5.2,3.2));
#6051=CARTESIAN_POINT('',(-5.25,5.2,3.2));
#6052=CARTESIAN_POINT('',(-5.25,5.2,8.88178419700125E-16));
#6053=CARTESIAN_POINT('',(-5.25,1.,3.2));
#6054=CARTESIAN_POINT('',(-5.25,4.19999999999999,2.5));
#6055=CARTESIAN_POINT('',(-5.25,4.19999999999999,2.5));
#6056=CARTESIAN_POINT('',(-5.25,4.2,0.100000000000001));
#6057=CARTESIAN_POINT('',(-5.25,1.39999999999999,2.5));
#6058=CARTESIAN_POINT('',(-5.25,1.39999999999999,2.5));
#6059=CARTESIAN_POINT('',(-5.25,1.39999999999999,2.5));
#6060=CARTESIAN_POINT('',(-5.25,1.4,0.100000000000001));
#6061=CARTESIAN_POINT('',(-5.25,1.4,0.100000000000001));
#6062=CARTESIAN_POINT('',(-5.25,0.,0.));
#6063=CARTESIAN_POINT('',(-3.275,1.,-3.56));
#6064=CARTESIAN_POINT('',(-4.95,1.,3.2));
#6065=CARTESIAN_POINT('',(-4.95,1.,1.175));
#6066=CARTESIAN_POINT('',(-4.95,1.,2.025));
#6067=CARTESIAN_POINT('',(-4.95,1.,2.025));
#6068=CARTESIAN_POINT('',(-4.95,1.,3.2));
#6069=CARTESIAN_POINT('',(-4.95,1.,2.8));
#6070=CARTESIAN_POINT('',(-5.25,1.,2.8));
#6071=CARTESIAN_POINT('',(-5.05,1.,-0.200000000000006));
#6072=CARTESIAN_POINT('',(-5.05,1.,-0.200000000000006));
#6073=CARTESIAN_POINT('',(-4.55,1.,-0.200000000000006));
#6074=CARTESIAN_POINT('',(-4.55,1.,-0.200000000000006));
#6075=CARTESIAN_POINT('',(-4.55,1.,-0.200000000000006));
#6076=CARTESIAN_POINT('',(5.25,1.,3.2));
#6077=CARTESIAN_POINT('',(5.25,2.,3.2));
#6078=CARTESIAN_POINT('',(5.25,2.,3.2));
#6079=CARTESIAN_POINT('',(4.3,2.,3.2));
#6080=CARTESIAN_POINT('',(5.25,5.2,3.2));
#6081=CARTESIAN_POINT('',(5.25,5.2,3.2));
#6082=CARTESIAN_POINT('',(5.25,5.2,3.2));
#6083=CARTESIAN_POINT('',(-4.3,2.,3.2));
#6084=CARTESIAN_POINT('',(-4.3,2.,3.2));
#6085=CARTESIAN_POINT('',(-4.3,2.6,3.2));
#6086=CARTESIAN_POINT('',(-4.3,2.6,3.2));
#6087=CARTESIAN_POINT('',(4.3,2.6,3.2));
#6088=CARTESIAN_POINT('',(4.3,2.6,3.2));
#6089=CARTESIAN_POINT('',(4.3,2.,3.2));
#6090=CARTESIAN_POINT('',(5.25,5.2,3.2));
#6091=CARTESIAN_POINT('',(5.25,5.2,0.600000000000001));
#6092=CARTESIAN_POINT('',(2.66,5.2,0.600000000000001));
#6093=CARTESIAN_POINT('',(2.34,5.2,0.600000000000001));
#6094=CARTESIAN_POINT('',(2.66,5.2,8.88178419700125E-16));
#6095=CARTESIAN_POINT('',(2.66,5.2,1.175));
#6096=CARTESIAN_POINT('',(5.25,5.2,1.175));
#6097=CARTESIAN_POINT('',(2.34,5.2,1.175));
#6098=CARTESIAN_POINT('',(2.34,5.2,8.88178419700125E-16));
#6099=CARTESIAN_POINT('',(5.25,5.2,0.600000000000001));
#6100=CARTESIAN_POINT('',(1.41,5.2,0.600000000000001));
#6101=CARTESIAN_POINT('',(1.09,5.2,0.600000000000001));
#6102=CARTESIAN_POINT('',(1.41,5.2,8.88178419700125E-16));
#6103=CARTESIAN_POINT('',(1.41,5.2,1.175));
#6104=CARTESIAN_POINT('',(5.25,5.2,1.175));
#6105=CARTESIAN_POINT('',(1.09,5.2,1.175));
#6106=CARTESIAN_POINT('',(1.09,5.2,8.88178419700125E-16));
#6107=CARTESIAN_POINT('',(5.25,5.2,0.600000000000001));
#6108=CARTESIAN_POINT('',(0.16,5.2,0.600000000000001));
#6109=CARTESIAN_POINT('',(-0.16,5.2,0.600000000000001));
#6110=CARTESIAN_POINT('',(0.16,5.2,8.88178419700125E-16));
#6111=CARTESIAN_POINT('',(0.16,5.2,1.175));
#6112=CARTESIAN_POINT('',(5.25,5.2,1.175));
#6113=CARTESIAN_POINT('',(-0.16,5.2,1.175));
#6114=CARTESIAN_POINT('',(-0.16,5.2,8.88178419700125E-16));
#6115=CARTESIAN_POINT('',(5.25,5.2,0.600000000000001));
#6116=CARTESIAN_POINT('',(-1.09,5.2,0.600000000000001));
#6117=CARTESIAN_POINT('',(-1.41,5.2,0.600000000000001));
#6118=CARTESIAN_POINT('',(-1.09,5.2,8.88178419700125E-16));
#6119=CARTESIAN_POINT('',(-1.09,5.2,1.175));
#6120=CARTESIAN_POINT('',(5.25,5.2,1.175));
#6121=CARTESIAN_POINT('',(-1.41,5.2,1.175));
#6122=CARTESIAN_POINT('',(-1.41,5.2,8.88178419700125E-16));
#6123=CARTESIAN_POINT('',(5.25,5.2,0.600000000000001));
#6124=CARTESIAN_POINT('',(-2.34,5.2,0.600000000000001));
#6125=CARTESIAN_POINT('',(-2.66,5.2,0.600000000000001));
#6126=CARTESIAN_POINT('',(-2.34,5.2,8.88178419700125E-16));
#6127=CARTESIAN_POINT('',(-2.34,5.2,1.175));
#6128=CARTESIAN_POINT('',(5.25,5.2,1.175));
#6129=CARTESIAN_POINT('',(-2.66,5.2,1.175));
#6130=CARTESIAN_POINT('',(-2.66,5.2,8.88178419700125E-16));
#6131=CARTESIAN_POINT('',(5.25,5.2,0.600000000000001));
#6132=CARTESIAN_POINT('',(-3.59,5.2,0.600000000000001));
#6133=CARTESIAN_POINT('',(-3.91,5.2,0.600000000000001));
#6134=CARTESIAN_POINT('',(-3.59,5.2,8.88178419700125E-16));
#6135=CARTESIAN_POINT('',(-3.59,5.2,1.175));
#6136=CARTESIAN_POINT('',(5.25,5.2,1.175));
#6137=CARTESIAN_POINT('',(-3.91,5.2,1.175));
#6138=CARTESIAN_POINT('',(-3.91,5.2,8.88178419700125E-16));
#6139=CARTESIAN_POINT('',(5.25,5.2,0.600000000000001));
#6140=CARTESIAN_POINT('',(3.91,5.2,0.600000000000001));
#6141=CARTESIAN_POINT('',(3.59,5.2,0.600000000000001));
#6142=CARTESIAN_POINT('',(3.91,5.2,8.88178419700125E-16));
#6143=CARTESIAN_POINT('',(3.91,5.2,1.175));
#6144=CARTESIAN_POINT('',(5.25,5.2,1.175));
#6145=CARTESIAN_POINT('',(3.59,5.2,1.175));
#6146=CARTESIAN_POINT('',(3.59,5.2,8.88178419700125E-16));
#6147=CARTESIAN_POINT('',(5.25,5.2,8.88178419700125E-16));
#6148=CARTESIAN_POINT('',(5.05,5.2,-0.199999999999999));
#6149=CARTESIAN_POINT('',(5.05,5.2,-0.199999999999999));
#6150=CARTESIAN_POINT('',(4.55,5.2,-0.199999999999999));
#6151=CARTESIAN_POINT('',(4.55,5.2,-0.199999999999999));
#6152=CARTESIAN_POINT('',(4.55,5.2,-0.199999999999999));
#6153=CARTESIAN_POINT('',(-4.55,5.2,-0.199999999999999));
#6154=CARTESIAN_POINT('',(-4.55,5.2,-0.199999999999999));
#6155=CARTESIAN_POINT('',(-5.05,5.2,-0.199999999999999));
#6156=CARTESIAN_POINT('',(-5.05,5.2,-0.199999999999999));
#6157=CARTESIAN_POINT('',(-5.05,5.2,-0.199999999999999));
#6158=CARTESIAN_POINT('',(5.25,5.2,8.88178419700125E-16));
#6159=CARTESIAN_POINT('',(5.25,4.2,0.100000000000001));
#6160=CARTESIAN_POINT('',(5.25,4.2,0.100000000000001));
#6161=CARTESIAN_POINT('',(5.25,4.19999999999999,2.5));
#6162=CARTESIAN_POINT('',(5.25,1.4,0.100000000000001));
#6163=CARTESIAN_POINT('',(5.25,1.4,0.100000000000001));
#6164=CARTESIAN_POINT('',(5.25,1.4,0.100000000000001));
#6165=CARTESIAN_POINT('',(5.25,1.39999999999999,2.5));
#6166=CARTESIAN_POINT('',(5.25,1.39999999999999,2.5));
#6167=CARTESIAN_POINT('',(5.25,1.,2.8));
#6168=CARTESIAN_POINT('',(5.25,2.,2.8));
#6169=CARTESIAN_POINT('',(5.25,2.,2.8));
#6170=CARTESIAN_POINT('',(5.25,0.,0.));
#6171=CARTESIAN_POINT('',(-5.05,2.,-0.200000000000005));
#6172=CARTESIAN_POINT('',(-5.05,2.,-0.200000000000005));
#6173=CARTESIAN_POINT('',(-5.05,1.,-0.200000000000006));
#6174=CARTESIAN_POINT('',(-5.05,1.,-0.200000000000006));
#6175=CARTESIAN_POINT('',(-4.55,2.,-0.200000000000005));
#6176=CARTESIAN_POINT('',(-4.55,2.,-0.200000000000005));
#6177=CARTESIAN_POINT('',(-5.05,2.,-0.200000000000005));
#6178=CARTESIAN_POINT('',(-5.05,2.,-0.200000000000005));
#6179=CARTESIAN_POINT('',(-4.55,2.,-0.200000000000005));
#6180=CARTESIAN_POINT('',(-4.55,2.,-0.200000000000005));
#6181=CARTESIAN_POINT('',(0.,1.38872568669791E-29,-0.200000000000008));
#6182=CARTESIAN_POINT('',(-5.05,4.2,-0.200000000000001));
#6183=CARTESIAN_POINT('',(-5.05,4.2,-0.200000000000001));
#6184=CARTESIAN_POINT('',(-5.05,4.2,-0.200000000000001));
#6185=CARTESIAN_POINT('',(-5.05,4.2,-0.200000000000001));
#6186=CARTESIAN_POINT('',(-4.55,4.2,-0.200000000000001));
#6187=CARTESIAN_POINT('',(-4.55,4.2,-0.200000000000001));
#6188=CARTESIAN_POINT('',(-4.55,5.2,-0.199999999999999));
#6189=CARTESIAN_POINT('',(-4.55,5.2,-0.199999999999999));
#6190=CARTESIAN_POINT('',(-4.55,4.2,-0.200000000000001));
#6191=CARTESIAN_POINT('',(-4.55,4.2,-0.200000000000001));
#6192=CARTESIAN_POINT('',(0.,1.38872568669791E-29,-0.200000000000008));
#6193=CARTESIAN_POINT('',(4.55,2.,-0.200000000000005));
#6194=CARTESIAN_POINT('',(4.55,2.,-0.200000000000005));
#6195=CARTESIAN_POINT('',(4.55,1.,-0.200000000000006));
#6196=CARTESIAN_POINT('',(4.55,1.,-0.200000000000006));
#6197=CARTESIAN_POINT('',(5.05,2.,-0.200000000000005));
#6198=CARTESIAN_POINT('',(5.05,2.,-0.200000000000005));
#6199=CARTESIAN_POINT('',(4.55,2.,-0.200000000000005));
#6200=CARTESIAN_POINT('',(4.55,2.,-0.200000000000005));
#6201=CARTESIAN_POINT('',(5.05,2.,-0.200000000000005));
#6202=CARTESIAN_POINT('',(5.05,2.,-0.200000000000005));
#6203=CARTESIAN_POINT('',(0.,1.38872568669791E-29,-0.200000000000008));
#6204=CARTESIAN_POINT('',(4.55,4.2,-0.200000000000001));
#6205=CARTESIAN_POINT('',(4.55,4.2,-0.200000000000001));
#6206=CARTESIAN_POINT('',(4.55,4.2,-0.200000000000001));
#6207=CARTESIAN_POINT('',(4.55,4.2,-0.200000000000001));
#6208=CARTESIAN_POINT('',(5.05,4.2,-0.200000000000001));
#6209=CARTESIAN_POINT('',(5.05,4.2,-0.200000000000001));
#6210=CARTESIAN_POINT('',(5.05,5.2,-0.199999999999999));
#6211=CARTESIAN_POINT('',(5.05,5.2,-0.199999999999999));
#6212=CARTESIAN_POINT('',(5.05,4.2,-0.200000000000001));
#6213=CARTESIAN_POINT('',(5.05,4.2,-0.200000000000001));
#6214=CARTESIAN_POINT('',(0.,1.3887256866979E-29,-0.200000000000008));
#6215=CARTESIAN_POINT('',(-4.95,3.95,1.175));
#6216=CARTESIAN_POINT('',(-4.95,3.95,1.175));
#6217=CARTESIAN_POINT('',(-4.95,3.95,2.025));
#6218=CARTESIAN_POINT('',(-4.95,3.95,2.025));
#6219=CARTESIAN_POINT('',(-4.95,3.95,2.025));
#6220=CARTESIAN_POINT('',(-4.95,3.95,2.025));
#6221=CARTESIAN_POINT('',(-4.6729947702069,1.1846701531954,1.24912435000075));
#6222=CARTESIAN_POINT('',(-4.77584969837962,1.11610020108025,1.2216012064815));
#6223=CARTESIAN_POINT('',(-4.77584969837962,3.95,1.2216012064815));
#6224=CARTESIAN_POINT('',(-4.77584969837962,3.95,1.2216012064815));
#6225=CARTESIAN_POINT('',(-4.95,3.95,1.175));
#6226=CARTESIAN_POINT('',(-4.95,3.95,1.175));
#6227=CARTESIAN_POINT('',(-4.75,1.13333333333333,1.125));
#6228=CARTESIAN_POINT('',(-4.65,1.2,1.125));
#6229=CARTESIAN_POINT('',(-4.65,3.95,1.125));
#6230=CARTESIAN_POINT('',(-4.65,3.95,1.125));
#6231=CARTESIAN_POINT('',(-4.75,3.95,1.125));
#6232=CARTESIAN_POINT('',(-4.75,3.95,1.125));
#6233=CARTESIAN_POINT('',(-4.65,1.2,1.125));
#6234=CARTESIAN_POINT('',(-4.65,3.95,1.125));
#6235=CARTESIAN_POINT('',(-4.65,3.95,1.125));
#6236=CARTESIAN_POINT('',(4.65,1.2,0.4));
#6237=CARTESIAN_POINT('',(4.65,1.2,1.125));
#6238=CARTESIAN_POINT('',(4.65,3.95,1.125));
#6239=CARTESIAN_POINT('',(4.65,3.95,1.125));
#6240=CARTESIAN_POINT('',(4.65,3.95,0.4));
#6241=CARTESIAN_POINT('',(4.65,3.95,0.4));
#6242=CARTESIAN_POINT('',(4.75,1.13333333333333,1.125));
#6243=CARTESIAN_POINT('',(4.77584969837963,1.11610020108025,1.22160120648151));
#6244=CARTESIAN_POINT('',(4.77584969837963,3.95,1.22160120648151));
#6245=CARTESIAN_POINT('',(4.77584969837963,3.95,1.22160120648151));
#6246=CARTESIAN_POINT('',(4.75,3.95,1.125));
#6247=CARTESIAN_POINT('',(4.75,3.95,1.125));
#6248=CARTESIAN_POINT('',(4.8009616120572,1.0993589252952,1.21488146230911));
#6249=CARTESIAN_POINT('',(4.95,3.95,1.175));
#6250=CARTESIAN_POINT('',(4.95,3.95,1.175));
#6251=CARTESIAN_POINT('',(4.77584969837963,3.95,1.22160120648151));
#6252=CARTESIAN_POINT('',(4.77584969837963,3.95,1.22160120648151));
#6253=CARTESIAN_POINT('',(4.95,3.95,2.025));
#6254=CARTESIAN_POINT('',(4.95,3.95,2.025));
#6255=CARTESIAN_POINT('',(4.95,3.95,1.175));
#6256=CARTESIAN_POINT('',(4.95,3.95,1.175));
#6257=CARTESIAN_POINT('',(4.6729947702069,1.1846701531954,1.95087564999925));
#6258=CARTESIAN_POINT('',(4.77584969837963,1.11610020108025,1.97839879351849));
#6259=CARTESIAN_POINT('',(4.77584969837963,3.95,1.97839879351849));
#6260=CARTESIAN_POINT('',(4.77584969837963,3.95,1.97839879351849));
#6261=CARTESIAN_POINT('',(4.95,3.95,2.025));
#6262=CARTESIAN_POINT('',(4.95,3.95,2.025));
#6263=CARTESIAN_POINT('',(4.75,1.13333333333333,2.075));
#6264=CARTESIAN_POINT('',(4.65,1.2,2.075));
#6265=CARTESIAN_POINT('',(4.65,3.95,2.075));
#6266=CARTESIAN_POINT('',(4.65,3.95,2.075));
#6267=CARTESIAN_POINT('',(4.75,3.95,2.075));
#6268=CARTESIAN_POINT('',(4.75,3.95,2.075));
#6269=CARTESIAN_POINT('',(4.65,1.2,2.075));
#6270=CARTESIAN_POINT('',(4.65,1.2,2.8));
#6271=CARTESIAN_POINT('',(4.65,3.95,2.8));
#6272=CARTESIAN_POINT('',(4.65,2.,2.8));
#6273=CARTESIAN_POINT('',(4.65,2.,2.8));
#6274=CARTESIAN_POINT('',(4.65,2.,3.));
#6275=CARTESIAN_POINT('',(4.65,3.4375,1.5625));
#6276=CARTESIAN_POINT('',(4.65,2.2,2.8));
#6277=CARTESIAN_POINT('',(4.65,3.95,2.8));
#6278=CARTESIAN_POINT('',(4.65,3.95,2.8));
#6279=CARTESIAN_POINT('',(4.65,3.95,2.075));
#6280=CARTESIAN_POINT('',(4.65,3.95,2.075));
#6281=CARTESIAN_POINT('',(-4.3,2.6,2.8));
#6282=CARTESIAN_POINT('',(-4.3,2.8,2.8));
#6283=CARTESIAN_POINT('',(-4.3,2.2,2.8));
#6284=CARTESIAN_POINT('',(4.65,2.2,2.8));
#6285=CARTESIAN_POINT('',(-4.65,2.2,2.8));
#6286=CARTESIAN_POINT('',(-4.65,3.95,2.8));
#6287=CARTESIAN_POINT('',(-4.65,3.95,2.8));
#6288=CARTESIAN_POINT('',(4.65,3.95,2.8));
#6289=CARTESIAN_POINT('',(4.65,2.2,2.8));
#6290=CARTESIAN_POINT('',(4.3,2.2,2.8));
#6291=CARTESIAN_POINT('',(4.3,2.,2.8));
#6292=CARTESIAN_POINT('',(4.3,2.8,2.8));
#6293=CARTESIAN_POINT('',(4.65,2.8,2.8));
#6294=CARTESIAN_POINT('',(4.65,3.95,2.8));
#6295=CARTESIAN_POINT('',(-4.65,3.95,2.8));
#6296=CARTESIAN_POINT('',(-4.65,1.2,2.8));
#6297=CARTESIAN_POINT('',(-4.65,2.,2.8));
#6298=CARTESIAN_POINT('',(-4.65,1.2,2.8));
#6299=CARTESIAN_POINT('',(-4.65,1.2,2.075));
#6300=CARTESIAN_POINT('',(-4.65,3.95,2.075));
#6301=CARTESIAN_POINT('',(-4.65,3.95,2.075));
#6302=CARTESIAN_POINT('',(-4.65,3.95,2.8));
#6303=CARTESIAN_POINT('',(-4.65,3.075,1.925));
#6304=CARTESIAN_POINT('',(-4.65,2.,3.));
#6305=CARTESIAN_POINT('',(-4.65,2.,2.8));
#6306=CARTESIAN_POINT('',(-4.65,3.95,2.8));
#6307=CARTESIAN_POINT('',(-4.75,1.13333333333333,2.075));
#6308=CARTESIAN_POINT('',(-4.77584969837962,1.11610020108025,1.97839879351849));
#6309=CARTESIAN_POINT('',(-4.77584969837962,3.95,1.97839879351849));
#6310=CARTESIAN_POINT('',(-4.77584969837962,3.95,1.97839879351849));
#6311=CARTESIAN_POINT('',(-4.75,3.95,2.075));
#6312=CARTESIAN_POINT('',(-4.75,3.95,2.075));
#6313=CARTESIAN_POINT('',(-4.80096161205719,1.09935892529521,1.98511853769089));
#6314=CARTESIAN_POINT('',(-4.77584969837962,3.95,1.97839879351849));
#6315=CARTESIAN_POINT('',(-4.77584969837962,3.95,1.97839879351849));
#6316=CARTESIAN_POINT('',(-4.75,3.95,1.525));
#6317=CARTESIAN_POINT('',(2.66,3.95,1.525));
#6318=CARTESIAN_POINT('',(2.34,3.95,1.525));
#6319=CARTESIAN_POINT('',(2.66,3.95,1.125));
#6320=CARTESIAN_POINT('',(2.66,3.95,0.774999999999999));
#6321=CARTESIAN_POINT('',(-4.75,3.95,0.774999999999999));
#6322=CARTESIAN_POINT('',(2.34,3.95,0.774999999999999));
#6323=CARTESIAN_POINT('',(2.34,3.95,1.125));
#6324=CARTESIAN_POINT('',(-4.75,3.95,1.525));
#6325=CARTESIAN_POINT('',(1.41,3.95,1.525));
#6326=CARTESIAN_POINT('',(1.09,3.95,1.525));
#6327=CARTESIAN_POINT('',(1.41,3.95,1.125));
#6328=CARTESIAN_POINT('',(1.41,3.95,0.774999999999999));
#6329=CARTESIAN_POINT('',(-4.75,3.95,0.774999999999999));
#6330=CARTESIAN_POINT('',(1.09,3.95,0.774999999999999));
#6331=CARTESIAN_POINT('',(1.09,3.95,1.125));
#6332=CARTESIAN_POINT('',(-4.75,3.95,1.525));
#6333=CARTESIAN_POINT('',(0.16,3.95,1.525));
#6334=CARTESIAN_POINT('',(-0.16,3.95,1.525));
#6335=CARTESIAN_POINT('',(0.16,3.95,1.125));
#6336=CARTESIAN_POINT('',(0.16,3.95,0.774999999999999));
#6337=CARTESIAN_POINT('',(-4.75,3.95,0.774999999999999));
#6338=CARTESIAN_POINT('',(-0.16,3.95,0.774999999999999));
#6339=CARTESIAN_POINT('',(-0.16,3.95,1.125));
#6340=CARTESIAN_POINT('',(-4.75,3.95,1.525));
#6341=CARTESIAN_POINT('',(-1.09,3.95,1.525));
#6342=CARTESIAN_POINT('',(-1.41,3.95,1.525));
#6343=CARTESIAN_POINT('',(-1.09,3.95,1.125));
#6344=CARTESIAN_POINT('',(-1.09,3.95,0.774999999999999));
#6345=CARTESIAN_POINT('',(-4.75,3.95,0.774999999999999));
#6346=CARTESIAN_POINT('',(-1.41,3.95,0.774999999999999));
#6347=CARTESIAN_POINT('',(-1.41,3.95,1.125));
#6348=CARTESIAN_POINT('',(-4.75,3.95,1.525));
#6349=CARTESIAN_POINT('',(-2.34,3.95,1.525));
#6350=CARTESIAN_POINT('',(-2.66,3.95,1.525));
#6351=CARTESIAN_POINT('',(-2.34,3.95,1.125));
#6352=CARTESIAN_POINT('',(-2.34,3.95,0.774999999999999));
#6353=CARTESIAN_POINT('',(-4.75,3.95,0.774999999999999));
#6354=CARTESIAN_POINT('',(-2.66,3.95,0.774999999999999));
#6355=CARTESIAN_POINT('',(-2.66,3.95,1.125));
#6356=CARTESIAN_POINT('',(-4.75,3.95,1.525));
#6357=CARTESIAN_POINT('',(-3.59,3.95,1.525));
#6358=CARTESIAN_POINT('',(-3.91,3.95,1.525));
#6359=CARTESIAN_POINT('',(-3.59,3.95,1.125));
#6360=CARTESIAN_POINT('',(-3.59,3.95,0.774999999999999));
#6361=CARTESIAN_POINT('',(-4.75,3.95,0.774999999999999));
#6362=CARTESIAN_POINT('',(-3.91,3.95,0.774999999999999));
#6363=CARTESIAN_POINT('',(-3.91,3.95,1.125));
#6364=CARTESIAN_POINT('',(-4.75,3.95,1.525));
#6365=CARTESIAN_POINT('',(3.91,3.95,1.525));
#6366=CARTESIAN_POINT('',(3.59,3.95,1.525));
#6367=CARTESIAN_POINT('',(3.91,3.95,1.125));
#6368=CARTESIAN_POINT('',(3.91,3.95,0.774999999999999));
#6369=CARTESIAN_POINT('',(-4.75,3.95,0.774999999999999));
#6370=CARTESIAN_POINT('',(3.59,3.95,0.774999999999999));
#6371=CARTESIAN_POINT('',(3.59,3.95,1.125));
#6372=CARTESIAN_POINT('',(-4.75,3.95,1.125));
#6373=CARTESIAN_POINT('',(-1.98461538461538,2.97692307692308,2.8));
#6374=CARTESIAN_POINT('',(-4.3,2.,2.8));
#6375=CARTESIAN_POINT('',(0.,0.,2.8));
#6376=CARTESIAN_POINT('',(4.3,2.,2.8));
#6377=CARTESIAN_POINT('',(4.3,2.,3.));
#6378=CARTESIAN_POINT('',(5.25,2.,3.));
#6379=CARTESIAN_POINT('',(5.25,2.,2.8));
#6380=CARTESIAN_POINT('',(5.25,2.,2.8));
#6381=CARTESIAN_POINT('',(4.3,2.2,2.8));
#6382=CARTESIAN_POINT('',(4.3,2.6,2.8));
#6383=CARTESIAN_POINT('',(4.3,2.6,3.));
#6384=CARTESIAN_POINT('',(4.3,2.4,3.2));
#6385=CARTESIAN_POINT('',(4.3,2.,2.8));
#6386=CARTESIAN_POINT('',(-4.3,2.6,2.8));
#6387=CARTESIAN_POINT('',(-4.3,2.6,3.));
#6388=CARTESIAN_POINT('',(4.3,2.6,3.));
#6389=CARTESIAN_POINT('',(4.3,2.6,2.8));
#6390=CARTESIAN_POINT('',(-4.3,2.,2.8));
#6391=CARTESIAN_POINT('',(-4.3,2.,3.));
#6392=CARTESIAN_POINT('',(-4.3,2.2,2.8));
#6393=CARTESIAN_POINT('',(-4.3,2.7,2.9));
#6394=CARTESIAN_POINT('',(-4.3,2.6,2.8));
#6395=CARTESIAN_POINT('',(-4.3,2.,3.));
#6396=CARTESIAN_POINT('',(-4.3,2.,2.8));
#6397=CARTESIAN_POINT('',(1.98461538461539,2.97692307692308,2.8));
#6398=CARTESIAN_POINT('',(0.,0.,2.8));
#6399=CARTESIAN_POINT('',(5.25,4.19999999999999,2.5));
#6400=CARTESIAN_POINT('',(5.75,4.2,2.));
#6401=CARTESIAN_POINT('',(5.25,1.39999999999999,2.5));
#6402=CARTESIAN_POINT('',(5.75,1.4,2.));
#6403=CARTESIAN_POINT('',(5.75,1.4,2.));
#6404=CARTESIAN_POINT('',(5.25,1.39999999999999,2.5));
#6405=CARTESIAN_POINT('',(5.75,4.2,2.));
#6406=CARTESIAN_POINT('',(6.55,4.2,2.));
#6407=CARTESIAN_POINT('',(5.75,1.4,2.));
#6408=CARTESIAN_POINT('',(6.55,1.4,2.));
#6409=CARTESIAN_POINT('',(6.55,1.4,2.));
#6410=CARTESIAN_POINT('',(5.75,1.4,2.));
#6411=CARTESIAN_POINT('',(6.55,4.2,2.));
#6412=CARTESIAN_POINT('',(6.75,4.2,1.8));
#6413=CARTESIAN_POINT('',(6.55,1.4,2.));
#6414=CARTESIAN_POINT('',(6.75,1.4,1.8));
#6415=CARTESIAN_POINT('',(6.75,1.4,1.8));
#6416=CARTESIAN_POINT('',(6.55,1.4,2.));
#6417=CARTESIAN_POINT('',(6.75,4.2,1.8));
#6418=CARTESIAN_POINT('',(6.75,4.2,0.6));
#6419=CARTESIAN_POINT('',(6.75,1.4,1.8));
#6420=CARTESIAN_POINT('',(6.75,1.4,0.6));
#6421=CARTESIAN_POINT('',(6.75,1.4,0.6));
#6422=CARTESIAN_POINT('',(6.75,1.4,1.8));
#6423=CARTESIAN_POINT('',(6.75,4.2,0.6));
#6424=CARTESIAN_POINT('',(6.25,4.2,0.1));
#6425=CARTESIAN_POINT('',(6.75,1.4,0.6));
#6426=CARTESIAN_POINT('',(6.25,1.4,0.1));
#6427=CARTESIAN_POINT('',(6.25,1.4,0.1));
#6428=CARTESIAN_POINT('',(6.75,1.4,0.6));
#6429=CARTESIAN_POINT('',(5.78771243444677,2.,0.1));
#6430=CARTESIAN_POINT('',(5.78771243444677,4.20000000000001,0.1));
#6431=CARTESIAN_POINT('',(5.78771243444677,2.,0.1));
#6432=CARTESIAN_POINT('',(6.25,4.2,0.1));
#6433=CARTESIAN_POINT('',(6.25,1.4,0.1));
#6434=CARTESIAN_POINT('',(6.25,4.2,0.1));
#6435=CARTESIAN_POINT('',(5.49573593128807,4.20000000000001,0.1));
#6436=CARTESIAN_POINT('',(5.49573593128807,2.,0.1));
#6437=CARTESIAN_POINT('',(5.49573593128807,2.,0.1));
#6438=CARTESIAN_POINT('',(6.25,2.,0.1));
#6439=CARTESIAN_POINT('',(6.25,1.4,0.1));
#6440=CARTESIAN_POINT('',(1.12063794778391E-29,1.40000000000001,2.0672121422057E-14));
#6441=CARTESIAN_POINT('',(5.92,4.2,0.0500000000000007));
#6442=CARTESIAN_POINT('',(5.92,4.2,0.0500000000000011));
#6443=CARTESIAN_POINT('',(6.75,4.2,0.0500000000000007));
#6444=CARTESIAN_POINT('',(6.75,4.20000000000001,2.0672121422057E-14));
#6445=CARTESIAN_POINT('',(6.75,4.2,-0.199999999999999));
#6446=CARTESIAN_POINT('',(6.95,4.2,-0.199999999999999));
#6447=CARTESIAN_POINT('',(5.92,4.2,-0.199999999999999));
#6448=CARTESIAN_POINT('',(5.92,4.2,0.250000000000001));
#6449=CARTESIAN_POINT('',(5.92,4.2,0.250000000000001));
#6450=CARTESIAN_POINT('',(1.12063794778391E-29,4.20000000000001,2.0672121422057E-14));
#6451=CARTESIAN_POINT('',(-6.75,4.2,0.6));
#6452=CARTESIAN_POINT('',(-6.75,4.2,0.6));
#6453=CARTESIAN_POINT('',(-6.75,4.2,1.8));
#6454=CARTESIAN_POINT('',(-6.75,1.4,0.6));
#6455=CARTESIAN_POINT('',(-6.75,1.4,0.6));
#6456=CARTESIAN_POINT('',(-6.75,1.4,0.6));
#6457=CARTESIAN_POINT('',(-6.75,1.4,1.8));
#6458=CARTESIAN_POINT('',(-6.75,1.4,1.8));
#6459=CARTESIAN_POINT('',(-6.75,1.4,0.6));
#6460=CARTESIAN_POINT('',(-6.75,4.2,1.8));
#6461=CARTESIAN_POINT('',(-6.55,4.2,2.));
#6462=CARTESIAN_POINT('',(-6.75,1.4,1.8));
#6463=CARTESIAN_POINT('',(-6.55,1.4,2.));
#6464=CARTESIAN_POINT('',(-6.55,1.4,2.));
#6465=CARTESIAN_POINT('',(-6.75,1.4,1.8));
#6466=CARTESIAN_POINT('',(-6.55,4.2,2.));
#6467=CARTESIAN_POINT('',(-5.75,4.2,2.));
#6468=CARTESIAN_POINT('',(-6.55,1.4,2.));
#6469=CARTESIAN_POINT('',(-5.75,1.4,2.));
#6470=CARTESIAN_POINT('',(-5.75,1.4,2.));
#6471=CARTESIAN_POINT('',(-6.55,1.4,2.));
#6472=CARTESIAN_POINT('',(-5.75,4.2,2.));
#6473=CARTESIAN_POINT('',(-5.75,1.4,2.));
#6474=CARTESIAN_POINT('',(-5.75,1.4,2.));
#6475=CARTESIAN_POINT('',(-5.78771243444677,2.,0.100000000000001));
#6476=CARTESIAN_POINT('',(-5.78771243444677,2.,0.100000000000001));
#6477=CARTESIAN_POINT('',(-5.78771243444677,4.2,0.100000000000001));
#6478=CARTESIAN_POINT('',(-5.25,2.,0.100000000000001));
#6479=CARTESIAN_POINT('',(-5.49573593128807,2.,0.100000000000001));
#6480=CARTESIAN_POINT('',(-5.49573593128807,2.,0.100000000000001));
#6481=CARTESIAN_POINT('',(-5.49573593128807,4.2,0.100000000000001));
#6482=CARTESIAN_POINT('',(-5.25,4.2,0.100000000000001));
#6483=CARTESIAN_POINT('',(-5.25,1.4,0.100000000000001));
#6484=CARTESIAN_POINT('',(-6.25,1.4,0.100000000000001));
#6485=CARTESIAN_POINT('',(-6.25,1.4,0.100000000000001));
#6486=CARTESIAN_POINT('',(-6.25,4.2,0.100000000000001));
#6487=CARTESIAN_POINT('',(-5.25,4.2,0.100000000000001));
#6488=CARTESIAN_POINT('',(-5.25,1.4,0.100000000000001));
#6489=CARTESIAN_POINT('',(-6.25,4.2,0.100000000000001));
#6490=CARTESIAN_POINT('',(-6.25,1.4,0.100000000000001));
#6491=CARTESIAN_POINT('',(-6.25,1.4,0.100000000000001));
#6492=CARTESIAN_POINT('',(0.,1.40000000000001,1.87928376564154E-14));
#6493=CARTESIAN_POINT('',(-5.92,4.2,-0.199999999999999));
#6494=CARTESIAN_POINT('',(-5.92,4.2,-0.199999999999999));
#6495=CARTESIAN_POINT('',(-6.75,4.2,-0.199999999999999));
#6496=CARTESIAN_POINT('',(-6.75,4.2,1.87928376564154E-14));
#6497=CARTESIAN_POINT('',(-6.75,4.2,0.0500000000000008));
#6498=CARTESIAN_POINT('',(-6.95,4.2,0.0500000000000008));
#6499=CARTESIAN_POINT('',(-5.92,4.2,0.0500000000000008));
#6500=CARTESIAN_POINT('',(-5.92,4.2,0.25));
#6501=CARTESIAN_POINT('',(-5.92,4.2,0.25));
#6502=CARTESIAN_POINT('',(0.,4.2,1.87928376564154E-14));
#6503=CARTESIAN_POINT('',(-4.65,1.2,2.8));
#6504=CARTESIAN_POINT('',(4.65,1.2,0.4));
#6505=CARTESIAN_POINT('',(-4.65,1.2,1.125));
#6506=CARTESIAN_POINT('',(4.65,1.2,2.075));
#6507=CARTESIAN_POINT('',(4.65,2.2,2.8));
#6508=CARTESIAN_POINT('',(4.65,2.8,2.8));
#6509=CARTESIAN_POINT('',(4.65,2.2,2.8));
#6510=CARTESIAN_POINT('',(-3.675,3.6,-3.56));
#6511=CARTESIAN_POINT('',(-3.675,2.45,-3.56));
#6512=CARTESIAN_POINT('',(-3.675,3.6,-3.56));
#6513=CARTESIAN_POINT('',(-3.275,2.45,-3.56));
#6514=CARTESIAN_POINT('',(-3.675,2.45,-3.56));
#6515=CARTESIAN_POINT('',(-3.275,2.45,-3.56));
#6516=CARTESIAN_POINT('',(-2.975,2.45,-3.56));
#6517=CARTESIAN_POINT('',(-2.975,1.,-3.56));
#6518=CARTESIAN_POINT('',(-2.575,2.45,-3.56));
#6519=CARTESIAN_POINT('',(-2.975,2.45,-3.56));
#6520=CARTESIAN_POINT('',(-2.575,3.6,-3.56));
#6521=CARTESIAN_POINT('',(-2.575,2.45,-3.56));
#6522=CARTESIAN_POINT('',(-2.575,3.6,-3.56));
#6523=CARTESIAN_POINT('',(3.275,2.45,-3.56000000000007));
#6524=CARTESIAN_POINT('',(3.675,2.45,-3.56000000000007));
#6525=CARTESIAN_POINT('',(3.675,2.45,-3.56000000000007));
#6526=CARTESIAN_POINT('',(3.275,2.45,-3.56000000000007));
#6527=CARTESIAN_POINT('',(2.975,2.45,-3.56000000000007));
#6528=CARTESIAN_POINT('',(2.975,1.,-3.56000000000007));
#6529=CARTESIAN_POINT('',(2.575,2.45,-3.56000000000007));
#6530=CARTESIAN_POINT('',(2.975,2.45,-3.56000000000007));
#6531=CARTESIAN_POINT('',(2.575,3.6,-3.56000000000007));
#6532=CARTESIAN_POINT('',(2.575,2.45,-3.56000000000007));
#6533=CARTESIAN_POINT('',(3.675,3.6,-3.56000000000007));
#6534=CARTESIAN_POINT('',(3.675,3.6,-3.56000000000007));
#6535=CARTESIAN_POINT('',(2.575,3.6,-3.56000000000007));
#6536=CARTESIAN_POINT('',(3.59,2.7,1.525));
#6537=CARTESIAN_POINT('',(3.59,2.7,1.525));
#6538=CARTESIAN_POINT('',(3.59,1.7,1.325));
#6539=CARTESIAN_POINT('',(3.91,1.7,1.325));
#6540=CARTESIAN_POINT('',(3.91,1.7,1.325));
#6541=CARTESIAN_POINT('',(3.91,2.7,1.525));
#6542=CARTESIAN_POINT('',(3.91,2.7,1.525));
#6543=CARTESIAN_POINT('',(3.91,2.7,1.525));
#6544=CARTESIAN_POINT('',(3.91,2.7,1.525));
#6545=CARTESIAN_POINT('',(3.59,1.7,1.325));
#6546=CARTESIAN_POINT('',(3.59,1.7,0.924999999999999));
#6547=CARTESIAN_POINT('',(3.91,1.7,0.924999999999999));
#6548=CARTESIAN_POINT('',(3.91,1.7,0.924999999999999));
#6549=CARTESIAN_POINT('',(3.91,1.7,1.325));
#6550=CARTESIAN_POINT('',(3.91,1.7,1.325));
#6551=CARTESIAN_POINT('',(3.59,1.7,0.924999999999999));
#6552=CARTESIAN_POINT('',(3.59,2.4,0.774999999999999));
#6553=CARTESIAN_POINT('',(3.91,2.4,0.774999999999999));
#6554=CARTESIAN_POINT('',(3.91,2.4,0.774999999999999));
#6555=CARTESIAN_POINT('',(3.91,1.7,0.924999999999999));
#6556=CARTESIAN_POINT('',(3.91,1.7,0.924999999999999));
#6557=CARTESIAN_POINT('',(3.59,5.1,1.525));
#6558=CARTESIAN_POINT('',(3.59,2.4,0.774999999999999));
#6559=CARTESIAN_POINT('',(3.59,0.,0.));
#6560=CARTESIAN_POINT('',(3.91,5.1,1.525));
#6561=CARTESIAN_POINT('',(3.91,2.4,0.774999999999999));
#6562=CARTESIAN_POINT('',(3.91,0.,0.));
#6563=CARTESIAN_POINT('',(3.91,5.1,1.525));
#6564=CARTESIAN_POINT('',(3.91,2.4,0.774999999999999));
#6565=CARTESIAN_POINT('',(3.91,5.1,0.600000000000001));
#6566=CARTESIAN_POINT('',(3.91,5.4,0.600000000000001));
#6567=CARTESIAN_POINT('',(3.59,5.1,0.600000000000001));
#6568=CARTESIAN_POINT('',(3.59,5.4,0.600000000000001));
#6569=CARTESIAN_POINT('',(3.91,5.4,0.600000000000001));
#6570=CARTESIAN_POINT('',(3.91,5.1,0.600000000000001));
#6571=CARTESIAN_POINT('',(3.59,5.9,1.175));
#6572=CARTESIAN_POINT('',(3.59,5.9,1.175));
#6573=CARTESIAN_POINT('',(3.91,5.9,1.175));
#6574=CARTESIAN_POINT('',(3.91,5.9,1.175));
#6575=CARTESIAN_POINT('',(3.91,5.9,1.175));
#6576=CARTESIAN_POINT('',(3.91,5.9,1.175));
#6577=CARTESIAN_POINT('',(3.91,5.4,0.600000000000001));
#6578=CARTESIAN_POINT('',(3.91,5.4,7.58941520739853E-16));
#6579=CARTESIAN_POINT('',(3.91,5.4,7.7715611723761E-16));
#6580=CARTESIAN_POINT('',(3.91,5.6,-0.199999999999999));
#6581=CARTESIAN_POINT('',(3.91,5.6,-0.199999999999999));
#6582=CARTESIAN_POINT('',(3.91,6.,-0.199999999999999));
#6583=CARTESIAN_POINT('',(3.91,6.,-0.199999999999999));
#6584=CARTESIAN_POINT('',(3.91,6.2,7.31836466427715E-16));
#6585=CARTESIAN_POINT('',(3.91,6.2,7.21644966006352E-16));
#6586=CARTESIAN_POINT('',(3.91,6.2,0.300000000000001));
#6587=CARTESIAN_POINT('',(3.91,6.2,0.300000000000001));
#6588=CARTESIAN_POINT('',(3.91,5.9,0.300000000000001));
#6589=CARTESIAN_POINT('',(3.91,5.9,0.300000000000001));
#6590=CARTESIAN_POINT('',(3.91,0.,0.));
#6591=CARTESIAN_POINT('',(3.59,5.9,0.300000000000001));
#6592=CARTESIAN_POINT('',(3.59,5.9,0.300000000000001));
#6593=CARTESIAN_POINT('',(3.59,6.2,0.300000000000001));
#6594=CARTESIAN_POINT('',(3.59,6.2,0.300000000000001));
#6595=CARTESIAN_POINT('',(3.59,6.2,7.21644966006352E-16));
#6596=CARTESIAN_POINT('',(3.59,6.2,7.31836466427715E-16));
#6597=CARTESIAN_POINT('',(3.59,6.,-0.199999999999999));
#6598=CARTESIAN_POINT('',(3.59,6.,-0.199999999999999));
#6599=CARTESIAN_POINT('',(3.59,5.6,-0.199999999999999));
#6600=CARTESIAN_POINT('',(3.59,5.6,-0.199999999999999));
#6601=CARTESIAN_POINT('',(3.59,5.4,7.7715611723761E-16));
#6602=CARTESIAN_POINT('',(3.59,5.4,7.58941520739853E-16));
#6603=CARTESIAN_POINT('',(3.59,5.4,0.600000000000001));
#6604=CARTESIAN_POINT('',(3.59,0.,0.));
#6605=CARTESIAN_POINT('',(3.91,5.4,7.58941520739853E-16));
#6606=CARTESIAN_POINT('',(3.91,5.4,0.600000000000001));
#6607=CARTESIAN_POINT('',(3.91,5.6,-0.199999999999999));
#6608=CARTESIAN_POINT('',(3.91,5.4,7.7715611723761E-16));
#6609=CARTESIAN_POINT('',(3.91,6.,-0.199999999999999));
#6610=CARTESIAN_POINT('',(3.91,5.6,-0.199999999999999));
#6611=CARTESIAN_POINT('',(3.91,6.2,7.31836466427715E-16));
#6612=CARTESIAN_POINT('',(3.91,6.,-0.199999999999999));
#6613=CARTESIAN_POINT('',(3.91,6.2,0.300000000000001));
#6614=CARTESIAN_POINT('',(3.91,6.2,7.21644966006352E-16));
#6615=CARTESIAN_POINT('',(3.91,5.9,0.300000000000001));
#6616=CARTESIAN_POINT('',(3.91,6.2,0.300000000000001));
#6617=CARTESIAN_POINT('',(3.91,5.9,0.300000000000001));
#6618=CARTESIAN_POINT('',(5.92,2.,0.250000000000001));
#6619=CARTESIAN_POINT('',(5.92,2.,0.0500000000000011));
#6620=CARTESIAN_POINT('',(5.92,2.,0.0500000000000011));
#6621=CARTESIAN_POINT('',(5.92,2.,0.250000000000001));
#6622=CARTESIAN_POINT('',(5.92,2.,0.0500000000000007));
#6623=CARTESIAN_POINT('',(6.75,2.,0.0500000000000007));
#6624=CARTESIAN_POINT('',(6.335,1.585,0.0500000000000007));
#6625=CARTESIAN_POINT('',(6.95,2.2,0.0500000000000007));
#6626=CARTESIAN_POINT('',(6.95,2.,0.0500000000000007));
#6627=CARTESIAN_POINT('',(6.95,4.00000000000001,0.0500000000000007));
#6628=CARTESIAN_POINT('',(7.435,3.515,0.0500000000000007));
#6629=CARTESIAN_POINT('',(5.92,2.,0.0500000000000007));
#6630=CARTESIAN_POINT('',(6.95,2.2,0.0500000000000007));
#6631=CARTESIAN_POINT('',(6.95,2.2,-0.199999999999999));
#6632=CARTESIAN_POINT('',(6.95,2.,-0.199999999999999));
#6633=CARTESIAN_POINT('',(6.95,4.00000000000001,-0.199999999999999));
#6634=CARTESIAN_POINT('',(6.95,4.00000000000001,0.0500000000000087));
#6635=CARTESIAN_POINT('',(6.95,2.,0.0500000000000007));
#6636=CARTESIAN_POINT('',(6.85,2.1,-0.199999999999999));
#6637=CARTESIAN_POINT('',(6.75,2.,-0.199999999999999));
#6638=CARTESIAN_POINT('',(6.95,2.,-0.199999999999999));
#6639=CARTESIAN_POINT('',(5.92,2.,-0.199999999999999));
#6640=CARTESIAN_POINT('',(5.92,2.,-0.199999999999999));
#6641=CARTESIAN_POINT('',(7.95,3.,-0.199999999999999));
#6642=CARTESIAN_POINT('',(6.95,2.,-0.199999999999999));
#6643=CARTESIAN_POINT('',(5.92,2.,0.250000000000001));
#6644=CARTESIAN_POINT('',(5.92,2.,0.250000000000001));
#6645=CARTESIAN_POINT('',(6.75,2.,0.250000000000001));
#6646=CARTESIAN_POINT('',(5.92,2.,0.250000000000001));
#6647=CARTESIAN_POINT('',(-6.95,2.,-0.199999999999999));
#6648=CARTESIAN_POINT('',(-6.95,2.2,-0.199999999999999));
#6649=CARTESIAN_POINT('',(-6.95,4.00000000000001,-0.199999999999999));
#6650=CARTESIAN_POINT('',(-6.95,2.2,-0.199999999999999));
#6651=CARTESIAN_POINT('',(-6.95,2.2,0.0500000000000008));
#6652=CARTESIAN_POINT('',(-6.95,2.,0.0500000000000008));
#6653=CARTESIAN_POINT('',(-6.95,4.00000000000001,0.0500000000000008));
#6654=CARTESIAN_POINT('',(-6.95,4.00000000000001,-0.199999999999992));
#6655=CARTESIAN_POINT('',(-6.95,2.,-0.199999999999999));
#6656=CARTESIAN_POINT('',(-6.85,2.1,0.0500000000000008));
#6657=CARTESIAN_POINT('',(-6.75,2.,0.0500000000000008));
#6658=CARTESIAN_POINT('',(-6.95,2.,0.0500000000000008));
#6659=CARTESIAN_POINT('',(-5.92,2.,0.0500000000000008));
#6660=CARTESIAN_POINT('',(-5.92,2.,0.0500000000000008));
#6661=CARTESIAN_POINT('',(-7.95,3.,0.0500000000000008));
#6662=CARTESIAN_POINT('',(-6.95,2.,0.0500000000000008));
#6663=CARTESIAN_POINT('',(-5.92,2.,0.25));
#6664=CARTESIAN_POINT('',(-5.92,2.,0.25));
#6665=CARTESIAN_POINT('',(-5.92,2.,0.25));
#6666=CARTESIAN_POINT('',(-5.92,2.,-0.199999999999999));
#6667=CARTESIAN_POINT('',(-5.92,2.,-0.199999999999999));
#6668=CARTESIAN_POINT('',(-5.92,2.,0.25));
#6669=CARTESIAN_POINT('',(-5.92,2.,-0.199999999999999));
#6670=CARTESIAN_POINT('',(-6.75,2.,-0.199999999999999));
#6671=CARTESIAN_POINT('',(-6.335,1.585,-0.199999999999999));
#6672=CARTESIAN_POINT('',(-7.435,3.515,-0.199999999999999));
#6673=CARTESIAN_POINT('',(-5.92,2.,-0.199999999999999));
#6674=CARTESIAN_POINT('',(-6.75,2.,0.25));
#6675=CARTESIAN_POINT('',(-5.92,2.,0.25));
#6676=CARTESIAN_POINT('',(-6.95,2.2,-0.199999999999999));
#6677=CARTESIAN_POINT('',(-6.75,4.2,1.87928376564154E-14));
#6678=CARTESIAN_POINT('',(6.95,2.2,0.0500000000000007));
#6679=CARTESIAN_POINT('',(6.75,4.20000000000001,2.0672121422057E-14));
#6680=CARTESIAN_POINT('',(-3.91,2.7,1.525));
#6681=CARTESIAN_POINT('',(-3.91,2.7,1.525));
#6682=CARTESIAN_POINT('',(-3.91,1.7,1.325));
#6683=CARTESIAN_POINT('',(-3.59,1.7,1.325));
#6684=CARTESIAN_POINT('',(-3.59,1.7,1.325));
#6685=CARTESIAN_POINT('',(-3.59,2.7,1.525));
#6686=CARTESIAN_POINT('',(-3.59,2.7,1.525));
#6687=CARTESIAN_POINT('',(-3.59,2.7,1.525));
#6688=CARTESIAN_POINT('',(-3.59,2.7,1.525));
#6689=CARTESIAN_POINT('',(-3.91,1.7,1.325));
#6690=CARTESIAN_POINT('',(-3.91,1.7,0.924999999999999));
#6691=CARTESIAN_POINT('',(-3.59,1.7,0.924999999999999));
#6692=CARTESIAN_POINT('',(-3.59,1.7,0.924999999999999));
#6693=CARTESIAN_POINT('',(-3.59,1.7,1.325));
#6694=CARTESIAN_POINT('',(-3.59,1.7,1.325));
#6695=CARTESIAN_POINT('',(-3.91,1.7,0.924999999999999));
#6696=CARTESIAN_POINT('',(-3.91,2.4,0.774999999999999));
#6697=CARTESIAN_POINT('',(-3.59,2.4,0.774999999999999));
#6698=CARTESIAN_POINT('',(-3.59,2.4,0.774999999999999));
#6699=CARTESIAN_POINT('',(-3.59,1.7,0.924999999999999));
#6700=CARTESIAN_POINT('',(-3.59,1.7,0.924999999999999));
#6701=CARTESIAN_POINT('',(-3.91,5.1,1.525));
#6702=CARTESIAN_POINT('',(-3.91,2.4,0.774999999999999));
#6703=CARTESIAN_POINT('',(-3.91,0.,0.));
#6704=CARTESIAN_POINT('',(-3.59,5.1,1.525));
#6705=CARTESIAN_POINT('',(-3.59,2.4,0.774999999999999));
#6706=CARTESIAN_POINT('',(-3.59,0.,0.));
#6707=CARTESIAN_POINT('',(-3.59,5.1,1.525));
#6708=CARTESIAN_POINT('',(-3.59,2.4,0.774999999999999));
#6709=CARTESIAN_POINT('',(-2.66,2.7,1.525));
#6710=CARTESIAN_POINT('',(-2.66,2.7,1.525));
#6711=CARTESIAN_POINT('',(-2.66,1.7,1.325));
#6712=CARTESIAN_POINT('',(-2.34,1.7,1.325));
#6713=CARTESIAN_POINT('',(-2.34,1.7,1.325));
#6714=CARTESIAN_POINT('',(-2.34,2.7,1.525));
#6715=CARTESIAN_POINT('',(-2.34,2.7,1.525));
#6716=CARTESIAN_POINT('',(-2.34,2.7,1.525));
#6717=CARTESIAN_POINT('',(-2.34,2.7,1.525));
#6718=CARTESIAN_POINT('',(-2.66,1.7,1.325));
#6719=CARTESIAN_POINT('',(-2.66,1.7,0.924999999999999));
#6720=CARTESIAN_POINT('',(-2.34,1.7,0.924999999999999));
#6721=CARTESIAN_POINT('',(-2.34,1.7,0.924999999999999));
#6722=CARTESIAN_POINT('',(-2.34,1.7,1.325));
#6723=CARTESIAN_POINT('',(-2.34,1.7,1.325));
#6724=CARTESIAN_POINT('',(-2.66,1.7,0.924999999999999));
#6725=CARTESIAN_POINT('',(-2.66,2.4,0.774999999999999));
#6726=CARTESIAN_POINT('',(-2.34,2.4,0.774999999999999));
#6727=CARTESIAN_POINT('',(-2.34,2.4,0.774999999999999));
#6728=CARTESIAN_POINT('',(-2.34,1.7,0.924999999999999));
#6729=CARTESIAN_POINT('',(-2.34,1.7,0.924999999999999));
#6730=CARTESIAN_POINT('',(-2.66,5.1,1.525));
#6731=CARTESIAN_POINT('',(-2.66,2.4,0.774999999999999));
#6732=CARTESIAN_POINT('',(-2.66,0.,0.));
#6733=CARTESIAN_POINT('',(-2.34,5.1,1.525));
#6734=CARTESIAN_POINT('',(-2.34,2.4,0.774999999999999));
#6735=CARTESIAN_POINT('',(-2.34,0.,0.));
#6736=CARTESIAN_POINT('',(-2.34,5.1,1.525));
#6737=CARTESIAN_POINT('',(-2.34,2.4,0.774999999999999));
#6738=CARTESIAN_POINT('',(-1.41,2.7,1.525));
#6739=CARTESIAN_POINT('',(-1.41,2.7,1.525));
#6740=CARTESIAN_POINT('',(-1.41,1.7,1.325));
#6741=CARTESIAN_POINT('',(-1.09,1.7,1.325));
#6742=CARTESIAN_POINT('',(-1.09,1.7,1.325));
#6743=CARTESIAN_POINT('',(-1.09,2.7,1.525));
#6744=CARTESIAN_POINT('',(-1.09,2.7,1.525));
#6745=CARTESIAN_POINT('',(-1.09,2.7,1.525));
#6746=CARTESIAN_POINT('',(-1.09,2.7,1.525));
#6747=CARTESIAN_POINT('',(-1.41,1.7,1.325));
#6748=CARTESIAN_POINT('',(-1.41,1.7,0.924999999999999));
#6749=CARTESIAN_POINT('',(-1.09,1.7,0.924999999999999));
#6750=CARTESIAN_POINT('',(-1.09,1.7,0.924999999999999));
#6751=CARTESIAN_POINT('',(-1.09,1.7,1.325));
#6752=CARTESIAN_POINT('',(-1.09,1.7,1.325));
#6753=CARTESIAN_POINT('',(-1.41,1.7,0.924999999999999));
#6754=CARTESIAN_POINT('',(-1.41,2.4,0.774999999999999));
#6755=CARTESIAN_POINT('',(-1.09,2.4,0.774999999999999));
#6756=CARTESIAN_POINT('',(-1.09,2.4,0.774999999999999));
#6757=CARTESIAN_POINT('',(-1.09,1.7,0.924999999999999));
#6758=CARTESIAN_POINT('',(-1.09,1.7,0.924999999999999));
#6759=CARTESIAN_POINT('',(-1.41,5.1,1.525));
#6760=CARTESIAN_POINT('',(-1.41,2.4,0.774999999999999));
#6761=CARTESIAN_POINT('',(-1.41,0.,0.));
#6762=CARTESIAN_POINT('',(-1.09,5.1,1.525));
#6763=CARTESIAN_POINT('',(-1.09,2.4,0.774999999999999));
#6764=CARTESIAN_POINT('',(-1.09,0.,0.));
#6765=CARTESIAN_POINT('',(-1.09,5.1,1.525));
#6766=CARTESIAN_POINT('',(-1.09,2.4,0.774999999999999));
#6767=CARTESIAN_POINT('',(-0.16,2.7,1.525));
#6768=CARTESIAN_POINT('',(-0.16,2.7,1.525));
#6769=CARTESIAN_POINT('',(-0.16,1.7,1.325));
#6770=CARTESIAN_POINT('',(0.16,1.7,1.325));
#6771=CARTESIAN_POINT('',(0.16,1.7,1.325));
#6772=CARTESIAN_POINT('',(0.16,2.7,1.525));
#6773=CARTESIAN_POINT('',(0.16,2.7,1.525));
#6774=CARTESIAN_POINT('',(0.16,2.7,1.525));
#6775=CARTESIAN_POINT('',(0.16,2.7,1.525));
#6776=CARTESIAN_POINT('',(-0.16,1.7,1.325));
#6777=CARTESIAN_POINT('',(-0.16,1.7,0.924999999999999));
#6778=CARTESIAN_POINT('',(0.16,1.7,0.924999999999999));
#6779=CARTESIAN_POINT('',(0.16,1.7,0.924999999999999));
#6780=CARTESIAN_POINT('',(0.16,1.7,1.325));
#6781=CARTESIAN_POINT('',(0.16,1.7,1.325));
#6782=CARTESIAN_POINT('',(-0.16,1.7,0.924999999999999));
#6783=CARTESIAN_POINT('',(-0.16,2.4,0.774999999999999));
#6784=CARTESIAN_POINT('',(0.16,2.4,0.774999999999999));
#6785=CARTESIAN_POINT('',(0.16,2.4,0.774999999999999));
#6786=CARTESIAN_POINT('',(0.16,1.7,0.924999999999999));
#6787=CARTESIAN_POINT('',(0.16,1.7,0.924999999999999));
#6788=CARTESIAN_POINT('',(-0.16,5.1,1.525));
#6789=CARTESIAN_POINT('',(-0.16,2.4,0.774999999999999));
#6790=CARTESIAN_POINT('',(-0.16,0.,0.));
#6791=CARTESIAN_POINT('',(0.16,5.1,1.525));
#6792=CARTESIAN_POINT('',(0.16,2.4,0.774999999999999));
#6793=CARTESIAN_POINT('',(0.16,0.,0.));
#6794=CARTESIAN_POINT('',(0.16,5.1,1.525));
#6795=CARTESIAN_POINT('',(0.16,2.4,0.774999999999999));
#6796=CARTESIAN_POINT('',(1.09,2.7,1.525));
#6797=CARTESIAN_POINT('',(1.09,2.7,1.525));
#6798=CARTESIAN_POINT('',(1.09,1.7,1.325));
#6799=CARTESIAN_POINT('',(1.41,1.7,1.325));
#6800=CARTESIAN_POINT('',(1.41,1.7,1.325));
#6801=CARTESIAN_POINT('',(1.41,2.7,1.525));
#6802=CARTESIAN_POINT('',(1.41,2.7,1.525));
#6803=CARTESIAN_POINT('',(1.41,2.7,1.525));
#6804=CARTESIAN_POINT('',(1.41,2.7,1.525));
#6805=CARTESIAN_POINT('',(1.09,1.7,1.325));
#6806=CARTESIAN_POINT('',(1.09,1.7,0.924999999999999));
#6807=CARTESIAN_POINT('',(1.41,1.7,0.924999999999999));
#6808=CARTESIAN_POINT('',(1.41,1.7,0.924999999999999));
#6809=CARTESIAN_POINT('',(1.41,1.7,1.325));
#6810=CARTESIAN_POINT('',(1.41,1.7,1.325));
#6811=CARTESIAN_POINT('',(1.09,1.7,0.924999999999999));
#6812=CARTESIAN_POINT('',(1.09,2.4,0.774999999999999));
#6813=CARTESIAN_POINT('',(1.41,2.4,0.774999999999999));
#6814=CARTESIAN_POINT('',(1.41,2.4,0.774999999999999));
#6815=CARTESIAN_POINT('',(1.41,1.7,0.924999999999999));
#6816=CARTESIAN_POINT('',(1.41,1.7,0.924999999999999));
#6817=CARTESIAN_POINT('',(1.09,5.1,1.525));
#6818=CARTESIAN_POINT('',(1.09,2.4,0.774999999999999));
#6819=CARTESIAN_POINT('',(1.09,0.,0.));
#6820=CARTESIAN_POINT('',(1.41,5.1,1.525));
#6821=CARTESIAN_POINT('',(1.41,2.4,0.774999999999999));
#6822=CARTESIAN_POINT('',(1.41,0.,0.));
#6823=CARTESIAN_POINT('',(1.41,5.1,1.525));
#6824=CARTESIAN_POINT('',(1.41,2.4,0.774999999999999));
#6825=CARTESIAN_POINT('',(2.34,2.7,1.525));
#6826=CARTESIAN_POINT('',(2.34,2.7,1.525));
#6827=CARTESIAN_POINT('',(2.34,1.7,1.325));
#6828=CARTESIAN_POINT('',(2.66,1.7,1.325));
#6829=CARTESIAN_POINT('',(2.66,1.7,1.325));
#6830=CARTESIAN_POINT('',(2.66,2.7,1.525));
#6831=CARTESIAN_POINT('',(2.66,2.7,1.525));
#6832=CARTESIAN_POINT('',(2.66,2.7,1.525));
#6833=CARTESIAN_POINT('',(2.66,2.7,1.525));
#6834=CARTESIAN_POINT('',(2.34,1.7,1.325));
#6835=CARTESIAN_POINT('',(2.34,1.7,0.924999999999999));
#6836=CARTESIAN_POINT('',(2.66,1.7,0.924999999999999));
#6837=CARTESIAN_POINT('',(2.66,1.7,0.924999999999999));
#6838=CARTESIAN_POINT('',(2.66,1.7,1.325));
#6839=CARTESIAN_POINT('',(2.66,1.7,1.325));
#6840=CARTESIAN_POINT('',(2.34,1.7,0.924999999999999));
#6841=CARTESIAN_POINT('',(2.34,2.4,0.774999999999999));
#6842=CARTESIAN_POINT('',(2.66,2.4,0.774999999999999));
#6843=CARTESIAN_POINT('',(2.66,2.4,0.774999999999999));
#6844=CARTESIAN_POINT('',(2.66,1.7,0.924999999999999));
#6845=CARTESIAN_POINT('',(2.66,1.7,0.924999999999999));
#6846=CARTESIAN_POINT('',(2.34,5.1,1.525));
#6847=CARTESIAN_POINT('',(2.34,2.4,0.774999999999999));
#6848=CARTESIAN_POINT('',(2.34,0.,0.));
#6849=CARTESIAN_POINT('',(2.66,5.1,1.525));
#6850=CARTESIAN_POINT('',(2.66,2.4,0.774999999999999));
#6851=CARTESIAN_POINT('',(2.66,0.,0.));
#6852=CARTESIAN_POINT('',(2.66,5.1,1.525));
#6853=CARTESIAN_POINT('',(2.66,2.4,0.774999999999999));
#6854=CARTESIAN_POINT('',(-3.59,5.1,0.600000000000001));
#6855=CARTESIAN_POINT('',(-3.59,5.4,0.600000000000001));
#6856=CARTESIAN_POINT('',(-3.91,5.1,0.600000000000001));
#6857=CARTESIAN_POINT('',(-3.91,5.4,0.600000000000001));
#6858=CARTESIAN_POINT('',(-3.59,5.4,0.600000000000001));
#6859=CARTESIAN_POINT('',(-3.59,5.1,0.600000000000001));
#6860=CARTESIAN_POINT('',(-3.91,5.9,1.175));
#6861=CARTESIAN_POINT('',(-3.91,5.9,1.175));
#6862=CARTESIAN_POINT('',(-3.59,5.9,1.175));
#6863=CARTESIAN_POINT('',(-3.59,5.9,1.175));
#6864=CARTESIAN_POINT('',(-3.59,5.9,1.175));
#6865=CARTESIAN_POINT('',(-3.59,5.9,1.175));
#6866=CARTESIAN_POINT('',(-3.59,5.4,0.600000000000001));
#6867=CARTESIAN_POINT('',(-3.59,5.4,7.58941520739853E-16));
#6868=CARTESIAN_POINT('',(-3.59,5.4,7.7715611723761E-16));
#6869=CARTESIAN_POINT('',(-3.59,5.6,-0.199999999999999));
#6870=CARTESIAN_POINT('',(-3.59,5.6,-0.199999999999999));
#6871=CARTESIAN_POINT('',(-3.59,6.,-0.199999999999999));
#6872=CARTESIAN_POINT('',(-3.59,6.,-0.199999999999999));
#6873=CARTESIAN_POINT('',(-3.59,6.2,7.31836466427715E-16));
#6874=CARTESIAN_POINT('',(-3.59,6.2,7.21644966006352E-16));
#6875=CARTESIAN_POINT('',(-3.59,6.2,0.300000000000001));
#6876=CARTESIAN_POINT('',(-3.59,6.2,0.300000000000001));
#6877=CARTESIAN_POINT('',(-3.59,5.9,0.300000000000001));
#6878=CARTESIAN_POINT('',(-3.59,5.9,0.300000000000001));
#6879=CARTESIAN_POINT('',(-3.59,0.,0.));
#6880=CARTESIAN_POINT('',(-3.91,5.9,0.300000000000001));
#6881=CARTESIAN_POINT('',(-3.91,5.9,0.300000000000001));
#6882=CARTESIAN_POINT('',(-3.91,6.2,0.300000000000001));
#6883=CARTESIAN_POINT('',(-3.91,6.2,0.300000000000001));
#6884=CARTESIAN_POINT('',(-3.91,6.2,7.21644966006352E-16));
#6885=CARTESIAN_POINT('',(-3.91,6.2,7.31836466427715E-16));
#6886=CARTESIAN_POINT('',(-3.91,6.,-0.199999999999999));
#6887=CARTESIAN_POINT('',(-3.91,6.,-0.199999999999999));
#6888=CARTESIAN_POINT('',(-3.91,5.6,-0.199999999999999));
#6889=CARTESIAN_POINT('',(-3.91,5.6,-0.199999999999999));
#6890=CARTESIAN_POINT('',(-3.91,5.4,7.7715611723761E-16));
#6891=CARTESIAN_POINT('',(-3.91,5.4,7.58941520739853E-16));
#6892=CARTESIAN_POINT('',(-3.91,5.4,0.600000000000001));
#6893=CARTESIAN_POINT('',(-3.91,0.,0.));
#6894=CARTESIAN_POINT('',(-3.59,5.4,7.58941520739853E-16));
#6895=CARTESIAN_POINT('',(-3.59,5.4,0.600000000000001));
#6896=CARTESIAN_POINT('',(-3.59,5.6,-0.199999999999999));
#6897=CARTESIAN_POINT('',(-3.59,5.4,7.7715611723761E-16));
#6898=CARTESIAN_POINT('',(-3.59,6.,-0.199999999999999));
#6899=CARTESIAN_POINT('',(-3.59,5.6,-0.199999999999999));
#6900=CARTESIAN_POINT('',(-3.59,6.2,7.31836466427715E-16));
#6901=CARTESIAN_POINT('',(-3.59,6.,-0.199999999999999));
#6902=CARTESIAN_POINT('',(-3.59,6.2,0.300000000000001));
#6903=CARTESIAN_POINT('',(-3.59,6.2,7.21644966006352E-16));
#6904=CARTESIAN_POINT('',(-3.59,5.9,0.300000000000001));
#6905=CARTESIAN_POINT('',(-3.59,6.2,0.300000000000001));
#6906=CARTESIAN_POINT('',(-3.59,5.9,0.300000000000001));
#6907=CARTESIAN_POINT('',(-2.34,5.1,0.600000000000001));
#6908=CARTESIAN_POINT('',(-2.34,5.4,0.600000000000001));
#6909=CARTESIAN_POINT('',(-2.66,5.1,0.600000000000001));
#6910=CARTESIAN_POINT('',(-2.66,5.4,0.600000000000001));
#6911=CARTESIAN_POINT('',(-2.34,5.4,0.600000000000001));
#6912=CARTESIAN_POINT('',(-2.34,5.1,0.600000000000001));
#6913=CARTESIAN_POINT('',(-2.66,5.9,1.175));
#6914=CARTESIAN_POINT('',(-2.66,5.9,1.175));
#6915=CARTESIAN_POINT('',(-2.34,5.9,1.175));
#6916=CARTESIAN_POINT('',(-2.34,5.9,1.175));
#6917=CARTESIAN_POINT('',(-2.34,5.9,1.175));
#6918=CARTESIAN_POINT('',(-2.34,5.9,1.175));
#6919=CARTESIAN_POINT('',(-2.34,5.4,0.600000000000001));
#6920=CARTESIAN_POINT('',(-2.34,5.4,7.58941520739853E-16));
#6921=CARTESIAN_POINT('',(-2.34,5.4,7.7715611723761E-16));
#6922=CARTESIAN_POINT('',(-2.34,5.6,-0.199999999999999));
#6923=CARTESIAN_POINT('',(-2.34,5.6,-0.199999999999999));
#6924=CARTESIAN_POINT('',(-2.34,6.,-0.199999999999999));
#6925=CARTESIAN_POINT('',(-2.34,6.,-0.199999999999999));
#6926=CARTESIAN_POINT('',(-2.34,6.2,7.31836466427715E-16));
#6927=CARTESIAN_POINT('',(-2.34,6.2,7.21644966006352E-16));
#6928=CARTESIAN_POINT('',(-2.34,6.2,0.300000000000001));
#6929=CARTESIAN_POINT('',(-2.34,6.2,0.300000000000001));
#6930=CARTESIAN_POINT('',(-2.34,5.9,0.300000000000001));
#6931=CARTESIAN_POINT('',(-2.34,5.9,0.300000000000001));
#6932=CARTESIAN_POINT('',(-2.34,0.,0.));
#6933=CARTESIAN_POINT('',(-2.66,5.9,0.300000000000001));
#6934=CARTESIAN_POINT('',(-2.66,5.9,0.300000000000001));
#6935=CARTESIAN_POINT('',(-2.66,6.2,0.300000000000001));
#6936=CARTESIAN_POINT('',(-2.66,6.2,0.300000000000001));
#6937=CARTESIAN_POINT('',(-2.66,6.2,7.21644966006352E-16));
#6938=CARTESIAN_POINT('',(-2.66,6.2,7.31836466427715E-16));
#6939=CARTESIAN_POINT('',(-2.66,6.,-0.199999999999999));
#6940=CARTESIAN_POINT('',(-2.66,6.,-0.199999999999999));
#6941=CARTESIAN_POINT('',(-2.66,5.6,-0.199999999999999));
#6942=CARTESIAN_POINT('',(-2.66,5.6,-0.199999999999999));
#6943=CARTESIAN_POINT('',(-2.66,5.4,7.7715611723761E-16));
#6944=CARTESIAN_POINT('',(-2.66,5.4,7.58941520739853E-16));
#6945=CARTESIAN_POINT('',(-2.66,5.4,0.600000000000001));
#6946=CARTESIAN_POINT('',(-2.66,0.,0.));
#6947=CARTESIAN_POINT('',(-2.34,5.4,7.58941520739853E-16));
#6948=CARTESIAN_POINT('',(-2.34,5.4,0.600000000000001));
#6949=CARTESIAN_POINT('',(-2.34,5.6,-0.199999999999999));
#6950=CARTESIAN_POINT('',(-2.34,5.4,7.7715611723761E-16));
#6951=CARTESIAN_POINT('',(-2.34,6.,-0.199999999999999));
#6952=CARTESIAN_POINT('',(-2.34,5.6,-0.199999999999999));
#6953=CARTESIAN_POINT('',(-2.34,6.2,7.31836466427715E-16));
#6954=CARTESIAN_POINT('',(-2.34,6.,-0.199999999999999));
#6955=CARTESIAN_POINT('',(-2.34,6.2,0.300000000000001));
#6956=CARTESIAN_POINT('',(-2.34,6.2,7.21644966006352E-16));
#6957=CARTESIAN_POINT('',(-2.34,5.9,0.300000000000001));
#6958=CARTESIAN_POINT('',(-2.34,6.2,0.300000000000001));
#6959=CARTESIAN_POINT('',(-2.34,5.9,0.300000000000001));
#6960=CARTESIAN_POINT('',(-1.09,5.1,0.600000000000001));
#6961=CARTESIAN_POINT('',(-1.09,5.4,0.600000000000001));
#6962=CARTESIAN_POINT('',(-1.41,5.1,0.600000000000001));
#6963=CARTESIAN_POINT('',(-1.41,5.4,0.600000000000001));
#6964=CARTESIAN_POINT('',(-1.09,5.4,0.600000000000001));
#6965=CARTESIAN_POINT('',(-1.09,5.1,0.600000000000001));
#6966=CARTESIAN_POINT('',(-1.41,5.9,1.175));
#6967=CARTESIAN_POINT('',(-1.41,5.9,1.175));
#6968=CARTESIAN_POINT('',(-1.09,5.9,1.175));
#6969=CARTESIAN_POINT('',(-1.09,5.9,1.175));
#6970=CARTESIAN_POINT('',(-1.09,5.9,1.175));
#6971=CARTESIAN_POINT('',(-1.09,5.9,1.175));
#6972=CARTESIAN_POINT('',(-1.09,5.4,0.600000000000001));
#6973=CARTESIAN_POINT('',(-1.09,5.4,7.58941520739853E-16));
#6974=CARTESIAN_POINT('',(-1.09,5.4,7.7715611723761E-16));
#6975=CARTESIAN_POINT('',(-1.09,5.6,-0.199999999999999));
#6976=CARTESIAN_POINT('',(-1.09,5.6,-0.199999999999999));
#6977=CARTESIAN_POINT('',(-1.09,6.,-0.199999999999999));
#6978=CARTESIAN_POINT('',(-1.09,6.,-0.199999999999999));
#6979=CARTESIAN_POINT('',(-1.09,6.2,7.31836466427715E-16));
#6980=CARTESIAN_POINT('',(-1.09,6.2,7.21644966006352E-16));
#6981=CARTESIAN_POINT('',(-1.09,6.2,0.300000000000001));
#6982=CARTESIAN_POINT('',(-1.09,6.2,0.300000000000001));
#6983=CARTESIAN_POINT('',(-1.09,5.9,0.300000000000001));
#6984=CARTESIAN_POINT('',(-1.09,5.9,0.300000000000001));
#6985=CARTESIAN_POINT('',(-1.09,0.,0.));
#6986=CARTESIAN_POINT('',(-1.41,5.9,0.300000000000001));
#6987=CARTESIAN_POINT('',(-1.41,5.9,0.300000000000001));
#6988=CARTESIAN_POINT('',(-1.41,6.2,0.300000000000001));
#6989=CARTESIAN_POINT('',(-1.41,6.2,0.300000000000001));
#6990=CARTESIAN_POINT('',(-1.41,6.2,7.21644966006352E-16));
#6991=CARTESIAN_POINT('',(-1.41,6.2,7.31836466427715E-16));
#6992=CARTESIAN_POINT('',(-1.41,6.,-0.199999999999999));
#6993=CARTESIAN_POINT('',(-1.41,6.,-0.199999999999999));
#6994=CARTESIAN_POINT('',(-1.41,5.6,-0.199999999999999));
#6995=CARTESIAN_POINT('',(-1.41,5.6,-0.199999999999999));
#6996=CARTESIAN_POINT('',(-1.41,5.4,7.7715611723761E-16));
#6997=CARTESIAN_POINT('',(-1.41,5.4,7.58941520739853E-16));
#6998=CARTESIAN_POINT('',(-1.41,5.4,0.600000000000001));
#6999=CARTESIAN_POINT('',(-1.41,0.,0.));
#7000=CARTESIAN_POINT('',(-1.09,5.4,7.58941520739853E-16));
#7001=CARTESIAN_POINT('',(-1.09,5.4,0.600000000000001));
#7002=CARTESIAN_POINT('',(-1.09,5.6,-0.199999999999999));
#7003=CARTESIAN_POINT('',(-1.09,5.4,7.7715611723761E-16));
#7004=CARTESIAN_POINT('',(-1.09,6.,-0.199999999999999));
#7005=CARTESIAN_POINT('',(-1.09,5.6,-0.199999999999999));
#7006=CARTESIAN_POINT('',(-1.09,6.2,7.31836466427715E-16));
#7007=CARTESIAN_POINT('',(-1.09,6.,-0.199999999999999));
#7008=CARTESIAN_POINT('',(-1.09,6.2,0.300000000000001));
#7009=CARTESIAN_POINT('',(-1.09,6.2,7.21644966006352E-16));
#7010=CARTESIAN_POINT('',(-1.09,5.9,0.300000000000001));
#7011=CARTESIAN_POINT('',(-1.09,6.2,0.300000000000001));
#7012=CARTESIAN_POINT('',(-1.09,5.9,0.300000000000001));
#7013=CARTESIAN_POINT('',(0.16,5.1,0.600000000000001));
#7014=CARTESIAN_POINT('',(0.16,5.4,0.600000000000001));
#7015=CARTESIAN_POINT('',(-0.16,5.1,0.600000000000001));
#7016=CARTESIAN_POINT('',(-0.16,5.4,0.600000000000001));
#7017=CARTESIAN_POINT('',(0.16,5.4,0.600000000000001));
#7018=CARTESIAN_POINT('',(0.16,5.1,0.600000000000001));
#7019=CARTESIAN_POINT('',(-0.16,5.9,1.175));
#7020=CARTESIAN_POINT('',(-0.16,5.9,1.175));
#7021=CARTESIAN_POINT('',(0.16,5.9,1.175));
#7022=CARTESIAN_POINT('',(0.16,5.9,1.175));
#7023=CARTESIAN_POINT('',(0.16,5.9,1.175));
#7024=CARTESIAN_POINT('',(0.16,5.9,1.175));
#7025=CARTESIAN_POINT('',(0.16,5.4,0.600000000000001));
#7026=CARTESIAN_POINT('',(0.16,5.4,7.58941520739853E-16));
#7027=CARTESIAN_POINT('',(0.16,5.4,7.7715611723761E-16));
#7028=CARTESIAN_POINT('',(0.16,5.6,-0.199999999999999));
#7029=CARTESIAN_POINT('',(0.16,5.6,-0.199999999999999));
#7030=CARTESIAN_POINT('',(0.16,6.,-0.199999999999999));
#7031=CARTESIAN_POINT('',(0.16,6.,-0.199999999999999));
#7032=CARTESIAN_POINT('',(0.16,6.2,7.31836466427715E-16));
#7033=CARTESIAN_POINT('',(0.16,6.2,7.21644966006352E-16));
#7034=CARTESIAN_POINT('',(0.16,6.2,0.300000000000001));
#7035=CARTESIAN_POINT('',(0.16,6.2,0.300000000000001));
#7036=CARTESIAN_POINT('',(0.16,5.9,0.300000000000001));
#7037=CARTESIAN_POINT('',(0.16,5.9,0.300000000000001));
#7038=CARTESIAN_POINT('',(0.16,0.,0.));
#7039=CARTESIAN_POINT('',(-0.16,5.9,0.300000000000001));
#7040=CARTESIAN_POINT('',(-0.16,5.9,0.300000000000001));
#7041=CARTESIAN_POINT('',(-0.16,6.2,0.300000000000001));
#7042=CARTESIAN_POINT('',(-0.16,6.2,0.300000000000001));
#7043=CARTESIAN_POINT('',(-0.16,6.2,7.21644966006352E-16));
#7044=CARTESIAN_POINT('',(-0.16,6.2,7.31836466427715E-16));
#7045=CARTESIAN_POINT('',(-0.16,6.,-0.199999999999999));
#7046=CARTESIAN_POINT('',(-0.16,6.,-0.199999999999999));
#7047=CARTESIAN_POINT('',(-0.16,5.6,-0.199999999999999));
#7048=CARTESIAN_POINT('',(-0.16,5.6,-0.199999999999999));
#7049=CARTESIAN_POINT('',(-0.16,5.4,7.7715611723761E-16));
#7050=CARTESIAN_POINT('',(-0.16,5.4,7.58941520739853E-16));
#7051=CARTESIAN_POINT('',(-0.16,5.4,0.600000000000001));
#7052=CARTESIAN_POINT('',(-0.16,0.,0.));
#7053=CARTESIAN_POINT('',(0.16,5.4,7.58941520739853E-16));
#7054=CARTESIAN_POINT('',(0.16,5.4,0.600000000000001));
#7055=CARTESIAN_POINT('',(0.16,5.6,-0.199999999999999));
#7056=CARTESIAN_POINT('',(0.16,5.4,7.7715611723761E-16));
#7057=CARTESIAN_POINT('',(0.16,6.,-0.199999999999999));
#7058=CARTESIAN_POINT('',(0.16,5.6,-0.199999999999999));
#7059=CARTESIAN_POINT('',(0.16,6.2,7.31836466427715E-16));
#7060=CARTESIAN_POINT('',(0.16,6.,-0.199999999999999));
#7061=CARTESIAN_POINT('',(0.16,6.2,0.300000000000001));
#7062=CARTESIAN_POINT('',(0.16,6.2,7.21644966006352E-16));
#7063=CARTESIAN_POINT('',(0.16,5.9,0.300000000000001));
#7064=CARTESIAN_POINT('',(0.16,6.2,0.300000000000001));
#7065=CARTESIAN_POINT('',(0.16,5.9,0.300000000000001));
#7066=CARTESIAN_POINT('',(1.41,5.1,0.600000000000001));
#7067=CARTESIAN_POINT('',(1.41,5.4,0.600000000000001));
#7068=CARTESIAN_POINT('',(1.09,5.1,0.600000000000001));
#7069=CARTESIAN_POINT('',(1.09,5.4,0.600000000000001));
#7070=CARTESIAN_POINT('',(1.41,5.4,0.600000000000001));
#7071=CARTESIAN_POINT('',(1.41,5.1,0.600000000000001));
#7072=CARTESIAN_POINT('',(1.09,5.9,1.175));
#7073=CARTESIAN_POINT('',(1.09,5.9,1.175));
#7074=CARTESIAN_POINT('',(1.41,5.9,1.175));
#7075=CARTESIAN_POINT('',(1.41,5.9,1.175));
#7076=CARTESIAN_POINT('',(1.41,5.9,1.175));
#7077=CARTESIAN_POINT('',(1.41,5.9,1.175));
#7078=CARTESIAN_POINT('',(1.41,5.4,0.600000000000001));
#7079=CARTESIAN_POINT('',(1.41,5.4,7.58941520739853E-16));
#7080=CARTESIAN_POINT('',(1.41,5.4,7.7715611723761E-16));
#7081=CARTESIAN_POINT('',(1.41,5.6,-0.199999999999999));
#7082=CARTESIAN_POINT('',(1.41,5.6,-0.199999999999999));
#7083=CARTESIAN_POINT('',(1.41,6.,-0.199999999999999));
#7084=CARTESIAN_POINT('',(1.41,6.,-0.199999999999999));
#7085=CARTESIAN_POINT('',(1.41,6.2,7.31836466427715E-16));
#7086=CARTESIAN_POINT('',(1.41,6.2,7.21644966006352E-16));
#7087=CARTESIAN_POINT('',(1.41,6.2,0.300000000000001));
#7088=CARTESIAN_POINT('',(1.41,6.2,0.300000000000001));
#7089=CARTESIAN_POINT('',(1.41,5.9,0.300000000000001));
#7090=CARTESIAN_POINT('',(1.41,5.9,0.300000000000001));
#7091=CARTESIAN_POINT('',(1.41,0.,0.));
#7092=CARTESIAN_POINT('',(1.09,5.9,0.300000000000001));
#7093=CARTESIAN_POINT('',(1.09,5.9,0.300000000000001));
#7094=CARTESIAN_POINT('',(1.09,6.2,0.300000000000001));
#7095=CARTESIAN_POINT('',(1.09,6.2,0.300000000000001));
#7096=CARTESIAN_POINT('',(1.09,6.2,7.21644966006352E-16));
#7097=CARTESIAN_POINT('',(1.09,6.2,7.31836466427715E-16));
#7098=CARTESIAN_POINT('',(1.09,6.,-0.199999999999999));
#7099=CARTESIAN_POINT('',(1.09,6.,-0.199999999999999));
#7100=CARTESIAN_POINT('',(1.09,5.6,-0.199999999999999));
#7101=CARTESIAN_POINT('',(1.09,5.6,-0.199999999999999));
#7102=CARTESIAN_POINT('',(1.09,5.4,7.7715611723761E-16));
#7103=CARTESIAN_POINT('',(1.09,5.4,7.58941520739853E-16));
#7104=CARTESIAN_POINT('',(1.09,5.4,0.600000000000001));
#7105=CARTESIAN_POINT('',(1.09,0.,0.));
#7106=CARTESIAN_POINT('',(1.41,5.4,7.58941520739853E-16));
#7107=CARTESIAN_POINT('',(1.41,5.4,0.600000000000001));
#7108=CARTESIAN_POINT('',(1.41,5.6,-0.199999999999999));
#7109=CARTESIAN_POINT('',(1.41,5.4,7.7715611723761E-16));
#7110=CARTESIAN_POINT('',(1.41,6.,-0.199999999999999));
#7111=CARTESIAN_POINT('',(1.41,5.6,-0.199999999999999));
#7112=CARTESIAN_POINT('',(1.41,6.2,7.31836466427715E-16));
#7113=CARTESIAN_POINT('',(1.41,6.,-0.199999999999999));
#7114=CARTESIAN_POINT('',(1.41,6.2,0.300000000000001));
#7115=CARTESIAN_POINT('',(1.41,6.2,7.21644966006352E-16));
#7116=CARTESIAN_POINT('',(1.41,5.9,0.300000000000001));
#7117=CARTESIAN_POINT('',(1.41,6.2,0.300000000000001));
#7118=CARTESIAN_POINT('',(1.41,5.9,0.300000000000001));
#7119=CARTESIAN_POINT('',(2.66,5.1,0.600000000000001));
#7120=CARTESIAN_POINT('',(2.66,5.4,0.600000000000001));
#7121=CARTESIAN_POINT('',(2.34,5.1,0.600000000000001));
#7122=CARTESIAN_POINT('',(2.34,5.4,0.600000000000001));
#7123=CARTESIAN_POINT('',(2.66,5.4,0.600000000000001));
#7124=CARTESIAN_POINT('',(2.66,5.1,0.600000000000001));
#7125=CARTESIAN_POINT('',(2.34,5.9,1.175));
#7126=CARTESIAN_POINT('',(2.34,5.9,1.175));
#7127=CARTESIAN_POINT('',(2.66,5.9,1.175));
#7128=CARTESIAN_POINT('',(2.66,5.9,1.175));
#7129=CARTESIAN_POINT('',(2.66,5.9,1.175));
#7130=CARTESIAN_POINT('',(2.66,5.9,1.175));
#7131=CARTESIAN_POINT('',(2.66,5.4,0.600000000000001));
#7132=CARTESIAN_POINT('',(2.66,5.4,7.58941520739853E-16));
#7133=CARTESIAN_POINT('',(2.66,5.4,7.7715611723761E-16));
#7134=CARTESIAN_POINT('',(2.66,5.6,-0.199999999999999));
#7135=CARTESIAN_POINT('',(2.66,5.6,-0.199999999999999));
#7136=CARTESIAN_POINT('',(2.66,6.,-0.199999999999999));
#7137=CARTESIAN_POINT('',(2.66,6.,-0.199999999999999));
#7138=CARTESIAN_POINT('',(2.66,6.2,7.31836466427715E-16));
#7139=CARTESIAN_POINT('',(2.66,6.2,7.21644966006352E-16));
#7140=CARTESIAN_POINT('',(2.66,6.2,0.300000000000001));
#7141=CARTESIAN_POINT('',(2.66,6.2,0.300000000000001));
#7142=CARTESIAN_POINT('',(2.66,5.9,0.300000000000001));
#7143=CARTESIAN_POINT('',(2.66,5.9,0.300000000000001));
#7144=CARTESIAN_POINT('',(2.66,0.,0.));
#7145=CARTESIAN_POINT('',(2.34,5.9,0.300000000000001));
#7146=CARTESIAN_POINT('',(2.34,5.9,0.300000000000001));
#7147=CARTESIAN_POINT('',(2.34,6.2,0.300000000000001));
#7148=CARTESIAN_POINT('',(2.34,6.2,0.300000000000001));
#7149=CARTESIAN_POINT('',(2.34,6.2,7.21644966006352E-16));
#7150=CARTESIAN_POINT('',(2.34,6.2,7.31836466427715E-16));
#7151=CARTESIAN_POINT('',(2.34,6.,-0.199999999999999));
#7152=CARTESIAN_POINT('',(2.34,6.,-0.199999999999999));
#7153=CARTESIAN_POINT('',(2.34,5.6,-0.199999999999999));
#7154=CARTESIAN_POINT('',(2.34,5.6,-0.199999999999999));
#7155=CARTESIAN_POINT('',(2.34,5.4,7.7715611723761E-16));
#7156=CARTESIAN_POINT('',(2.34,5.4,7.58941520739853E-16));
#7157=CARTESIAN_POINT('',(2.34,5.4,0.600000000000001));
#7158=CARTESIAN_POINT('',(2.34,0.,0.));
#7159=CARTESIAN_POINT('',(2.66,5.4,7.58941520739853E-16));
#7160=CARTESIAN_POINT('',(2.66,5.4,0.600000000000001));
#7161=CARTESIAN_POINT('',(2.66,5.6,-0.199999999999999));
#7162=CARTESIAN_POINT('',(2.66,5.4,7.7715611723761E-16));
#7163=CARTESIAN_POINT('',(2.66,6.,-0.199999999999999));
#7164=CARTESIAN_POINT('',(2.66,5.6,-0.199999999999999));
#7165=CARTESIAN_POINT('',(2.66,6.2,7.31836466427715E-16));
#7166=CARTESIAN_POINT('',(2.66,6.,-0.199999999999999));
#7167=CARTESIAN_POINT('',(2.66,6.2,0.300000000000001));
#7168=CARTESIAN_POINT('',(2.66,6.2,7.21644966006352E-16));
#7169=CARTESIAN_POINT('',(2.66,5.9,0.300000000000001));
#7170=CARTESIAN_POINT('',(2.66,6.2,0.300000000000001));
#7171=CARTESIAN_POINT('',(2.66,5.9,0.300000000000001));
#7172=MECHANICAL_DESIGN_GEOMETRIC_PRESENTATION_REPRESENTATION('',(#24),
#7173);
#7173=(
GEOMETRIC_REPRESENTATION_CONTEXT(3)
GLOBAL_UNCERTAINTY_ASSIGNED_CONTEXT((#7174))
GLOBAL_UNIT_ASSIGNED_CONTEXT((#7180,#7176,#7175))
REPRESENTATION_CONTEXT('532610771wbm000_03_214',
'TOP_LEVEL_ASSEMBLY_PART')
);
#7174=UNCERTAINTY_MEASURE_WITH_UNIT(LENGTH_MEASURE(2.E-5),#7180,
'DISTANCE_ACCURACY_VALUE','Maximum Tolerance applied to model');
#7175=(
NAMED_UNIT(*)
SI_UNIT($,.STERADIAN.)
SOLID_ANGLE_UNIT()
);
#7176=(
CONVERSION_BASED_UNIT('DEGREE',#7178)
NAMED_UNIT(#7177)
PLANE_ANGLE_UNIT()
);
#7177=DIMENSIONAL_EXPONENTS(0.,0.,0.,0.,0.,0.,0.);
#7178=PLANE_ANGLE_MEASURE_WITH_UNIT(PLANE_ANGLE_MEASURE(0.0174532925),#7179);
#7179=(
NAMED_UNIT(*)
PLANE_ANGLE_UNIT()
SI_UNIT($,.RADIAN.)
);
#7180=(
LENGTH_UNIT()
NAMED_UNIT(*)
SI_UNIT(.MILLI.,.METRE.)
);
ENDSEC;
END-ISO-10303-21;
